{
    "sources": [
        {
            "type": "single",
            "resource": "minecraft:customitem/item_1"
        },
        {
            "type": "single",
            "resource": "minecraft:customitem/item_2"
        },
        {
            "type": "single",
            "resource": "minecraft:customitem/item_3"
        },
        {
            "type": "single",
            "resource": "minecraft:customitem/item_4"
        },
        {
            "type": "single",
            "resource": "minecraft:customitem/item_5"
        },
        {
            "type": "single",
            "resource": "minecraft:customitem/item_6"
        },
        {
            "type": "single",
            "resource": "minecraft:customitem/item_7"
        },
        {
            "type": "single",
            "resource": "minecraft:customitem/item_8"
        },
        {
            "type": "single",
            "resource": "minecraft:customitem/item_9"
        }
    ]
}