{
"__comment": "Designed by Flashtt with BDcraft Cubik PRO 0.96 Beta - http://bdcraft.net",
"textures": {
    "prismarine_rough": "blocks/prismarine_rough",
    "sea_lantern": "blocks/sea_lantern",
    "water_still": "blocks/water_still",
    "glowstone": "blocks/glowstone",
    "fire_layer_0": "blocks/fire_layer_0",
    "cobblestone_mossy": "blocks/cobblestone_mossy",
    "log_oak": "blocks/log_oak",
    "log_oak_top": "blocks/log_oak_top",
    "leaves_big_oakII": "items/leaves_big_oakII",
    "fernII": "items/fernII",
    "emerald": "items/emerald",
    "wool_colored_brown": "blocks/wool_colored_brown"
},
"elements": [ 
{
    "from": [ 7.3125, 9.5, 6.1875 ],
    "to": [ 7.40625, 14.75, 6.28125 ],
    "faces": {
        "down":  { "uv": [ 0, 0, 16, 16 ], "texture": "#glowstone" },
        "up":    { "uv": [ 0, 0, 16, 16 ], "texture": "#glowstone" },
        "north": { "uv": [ 0, 0, 16, 16 ], "texture": "#glowstone" },
        "south": { "uv": [ 0, 0, 16, 16 ], "texture": "#glowstone" },
        "west":  { "uv": [ 0, 0, 16, 16 ], "texture": "#glowstone" },
        "east":  { "uv": [ 0, 0, 16, 16 ], "texture": "#glowstone" }
    }
},
{
    "from": [ 7.28125, 1.15625, 6.28125 ],
    "to": [ 7.6875, 9.6875, 6.6875 ],
    "faces": {
        "down":  { "uv": [ 0, 0, 16, 16 ], "texture": "#log_oak" },
        "up":    { "uv": [ 0, 0, 16, 16 ], "texture": "#log_oak" },
        "north": { "uv": [ 0, 0, 16, 16 ], "texture": "#log_oak" },
        "south": { "uv": [ 0, 0, 16, 16 ], "texture": "#log_oak" },
        "west":  { "uv": [ 0, 0, 16, 16 ], "texture": "#log_oak" },
        "east":  { "uv": [ 0, 0, 16, 16 ], "texture": "#log_oak" }
    }
},
{
    "from": [ 7.5, 17.25, 5.125 ],
    "to": [ 7.5625, 21.5, 7.75 ],
    "faces": {
        "west":  { "uv": [ 0, 0, 16, 16 ], "texture": "#fire_layer_0" },
        "east":  { "uv": [ 0, 0, 16, 16 ], "texture": "#fire_layer_0" }
    }
},
{
    "from": [ 5.875, 17.25, 6.375 ],
    "to": [ 9.125, 21.5, 6.4375 ],
    "faces": {
        "north": { "uv": [ 0, 0, 16, 16 ], "texture": "#fire_layer_0" },
        "south": { "uv": [ 0, 0, 16, 16 ], "texture": "#fire_layer_0" }
    }
},
{
    "__comment": "001",
    "from": [ 7, 15.5, 5.75 ],
    "to": [ 7.375, 16, 6.125 ],
    "rotation": { "origin": [ 7, 15.5, 5.75 ], "axis": "y", "angle": -45 },
    "faces": {
        "down":  { "uv": [ 3, -1, 4.5, 0.5 ], "texture": "#glowstone" },
        "up":    { "uv": [ 3, 0, 4.5, 1.5 ], "texture": "#glowstone" },
        "north": { "uv": [ 3, 0, 4.5, 2 ], "texture": "#glowstone" },
        "south": { "uv": [ 3, 0, 4.5, 2 ], "texture": "#glowstone" },
        "west":  { "uv": [ 0, 0, 1.5, 2 ], "texture": "#glowstone" },
        "east":  { "uv": [ 0, 0, 1.5, 2 ], "texture": "#glowstone" }
    }
},
{
    "__comment": "001",
    "from": [ 6.625, 15.875, 5.75 ],
    "to": [ 7, 16.375, 6.125 ],
    "rotation": { "origin": [ 6.625, 15.875, 5.75 ], "axis": "y", "angle": -45 },
    "faces": {
        "down":  { "uv": [ 3, -1, 4.5, 0.5 ], "texture": "#glowstone" },
        "up":    { "uv": [ 3, 0, 4.5, 1.5 ], "texture": "#glowstone" },
        "north": { "uv": [ 3, 0, 4.5, 2 ], "texture": "#glowstone" },
        "south": { "uv": [ 3, 0, 4.5, 2 ], "texture": "#glowstone" },
        "west":  { "uv": [ 0, 0, 1.5, 2 ], "texture": "#glowstone" },
        "east":  { "uv": [ 0, 0, 1.5, 2 ], "texture": "#glowstone" }
    }
},
{
    "__comment": "001",
    "from": [ 6.375, 16.125, 5.75 ],
    "to": [ 6.75, 16.625, 6.125 ],
    "rotation": { "origin": [ 6.375, 16.125, 5.75 ], "axis": "y", "angle": -45 },
    "faces": {
        "down":  { "uv": [ 3, -1, 4.5, 0.5 ], "texture": "#glowstone" },
        "up":    { "uv": [ 3, 0, 4.5, 1.5 ], "texture": "#glowstone" },
        "north": { "uv": [ 3, 0, 4.5, 2 ], "texture": "#glowstone" },
        "south": { "uv": [ 3, 0, 4.5, 2 ], "texture": "#glowstone" },
        "west":  { "uv": [ 0, 0, 1.5, 2 ], "texture": "#glowstone" },
        "east":  { "uv": [ 0, 0, 1.5, 2 ], "texture": "#glowstone" }
    }
},
{
    "__comment": "001",
    "from": [ 6.125, 16.5, 5.75 ],
    "to": [ 6.5, 17, 6.125 ],
    "rotation": { "origin": [ 6.125, 16.5, 5.75 ], "axis": "y", "angle": -45 },
    "faces": {
        "down":  { "uv": [ 3, -1, 4.5, 0.5 ], "texture": "#glowstone" },
        "up":    { "uv": [ 3, 0, 4.5, 1.5 ], "texture": "#glowstone" },
        "north": { "uv": [ 3, 0, 4.5, 2 ], "texture": "#glowstone" },
        "south": { "uv": [ 3, 0, 4.5, 2 ], "texture": "#glowstone" },
        "west":  { "uv": [ 0, 0, 1.5, 2 ], "texture": "#glowstone" },
        "east":  { "uv": [ 0, 0, 1.5, 2 ], "texture": "#glowstone" }
    }
},
{
    "__comment": "001",
    "from": [ 5.875, 16.75, 5.75 ],
    "to": [ 6.25, 17.25, 6.125 ],
    "rotation": { "origin": [ 5.875, 16.75, 5.75 ], "axis": "y", "angle": -45 },
    "faces": {
        "down":  { "uv": [ 3, -1, 4.5, 0.5 ], "texture": "#glowstone" },
        "up":    { "uv": [ 3, 0, 4.5, 1.5 ], "texture": "#glowstone" },
        "north": { "uv": [ 3, 0, 4.5, 2 ], "texture": "#glowstone" },
        "south": { "uv": [ 3, 0, 4.5, 2 ], "texture": "#glowstone" },
        "west":  { "uv": [ 0, 0, 1.5, 2 ], "texture": "#glowstone" },
        "east":  { "uv": [ 0, 0, 1.5, 2 ], "texture": "#glowstone" }
    }
},
{
    "__comment": "001",
    "from": [ 5.625, 17, 5.75 ],
    "to": [ 6, 17.5, 6.125 ],
    "rotation": { "origin": [ 5.625, 17, 5.75 ], "axis": "y", "angle": -45 },
    "faces": {
        "down":  { "uv": [ 3, -1, 4.5, 0.5 ], "texture": "#glowstone" },
        "up":    { "uv": [ 3, 0, 4.5, 1.5 ], "texture": "#glowstone" },
        "north": { "uv": [ 3, 0, 4.5, 2 ], "texture": "#glowstone" },
        "south": { "uv": [ 3, 0, 4.5, 2 ], "texture": "#glowstone" },
        "west":  { "uv": [ 0, 0, 1.5, 2 ], "texture": "#glowstone" },
        "east":  { "uv": [ 0, 0, 1.5, 2 ], "texture": "#glowstone" }
    }
},
{
    "__comment": "001",
    "from": [ 5.5, 17.25, 5.75 ],
    "to": [ 5.875, 17.75, 6.125 ],
    "rotation": { "origin": [ 5.5, 17.25, 5.75 ], "axis": "y", "angle": -45 },
    "faces": {
        "down":  { "uv": [ 3, -1, 4.5, 0.5 ], "texture": "#glowstone" },
        "up":    { "uv": [ 3, 0, 4.5, 1.5 ], "texture": "#glowstone" },
        "north": { "uv": [ 3, 0, 4.5, 2 ], "texture": "#glowstone" },
        "south": { "uv": [ 3, 0, 4.5, 2 ], "texture": "#glowstone" },
        "west":  { "uv": [ 0, 0, 1.5, 2 ], "texture": "#glowstone" },
        "east":  { "uv": [ 0, 0, 1.5, 2 ], "texture": "#glowstone" }
    }
},
{
    "__comment": "001",
    "from": [ 5.375, 17.5, 5.75 ],
    "to": [ 5.75, 18, 6.125 ],
    "rotation": { "origin": [ 5.375, 17.5, 5.75 ], "axis": "y", "angle": -45 },
    "faces": {
        "down":  { "uv": [ 3, -1, 4.5, 0.5 ], "texture": "#glowstone" },
        "up":    { "uv": [ 3, 0, 4.5, 1.5 ], "texture": "#glowstone" },
        "north": { "uv": [ 3, 0, 4.5, 2 ], "texture": "#glowstone" },
        "south": { "uv": [ 3, 0, 4.5, 2 ], "texture": "#glowstone" },
        "west":  { "uv": [ 0, 0, 1.5, 2 ], "texture": "#glowstone" },
        "east":  { "uv": [ 0, 0, 1.5, 2 ], "texture": "#glowstone" }
    }
},
{
    "__comment": "001",
    "from": [ 5.25, 17.75, 5.75 ],
    "to": [ 5.625, 18.25, 6.125 ],
    "rotation": { "origin": [ 5.25, 17.75, 5.75 ], "axis": "y", "angle": -45 },
    "faces": {
        "down":  { "uv": [ 3, -1, 4.5, 0.5 ], "texture": "#glowstone" },
        "up":    { "uv": [ 3, 0, 4.5, 1.5 ], "texture": "#glowstone" },
        "north": { "uv": [ 3, 0, 4.5, 2 ], "texture": "#glowstone" },
        "south": { "uv": [ 3, 0, 4.5, 2 ], "texture": "#glowstone" },
        "west":  { "uv": [ 0, 0, 1.5, 2 ], "texture": "#glowstone" },
        "east":  { "uv": [ 0, 0, 1.5, 2 ], "texture": "#glowstone" }
    }
},
{
    "__comment": "001",
    "from": [ 5.125, 18, 5.75 ],
    "to": [ 5.5, 18.5, 6.125 ],
    "rotation": { "origin": [ 5.125, 18, 5.75 ], "axis": "y", "angle": -45 },
    "faces": {
        "down":  { "uv": [ 3, -1, 4.5, 0.5 ], "texture": "#glowstone" },
        "up":    { "uv": [ 3, 0, 4.5, 1.5 ], "texture": "#glowstone" },
        "north": { "uv": [ 3, 0, 4.5, 2 ], "texture": "#glowstone" },
        "south": { "uv": [ 3, 0, 4.5, 2 ], "texture": "#glowstone" },
        "west":  { "uv": [ 0, 0, 1.5, 2 ], "texture": "#glowstone" },
        "east":  { "uv": [ 0, 0, 1.5, 2 ], "texture": "#glowstone" }
    }
},
{
    "__comment": "001",
    "from": [ 5, 18.375, 5.75 ],
    "to": [ 5.375, 18.875, 6.125 ],
    "rotation": { "origin": [ 5, 18.375, 5.75 ], "axis": "y", "angle": -45 },
    "faces": {
        "down":  { "uv": [ 3, -1, 4.5, 0.5 ], "texture": "#glowstone" },
        "up":    { "uv": [ 3, 0, 4.5, 1.5 ], "texture": "#glowstone" },
        "north": { "uv": [ 3, 0, 4.5, 2 ], "texture": "#glowstone" },
        "south": { "uv": [ 3, 0, 4.5, 2 ], "texture": "#glowstone" },
        "west":  { "uv": [ 0, 0, 1.5, 2 ], "texture": "#glowstone" },
        "east":  { "uv": [ 0, 0, 1.5, 2 ], "texture": "#glowstone" }
    }
},
{
    "__comment": "001",
    "from": [ 5.125, 18.75, 5.75 ],
    "to": [ 5.5, 19.25, 6.125 ],
    "rotation": { "origin": [ 5.125, 18.75, 5.75 ], "axis": "y", "angle": -45 },
    "faces": {
        "down":  { "uv": [ 3, -1, 4.5, 0.5 ], "texture": "#glowstone" },
        "up":    { "uv": [ 3, 0, 4.5, 1.5 ], "texture": "#glowstone" },
        "north": { "uv": [ 3, 0, 4.5, 2 ], "texture": "#glowstone" },
        "south": { "uv": [ 3, 0, 4.5, 2 ], "texture": "#glowstone" },
        "west":  { "uv": [ 0, 0, 1.5, 2 ], "texture": "#glowstone" },
        "east":  { "uv": [ 0, 0, 1.5, 2 ], "texture": "#glowstone" }
    }
},
{
    "__comment": "001",
    "from": [ 6.5, 15.125, 5.75 ],
    "to": [ 6.875, 15.625, 6.125 ],
    "rotation": { "origin": [ 6.5, 15.125, 5.75 ], "axis": "y", "angle": -45 },
    "faces": {
        "down":  { "uv": [ 3, -1, 4.5, 0.5 ], "texture": "#glowstone" },
        "up":    { "uv": [ 3, 0, 4.5, 1.5 ], "texture": "#glowstone" },
        "north": { "uv": [ 3, 0, 4.5, 2 ], "texture": "#glowstone" },
        "south": { "uv": [ 3, 0, 4.5, 2 ], "texture": "#glowstone" },
        "west":  { "uv": [ 0, 0, 1.5, 2 ], "texture": "#glowstone" },
        "east":  { "uv": [ 0, 0, 1.5, 2 ], "texture": "#glowstone" }
    }
},
{
    "__comment": "001",
    "from": [ 6.25, 14.75, 5.75 ],
    "to": [ 6.625, 15.25, 6.125 ],
    "rotation": { "origin": [ 6.25, 14.75, 5.75 ], "axis": "y", "angle": -45 },
    "faces": {
        "down":  { "uv": [ 3, -1, 4.5, 0.5 ], "texture": "#glowstone" },
        "up":    { "uv": [ 3, 0, 4.5, 1.5 ], "texture": "#glowstone" },
        "north": { "uv": [ 3, 0, 4.5, 2 ], "texture": "#glowstone" },
        "south": { "uv": [ 3, 0, 4.5, 2 ], "texture": "#glowstone" },
        "west":  { "uv": [ 0, 0, 1.5, 2 ], "texture": "#glowstone" },
        "east":  { "uv": [ 0, 0, 1.5, 2 ], "texture": "#glowstone" }
    }
},
{
    "__comment": "001",
    "from": [ 6, 14.5, 5.75 ],
    "to": [ 6.375, 15, 6.125 ],
    "rotation": { "origin": [ 6, 14.5, 5.75 ], "axis": "y", "angle": -45 },
    "faces": {
        "down":  { "uv": [ 3, -1, 4.5, 0.5 ], "texture": "#glowstone" },
        "up":    { "uv": [ 3, 0, 4.5, 1.5 ], "texture": "#glowstone" },
        "north": { "uv": [ 3, 0, 4.5, 2 ], "texture": "#glowstone" },
        "south": { "uv": [ 3, 0, 4.5, 2 ], "texture": "#glowstone" },
        "west":  { "uv": [ 0, 0, 1.5, 2 ], "texture": "#glowstone" },
        "east":  { "uv": [ 0, 0, 1.5, 2 ], "texture": "#glowstone" }
    }
},
{
    "__comment": "001",
    "from": [ 5.75, 14.25, 5.75 ],
    "to": [ 6.125, 14.75, 6.125 ],
    "rotation": { "origin": [ 5.75, 14.25, 5.75 ], "axis": "y", "angle": -45 },
    "faces": {
        "down":  { "uv": [ 3, -1, 4.5, 0.5 ], "texture": "#glowstone" },
        "up":    { "uv": [ 3, 0, 4.5, 1.5 ], "texture": "#glowstone" },
        "north": { "uv": [ 3, 0, 4.5, 2 ], "texture": "#glowstone" },
        "south": { "uv": [ 3, 0, 4.5, 2 ], "texture": "#glowstone" },
        "west":  { "uv": [ 0, 0, 1.5, 2 ], "texture": "#glowstone" },
        "east":  { "uv": [ 0, 0, 1.5, 2 ], "texture": "#glowstone" }
    }
},
{
    "__comment": "001",
    "from": [ 6.5, 15.125, 6.125 ],
    "to": [ 6.875, 15.625, 6.5 ],
    "rotation": { "origin": [ 6.5, 15.125, 6.125 ], "axis": "y", "angle": -45 },
    "faces": {
        "down":  { "uv": [ 3, -1, 4.5, 0.5 ], "texture": "#glowstone" },
        "up":    { "uv": [ 3, 0, 4.5, 1.5 ], "texture": "#glowstone" },
        "north": { "uv": [ 3, 0, 4.5, 2 ], "texture": "#glowstone" },
        "south": { "uv": [ 3, 0, 4.5, 2 ], "texture": "#glowstone" },
        "west":  { "uv": [ 0, 0, 1.5, 2 ], "texture": "#glowstone" },
        "east":  { "uv": [ 0, 0, 1.5, 2 ], "texture": "#glowstone" }
    }
},
{
    "__comment": "001",
    "from": [ 6.25, 15.125, 6.375 ],
    "to": [ 6.625, 15.625, 6.75 ],
    "rotation": { "origin": [ 6.25, 15.125, 6.375 ], "axis": "y", "angle": -45 },
    "faces": {
        "down":  { "uv": [ 3, -1, 4.5, 0.5 ], "texture": "#glowstone" },
        "up":    { "uv": [ 3, 0, 4.5, 1.5 ], "texture": "#glowstone" },
        "north": { "uv": [ 3, 0, 4.5, 2 ], "texture": "#glowstone" },
        "south": { "uv": [ 3, 0, 4.5, 2 ], "texture": "#glowstone" },
        "west":  { "uv": [ 0, 0, 1.5, 2 ], "texture": "#glowstone" },
        "east":  { "uv": [ 0, 0, 1.5, 2 ], "texture": "#glowstone" }
    }
},
{
    "__comment": "001",
    "from": [ 6.125, 15.125, 6.75 ],
    "to": [ 6.5, 15.625, 7.125 ],
    "rotation": { "origin": [ 6.125, 15.125, 6.75 ], "axis": "y", "angle": -45 },
    "faces": {
        "down":  { "uv": [ 3, -1, 4.5, 0.5 ], "texture": "#glowstone" },
        "up":    { "uv": [ 3, 0, 4.5, 1.5 ], "texture": "#glowstone" },
        "north": { "uv": [ 3, 0, 4.5, 2 ], "texture": "#glowstone" },
        "south": { "uv": [ 3, 0, 4.5, 2 ], "texture": "#glowstone" },
        "west":  { "uv": [ 0, 0, 1.5, 2 ], "texture": "#glowstone" },
        "east":  { "uv": [ 0, 0, 1.5, 2 ], "texture": "#glowstone" }
    }
},
{
    "__comment": "001",
    "from": [ 6.25, 15.125, 7 ],
    "to": [ 6.625, 15.625, 7.375 ],
    "rotation": { "origin": [ 6.25, 15.125, 7 ], "axis": "y", "angle": -45 },
    "faces": {
        "down":  { "uv": [ 3, -1, 4.5, 0.5 ], "texture": "#glowstone" },
        "up":    { "uv": [ 3, 0, 4.5, 1.5 ], "texture": "#glowstone" },
        "north": { "uv": [ 3, 0, 4.5, 2 ], "texture": "#glowstone" },
        "south": { "uv": [ 3, 0, 4.5, 2 ], "texture": "#glowstone" },
        "west":  { "uv": [ 0, 0, 1.5, 2 ], "texture": "#glowstone" },
        "east":  { "uv": [ 0, 0, 1.5, 2 ], "texture": "#glowstone" }
    }
},
{
    "__comment": "001",
    "from": [ 6.5, 15.125, 7.25 ],
    "to": [ 6.875, 15.625, 7.625 ],
    "rotation": { "origin": [ 6.5, 15.125, 7.25 ], "axis": "y", "angle": -45 },
    "faces": {
        "down":  { "uv": [ 3, -1, 4.5, 0.5 ], "texture": "#glowstone" },
        "up":    { "uv": [ 3, 0, 4.5, 1.5 ], "texture": "#glowstone" },
        "north": { "uv": [ 3, 0, 4.5, 2 ], "texture": "#glowstone" },
        "south": { "uv": [ 3, 0, 4.5, 2 ], "texture": "#glowstone" },
        "west":  { "uv": [ 0, 0, 1.5, 2 ], "texture": "#glowstone" },
        "east":  { "uv": [ 0, 0, 1.5, 2 ], "texture": "#glowstone" }
    }
},
{
    "__comment": "001",
    "from": [ 6.625, 15.125, 7.375 ],
    "to": [ 7, 15.625, 7.75 ],
    "rotation": { "origin": [ 6.625, 15.125, 7.375 ], "axis": "y", "angle": -45 },
    "faces": {
        "down":  { "uv": [ 3, -1, 4.5, 0.5 ], "texture": "#glowstone" },
        "up":    { "uv": [ 3, 0, 4.5, 1.5 ], "texture": "#glowstone" },
        "north": { "uv": [ 3, 0, 4.5, 2 ], "texture": "#glowstone" },
        "south": { "uv": [ 3, 0, 4.5, 2 ], "texture": "#glowstone" },
        "west":  { "uv": [ 0, 0, 1.5, 2 ], "texture": "#glowstone" },
        "east":  { "uv": [ 0, 0, 1.5, 2 ], "texture": "#glowstone" }
    }
},
{
    "__comment": "001",
    "from": [ 6.875, 15.125, 7.5 ],
    "to": [ 7.25, 15.625, 7.875 ],
    "rotation": { "origin": [ 6.875, 15.125, 7.5 ], "axis": "y", "angle": -45 },
    "faces": {
        "down":  { "uv": [ 3, -1, 4.5, 0.5 ], "texture": "#glowstone" },
        "up":    { "uv": [ 3, 0, 4.5, 1.5 ], "texture": "#glowstone" },
        "north": { "uv": [ 3, 0, 4.5, 2 ], "texture": "#glowstone" },
        "south": { "uv": [ 3, 0, 4.5, 2 ], "texture": "#glowstone" },
        "west":  { "uv": [ 0, 0, 1.5, 2 ], "texture": "#glowstone" },
        "east":  { "uv": [ 0, 0, 1.5, 2 ], "texture": "#glowstone" }
    }
},
{
    "__comment": "001",
    "from": [ 7.125, 15.125, 7.5 ],
    "to": [ 7.5, 15.625, 7.875 ],
    "rotation": { "origin": [ 7.125, 15.125, 7.5 ], "axis": "y", "angle": -45 },
    "faces": {
        "down":  { "uv": [ 3, -1, 4.5, 0.5 ], "texture": "#glowstone" },
        "up":    { "uv": [ 3, 0, 4.5, 1.5 ], "texture": "#glowstone" },
        "north": { "uv": [ 3, 0, 4.5, 2 ], "texture": "#glowstone" },
        "south": { "uv": [ 3, 0, 4.5, 2 ], "texture": "#glowstone" },
        "west":  { "uv": [ 0, 0, 1.5, 2 ], "texture": "#glowstone" },
        "east":  { "uv": [ 0, 0, 1.5, 2 ], "texture": "#glowstone" }
    }
},
{
    "__comment": "001*",
    "from": [ 7.875, 15.5, 7.125 ],
    "to": [ 8.25, 16, 7.5 ],
    "rotation": { "origin": [ 7.875, 15.5, 7.125 ], "axis": "y", "angle": -45 },
    "faces": {
        "down":  { "uv": [ 3, -1, 4.5, 0.5 ], "rotation": 180, "texture": "#glowstone" },
        "up":    { "uv": [ 3, 0, 4.5, 1.5 ], "rotation": 180, "texture": "#glowstone" },
        "north": { "uv": [ 3, 0, 4.5, 2 ], "texture": "#glowstone" },
        "south": { "uv": [ 3, 0, 4.5, 2 ], "texture": "#glowstone" },
        "west":  { "uv": [ 0, 0, 1.5, 2 ], "texture": "#glowstone" },
        "east":  { "uv": [ 0, 0, 1.5, 2 ], "texture": "#glowstone" }
    }
},
{
    "__comment": "001*",
    "from": [ 8.25, 15.875, 7.125 ],
    "to": [ 8.625, 16.375, 7.5 ],
    "rotation": { "origin": [ 8.25, 15.875, 7.125 ], "axis": "y", "angle": -45 },
    "faces": {
        "down":  { "uv": [ 3, -1, 4.5, 0.5 ], "rotation": 180, "texture": "#glowstone" },
        "up":    { "uv": [ 3, 0, 4.5, 1.5 ], "rotation": 180, "texture": "#glowstone" },
        "north": { "uv": [ 3, 0, 4.5, 2 ], "texture": "#glowstone" },
        "south": { "uv": [ 3, 0, 4.5, 2 ], "texture": "#glowstone" },
        "west":  { "uv": [ 0, 0, 1.5, 2 ], "texture": "#glowstone" },
        "east":  { "uv": [ 0, 0, 1.5, 2 ], "texture": "#glowstone" }
    }
},
{
    "__comment": "001*",
    "from": [ 8.5, 16.125, 7.125 ],
    "to": [ 8.875, 16.625, 7.5 ],
    "rotation": { "origin": [ 8.5, 16.125, 7.125 ], "axis": "y", "angle": -45 },
    "faces": {
        "down":  { "uv": [ 3, -1, 4.5, 0.5 ], "rotation": 180, "texture": "#glowstone" },
        "up":    { "uv": [ 3, 0, 4.5, 1.5 ], "rotation": 180, "texture": "#glowstone" },
        "north": { "uv": [ 3, 0, 4.5, 2 ], "texture": "#glowstone" },
        "south": { "uv": [ 3, 0, 4.5, 2 ], "texture": "#glowstone" },
        "west":  { "uv": [ 0, 0, 1.5, 2 ], "texture": "#glowstone" },
        "east":  { "uv": [ 0, 0, 1.5, 2 ], "texture": "#glowstone" }
    }
},
{
    "__comment": "001*",
    "from": [ 8.75, 16.5, 7.125 ],
    "to": [ 9.125, 17, 7.5 ],
    "rotation": { "origin": [ 8.75, 16.5, 7.125 ], "axis": "y", "angle": -45 },
    "faces": {
        "down":  { "uv": [ 3, -1, 4.5, 0.5 ], "rotation": 180, "texture": "#glowstone" },
        "up":    { "uv": [ 3, 0, 4.5, 1.5 ], "rotation": 180, "texture": "#glowstone" },
        "north": { "uv": [ 3, 0, 4.5, 2 ], "texture": "#glowstone" },
        "south": { "uv": [ 3, 0, 4.5, 2 ], "texture": "#glowstone" },
        "west":  { "uv": [ 0, 0, 1.5, 2 ], "texture": "#glowstone" },
        "east":  { "uv": [ 0, 0, 1.5, 2 ], "texture": "#glowstone" }
    }
},
{
    "__comment": "001*",
    "from": [ 9, 16.75, 7.125 ],
    "to": [ 9.375, 17.25, 7.5 ],
    "rotation": { "origin": [ 9, 16.75, 7.125 ], "axis": "y", "angle": -45 },
    "faces": {
        "down":  { "uv": [ 3, -1, 4.5, 0.5 ], "rotation": 180, "texture": "#glowstone" },
        "up":    { "uv": [ 3, 0, 4.5, 1.5 ], "rotation": 180, "texture": "#glowstone" },
        "north": { "uv": [ 3, 0, 4.5, 2 ], "texture": "#glowstone" },
        "south": { "uv": [ 3, 0, 4.5, 2 ], "texture": "#glowstone" },
        "west":  { "uv": [ 0, 0, 1.5, 2 ], "texture": "#glowstone" },
        "east":  { "uv": [ 0, 0, 1.5, 2 ], "texture": "#glowstone" }
    }
},
{
    "__comment": "001*",
    "from": [ 9.25, 17, 7.125 ],
    "to": [ 9.625, 17.5, 7.5 ],
    "rotation": { "origin": [ 9.25, 17, 7.125 ], "axis": "y", "angle": -45 },
    "faces": {
        "down":  { "uv": [ 3, -1, 4.5, 0.5 ], "rotation": 180, "texture": "#glowstone" },
        "up":    { "uv": [ 3, 0, 4.5, 1.5 ], "rotation": 180, "texture": "#glowstone" },
        "north": { "uv": [ 3, 0, 4.5, 2 ], "texture": "#glowstone" },
        "south": { "uv": [ 3, 0, 4.5, 2 ], "texture": "#glowstone" },
        "west":  { "uv": [ 0, 0, 1.5, 2 ], "texture": "#glowstone" },
        "east":  { "uv": [ 0, 0, 1.5, 2 ], "texture": "#glowstone" }
    }
},
{
    "__comment": "001*",
    "from": [ 9.375, 17.25, 7.125 ],
    "to": [ 9.75, 17.75, 7.5 ],
    "rotation": { "origin": [ 9.375, 17.25, 7.125 ], "axis": "y", "angle": -45 },
    "faces": {
        "down":  { "uv": [ 3, -1, 4.5, 0.5 ], "rotation": 180, "texture": "#glowstone" },
        "up":    { "uv": [ 3, 0, 4.5, 1.5 ], "rotation": 180, "texture": "#glowstone" },
        "north": { "uv": [ 3, 0, 4.5, 2 ], "texture": "#glowstone" },
        "south": { "uv": [ 3, 0, 4.5, 2 ], "texture": "#glowstone" },
        "west":  { "uv": [ 0, 0, 1.5, 2 ], "texture": "#glowstone" },
        "east":  { "uv": [ 0, 0, 1.5, 2 ], "texture": "#glowstone" }
    }
},
{
    "__comment": "001*",
    "from": [ 9.5, 17.5, 7.125 ],
    "to": [ 9.875, 18, 7.5 ],
    "rotation": { "origin": [ 9.5, 17.5, 7.125 ], "axis": "y", "angle": -45 },
    "faces": {
        "down":  { "uv": [ 3, -1, 4.5, 0.5 ], "rotation": 180, "texture": "#glowstone" },
        "up":    { "uv": [ 3, 0, 4.5, 1.5 ], "rotation": 180, "texture": "#glowstone" },
        "north": { "uv": [ 3, 0, 4.5, 2 ], "texture": "#glowstone" },
        "south": { "uv": [ 3, 0, 4.5, 2 ], "texture": "#glowstone" },
        "west":  { "uv": [ 0, 0, 1.5, 2 ], "texture": "#glowstone" },
        "east":  { "uv": [ 0, 0, 1.5, 2 ], "texture": "#glowstone" }
    }
},
{
    "__comment": "001*",
    "from": [ 9.625, 17.75, 7.125 ],
    "to": [ 10, 18.25, 7.5 ],
    "rotation": { "origin": [ 9.625, 17.75, 7.125 ], "axis": "y", "angle": -45 },
    "faces": {
        "down":  { "uv": [ 3, -1, 4.5, 0.5 ], "rotation": 180, "texture": "#glowstone" },
        "up":    { "uv": [ 3, 0, 4.5, 1.5 ], "rotation": 180, "texture": "#glowstone" },
        "north": { "uv": [ 3, 0, 4.5, 2 ], "texture": "#glowstone" },
        "south": { "uv": [ 3, 0, 4.5, 2 ], "texture": "#glowstone" },
        "west":  { "uv": [ 0, 0, 1.5, 2 ], "texture": "#glowstone" },
        "east":  { "uv": [ 0, 0, 1.5, 2 ], "texture": "#glowstone" }
    }
},
{
    "__comment": "001*",
    "from": [ 9.75, 18, 7.125 ],
    "to": [ 10.125, 18.5, 7.5 ],
    "rotation": { "origin": [ 9.75, 18, 7.125 ], "axis": "y", "angle": -45 },
    "faces": {
        "down":  { "uv": [ 3, -1, 4.5, 0.5 ], "rotation": 180, "texture": "#glowstone" },
        "up":    { "uv": [ 3, 0, 4.5, 1.5 ], "rotation": 180, "texture": "#glowstone" },
        "north": { "uv": [ 3, 0, 4.5, 2 ], "texture": "#glowstone" },
        "south": { "uv": [ 3, 0, 4.5, 2 ], "texture": "#glowstone" },
        "west":  { "uv": [ 0, 0, 1.5, 2 ], "texture": "#glowstone" },
        "east":  { "uv": [ 0, 0, 1.5, 2 ], "texture": "#glowstone" }
    }
},
{
    "__comment": "001*",
    "from": [ 9.875, 18.375, 7.125 ],
    "to": [ 10.25, 18.875, 7.5 ],
    "rotation": { "origin": [ 9.875, 18.375, 7.125 ], "axis": "y", "angle": -45 },
    "faces": {
        "down":  { "uv": [ 3, -1, 4.5, 0.5 ], "rotation": 180, "texture": "#glowstone" },
        "up":    { "uv": [ 3, 0, 4.5, 1.5 ], "rotation": 180, "texture": "#glowstone" },
        "north": { "uv": [ 3, 0, 4.5, 2 ], "texture": "#glowstone" },
        "south": { "uv": [ 3, 0, 4.5, 2 ], "texture": "#glowstone" },
        "west":  { "uv": [ 0, 0, 1.5, 2 ], "texture": "#glowstone" },
        "east":  { "uv": [ 0, 0, 1.5, 2 ], "texture": "#glowstone" }
    }
},
{
    "__comment": "001*",
    "from": [ 9.75, 18.75, 7.125 ],
    "to": [ 10.125, 19.25, 7.5 ],
    "rotation": { "origin": [ 9.75, 18.75, 7.125 ], "axis": "y", "angle": -45 },
    "faces": {
        "down":  { "uv": [ 3, -1, 4.5, 0.5 ], "rotation": 180, "texture": "#glowstone" },
        "up":    { "uv": [ 3, 0, 4.5, 1.5 ], "rotation": 180, "texture": "#glowstone" },
        "north": { "uv": [ 3, 0, 4.5, 2 ], "texture": "#glowstone" },
        "south": { "uv": [ 3, 0, 4.5, 2 ], "texture": "#glowstone" },
        "west":  { "uv": [ 0, 0, 1.5, 2 ], "texture": "#glowstone" },
        "east":  { "uv": [ 0, 0, 1.5, 2 ], "texture": "#glowstone" }
    }
},
{
    "__comment": "001*",
    "from": [ 8.375, 15.125, 7.125 ],
    "to": [ 8.75, 15.625, 7.5 ],
    "rotation": { "origin": [ 8.375, 15.125, 7.125 ], "axis": "y", "angle": -45 },
    "faces": {
        "down":  { "uv": [ 3, -1, 4.5, 0.5 ], "rotation": 180, "texture": "#glowstone" },
        "up":    { "uv": [ 3, 0, 4.5, 1.5 ], "rotation": 180, "texture": "#glowstone" },
        "north": { "uv": [ 3, 0, 4.5, 2 ], "texture": "#glowstone" },
        "south": { "uv": [ 3, 0, 4.5, 2 ], "texture": "#glowstone" },
        "west":  { "uv": [ 0, 0, 1.5, 2 ], "texture": "#glowstone" },
        "east":  { "uv": [ 0, 0, 1.5, 2 ], "texture": "#glowstone" }
    }
},
{
    "__comment": "001*",
    "from": [ 8.625, 14.75, 7.125 ],
    "to": [ 9, 15.25, 7.5 ],
    "rotation": { "origin": [ 8.625, 14.75, 7.125 ], "axis": "y", "angle": -45 },
    "faces": {
        "down":  { "uv": [ 3, -1, 4.5, 0.5 ], "rotation": 180, "texture": "#glowstone" },
        "up":    { "uv": [ 3, 0, 4.5, 1.5 ], "rotation": 180, "texture": "#glowstone" },
        "north": { "uv": [ 3, 0, 4.5, 2 ], "texture": "#glowstone" },
        "south": { "uv": [ 3, 0, 4.5, 2 ], "texture": "#glowstone" },
        "west":  { "uv": [ 0, 0, 1.5, 2 ], "texture": "#glowstone" },
        "east":  { "uv": [ 0, 0, 1.5, 2 ], "texture": "#glowstone" }
    }
},
{
    "__comment": "001*",
    "from": [ 8.875, 14.5, 7.125 ],
    "to": [ 9.25, 15, 7.5 ],
    "rotation": { "origin": [ 8.875, 14.5, 7.125 ], "axis": "y", "angle": -45 },
    "faces": {
        "down":  { "uv": [ 3, -1, 4.5, 0.5 ], "rotation": 180, "texture": "#glowstone" },
        "up":    { "uv": [ 3, 0, 4.5, 1.5 ], "rotation": 180, "texture": "#glowstone" },
        "north": { "uv": [ 3, 0, 4.5, 2 ], "texture": "#glowstone" },
        "south": { "uv": [ 3, 0, 4.5, 2 ], "texture": "#glowstone" },
        "west":  { "uv": [ 0, 0, 1.5, 2 ], "texture": "#glowstone" },
        "east":  { "uv": [ 0, 0, 1.5, 2 ], "texture": "#glowstone" }
    }
},
{
    "__comment": "001*",
    "from": [ 9.125, 14.25, 7.125 ],
    "to": [ 9.5, 14.75, 7.5 ],
    "rotation": { "origin": [ 9.125, 14.25, 7.125 ], "axis": "y", "angle": -45 },
    "faces": {
        "down":  { "uv": [ 3, -1, 4.5, 0.5 ], "rotation": 180, "texture": "#glowstone" },
        "up":    { "uv": [ 3, 0, 4.5, 1.5 ], "rotation": 180, "texture": "#glowstone" },
        "north": { "uv": [ 3, 0, 4.5, 2 ], "texture": "#glowstone" },
        "south": { "uv": [ 3, 0, 4.5, 2 ], "texture": "#glowstone" },
        "west":  { "uv": [ 0, 0, 1.5, 2 ], "texture": "#glowstone" },
        "east":  { "uv": [ 0, 0, 1.5, 2 ], "texture": "#glowstone" }
    }
},
{
    "__comment": "001*",
    "from": [ 8.375, 15.125, 6.75 ],
    "to": [ 8.75, 15.625, 7.125 ],
    "rotation": { "origin": [ 8.375, 15.125, 6.75 ], "axis": "y", "angle": -45 },
    "faces": {
        "down":  { "uv": [ 3, -1, 4.5, 0.5 ], "rotation": 180, "texture": "#glowstone" },
        "up":    { "uv": [ 3, 0, 4.5, 1.5 ], "rotation": 180, "texture": "#glowstone" },
        "north": { "uv": [ 3, 0, 4.5, 2 ], "texture": "#glowstone" },
        "south": { "uv": [ 3, 0, 4.5, 2 ], "texture": "#glowstone" },
        "west":  { "uv": [ 0, 0, 1.5, 2 ], "texture": "#glowstone" },
        "east":  { "uv": [ 0, 0, 1.5, 2 ], "texture": "#glowstone" }
    }
},
{
    "__comment": "001*",
    "from": [ 8.625, 15.125, 6.5 ],
    "to": [ 9, 15.625, 6.875 ],
    "rotation": { "origin": [ 8.625, 15.125, 6.5 ], "axis": "y", "angle": -45 },
    "faces": {
        "down":  { "uv": [ 3, -1, 4.5, 0.5 ], "rotation": 180, "texture": "#glowstone" },
        "up":    { "uv": [ 3, 0, 4.5, 1.5 ], "rotation": 180, "texture": "#glowstone" },
        "north": { "uv": [ 3, 0, 4.5, 2 ], "texture": "#glowstone" },
        "south": { "uv": [ 3, 0, 4.5, 2 ], "texture": "#glowstone" },
        "west":  { "uv": [ 0, 0, 1.5, 2 ], "texture": "#glowstone" },
        "east":  { "uv": [ 0, 0, 1.5, 2 ], "texture": "#glowstone" }
    }
},
{
    "__comment": "001*",
    "from": [ 8.75, 15.125, 6.125 ],
    "to": [ 9.125, 15.625, 6.5 ],
    "rotation": { "origin": [ 8.75, 15.125, 6.125 ], "axis": "y", "angle": -45 },
    "faces": {
        "down":  { "uv": [ 3, -1, 4.5, 0.5 ], "rotation": 180, "texture": "#glowstone" },
        "up":    { "uv": [ 3, 0, 4.5, 1.5 ], "rotation": 180, "texture": "#glowstone" },
        "north": { "uv": [ 3, 0, 4.5, 2 ], "texture": "#glowstone" },
        "south": { "uv": [ 3, 0, 4.5, 2 ], "texture": "#glowstone" },
        "west":  { "uv": [ 0, 0, 1.5, 2 ], "texture": "#glowstone" },
        "east":  { "uv": [ 0, 0, 1.5, 2 ], "texture": "#glowstone" }
    }
},
{
    "__comment": "001*",
    "from": [ 8.625, 15.125, 5.875 ],
    "to": [ 9, 15.625, 6.25 ],
    "rotation": { "origin": [ 8.625, 15.125, 5.875 ], "axis": "y", "angle": -45 },
    "faces": {
        "down":  { "uv": [ 3, -1, 4.5, 0.5 ], "rotation": 180, "texture": "#glowstone" },
        "up":    { "uv": [ 3, 0, 4.5, 1.5 ], "rotation": 180, "texture": "#glowstone" },
        "north": { "uv": [ 3, 0, 4.5, 2 ], "texture": "#glowstone" },
        "south": { "uv": [ 3, 0, 4.5, 2 ], "texture": "#glowstone" },
        "west":  { "uv": [ 0, 0, 1.5, 2 ], "texture": "#glowstone" },
        "east":  { "uv": [ 0, 0, 1.5, 2 ], "texture": "#glowstone" }
    }
},
{
    "__comment": "001*",
    "from": [ 8.375, 15.125, 5.625 ],
    "to": [ 8.75, 15.625, 6 ],
    "rotation": { "origin": [ 8.375, 15.125, 5.625 ], "axis": "y", "angle": -45 },
    "faces": {
        "down":  { "uv": [ 3, -1, 4.5, 0.5 ], "rotation": 180, "texture": "#glowstone" },
        "up":    { "uv": [ 3, 0, 4.5, 1.5 ], "rotation": 180, "texture": "#glowstone" },
        "north": { "uv": [ 3, 0, 4.5, 2 ], "texture": "#glowstone" },
        "south": { "uv": [ 3, 0, 4.5, 2 ], "texture": "#glowstone" },
        "west":  { "uv": [ 0, 0, 1.5, 2 ], "texture": "#glowstone" },
        "east":  { "uv": [ 0, 0, 1.5, 2 ], "texture": "#glowstone" }
    }
},
{
    "__comment": "001*",
    "from": [ 8.25, 15.125, 5.5 ],
    "to": [ 8.625, 15.625, 5.875 ],
    "rotation": { "origin": [ 8.25, 15.125, 5.5 ], "axis": "y", "angle": -45 },
    "faces": {
        "down":  { "uv": [ 3, -1, 4.5, 0.5 ], "rotation": 180, "texture": "#glowstone" },
        "up":    { "uv": [ 3, 0, 4.5, 1.5 ], "rotation": 180, "texture": "#glowstone" },
        "north": { "uv": [ 3, 0, 4.5, 2 ], "texture": "#glowstone" },
        "south": { "uv": [ 3, 0, 4.5, 2 ], "texture": "#glowstone" },
        "west":  { "uv": [ 0, 0, 1.5, 2 ], "texture": "#glowstone" },
        "east":  { "uv": [ 0, 0, 1.5, 2 ], "texture": "#glowstone" }
    }
},
{
    "__comment": "001*",
    "from": [ 8, 15.125, 5.375 ],
    "to": [ 8.375, 15.625, 5.75 ],
    "rotation": { "origin": [ 8, 15.125, 5.375 ], "axis": "y", "angle": -45 },
    "faces": {
        "down":  { "uv": [ 3, -1, 4.5, 0.5 ], "rotation": 180, "texture": "#glowstone" },
        "up":    { "uv": [ 3, 0, 4.5, 1.5 ], "rotation": 180, "texture": "#glowstone" },
        "north": { "uv": [ 3, 0, 4.5, 2 ], "texture": "#glowstone" },
        "south": { "uv": [ 3, 0, 4.5, 2 ], "texture": "#glowstone" },
        "west":  { "uv": [ 0, 0, 1.5, 2 ], "texture": "#glowstone" },
        "east":  { "uv": [ 0, 0, 1.5, 2 ], "texture": "#glowstone" }
    }
},
{
    "__comment": "001*",
    "from": [ 7.75, 15.125, 5.375 ],
    "to": [ 8.125, 15.625, 5.75 ],
    "rotation": { "origin": [ 7.75, 15.125, 5.375 ], "axis": "y", "angle": -45 },
    "faces": {
        "down":  { "uv": [ 3, -1, 4.5, 0.5 ], "rotation": 180, "texture": "#glowstone" },
        "up":    { "uv": [ 3, 0, 4.5, 1.5 ], "rotation": 180, "texture": "#glowstone" },
        "north": { "uv": [ 3, 0, 4.5, 2 ], "texture": "#glowstone" },
        "south": { "uv": [ 3, 0, 4.5, 2 ], "texture": "#glowstone" },
        "west":  { "uv": [ 0, 0, 1.5, 2 ], "texture": "#glowstone" },
        "east":  { "uv": [ 0, 0, 1.5, 2 ], "texture": "#glowstone" }
    }
},
{
    "from": [ 7.40625, 9.5, 6.15625 ],
    "to": [ 7.5, 14.75, 6.25 ],
    "faces": {
        "down":  { "uv": [ 0, 0, 16, 16 ], "texture": "#glowstone" },
        "up":    { "uv": [ 0, 0, 16, 16 ], "texture": "#glowstone" },
        "north": { "uv": [ 0, 0, 16, 16 ], "texture": "#glowstone" },
        "south": { "uv": [ 0, 0, 16, 16 ], "texture": "#glowstone" },
        "west":  { "uv": [ 0, 0, 16, 16 ], "texture": "#glowstone" },
        "east":  { "uv": [ 0, 0, 16, 16 ], "texture": "#glowstone" }
    }
},
{
    "from": [ 7.5, 9.5, 6.125 ],
    "to": [ 7.59375, 14.75, 6.21875 ],
    "faces": {
        "down":  { "uv": [ 0, 0, 16, 16 ], "texture": "#glowstone" },
        "up":    { "uv": [ 0, 0, 16, 16 ], "texture": "#glowstone" },
        "north": { "uv": [ 0, 0, 16, 16 ], "texture": "#glowstone" },
        "south": { "uv": [ 0, 0, 16, 16 ], "texture": "#glowstone" },
        "west":  { "uv": [ 0, 0, 16, 16 ], "texture": "#glowstone" },
        "east":  { "uv": [ 0, 0, 16, 16 ], "texture": "#glowstone" }
    }
},
{
    "from": [ 7.71875, 9.5, 6.40625 ],
    "to": [ 7.84375, 14.75, 6.53125 ],
    "faces": {
        "down":  { "uv": [ 0, 0, 16, 16 ], "texture": "#glowstone" },
        "up":    { "uv": [ 0, 0, 16, 16 ], "texture": "#glowstone" },
        "north": { "uv": [ 0, 0, 16, 16 ], "texture": "#glowstone" },
        "south": { "uv": [ 0, 0, 16, 16 ], "texture": "#glowstone" },
        "west":  { "uv": [ 0, 0, 16, 16 ], "texture": "#glowstone" },
        "east":  { "uv": [ 0, 0, 16, 16 ], "texture": "#glowstone" }
    }
},
{
    "from": [ 7.6875, 9.5, 6.53125 ],
    "to": [ 7.8125, 14.75, 6.65625 ],
    "faces": {
        "down":  { "uv": [ 0, 0, 16, 16 ], "texture": "#glowstone" },
        "up":    { "uv": [ 0, 0, 16, 16 ], "texture": "#glowstone" },
        "north": { "uv": [ 0, 0, 16, 16 ], "texture": "#glowstone" },
        "south": { "uv": [ 0, 0, 16, 16 ], "texture": "#glowstone" },
        "west":  { "uv": [ 0, 0, 16, 16 ], "texture": "#glowstone" },
        "east":  { "uv": [ 0, 0, 16, 16 ], "texture": "#glowstone" }
    }
},
{
    "from": [ 7.625, 9.5, 6.65625 ],
    "to": [ 7.75, 14.75, 6.78125 ],
    "faces": {
        "down":  { "uv": [ 0, 0, 16, 16 ], "texture": "#glowstone" },
        "up":    { "uv": [ 0, 0, 16, 16 ], "texture": "#glowstone" },
        "north": { "uv": [ 0, 0, 16, 16 ], "texture": "#glowstone" },
        "south": { "uv": [ 0, 0, 16, 16 ], "texture": "#glowstone" },
        "west":  { "uv": [ 0, 0, 16, 16 ], "texture": "#glowstone" },
        "east":  { "uv": [ 0, 0, 16, 16 ], "texture": "#glowstone" }
    }
},
{
    "from": [ 7.53125, 9.5, 6.75 ],
    "to": [ 7.625, 14.75, 6.84375 ],
    "faces": {
        "down":  { "uv": [ 0, 0, 16, 16 ], "texture": "#glowstone" },
        "up":    { "uv": [ 0, 0, 16, 16 ], "texture": "#glowstone" },
        "north": { "uv": [ 0, 0, 16, 16 ], "texture": "#glowstone" },
        "south": { "uv": [ 0, 0, 16, 16 ], "texture": "#glowstone" },
        "west":  { "uv": [ 0, 0, 16, 16 ], "texture": "#glowstone" },
        "east":  { "uv": [ 0, 0, 16, 16 ], "texture": "#glowstone" }
    }
},
{
    "from": [ 7.40625, 9.5, 6.6875 ],
    "to": [ 7.53125, 14.75, 6.8125 ],
    "faces": {
        "down":  { "uv": [ 0, 0, 16, 16 ], "texture": "#glowstone" },
        "up":    { "uv": [ 0, 0, 16, 16 ], "texture": "#glowstone" },
        "north": { "uv": [ 0, 0, 16, 16 ], "texture": "#glowstone" },
        "south": { "uv": [ 0, 0, 16, 16 ], "texture": "#glowstone" },
        "west":  { "uv": [ 0, 0, 16, 16 ], "texture": "#glowstone" },
        "east":  { "uv": [ 0, 0, 16, 16 ], "texture": "#glowstone" }
    }
},
{
    "from": [ 7.28125, 9.5, 6.6875 ],
    "to": [ 7.40625, 14.75, 6.78125 ],
    "faces": {
        "down":  { "uv": [ 0, 0, 16, 16 ], "texture": "#glowstone" },
        "up":    { "uv": [ 0, 0, 16, 16 ], "texture": "#glowstone" },
        "north": { "uv": [ 0, 0, 16, 16 ], "texture": "#glowstone" },
        "south": { "uv": [ 0, 0, 16, 16 ], "texture": "#glowstone" },
        "west":  { "uv": [ 0, 0, 16, 16 ], "texture": "#glowstone" },
        "east":  { "uv": [ 0, 0, 16, 16 ], "texture": "#glowstone" }
    }
},
{
    "from": [ 7.125, 9.5, 6.4375 ],
    "to": [ 7.25, 14.75, 6.5625 ],
    "faces": {
        "down":  { "uv": [ 0, 0, 16, 16 ], "texture": "#glowstone" },
        "up":    { "uv": [ 0, 0, 16, 16 ], "texture": "#glowstone" },
        "north": { "uv": [ 0, 0, 16, 16 ], "texture": "#glowstone" },
        "south": { "uv": [ 0, 0, 16, 16 ], "texture": "#glowstone" },
        "west":  { "uv": [ 0, 0, 16, 16 ], "texture": "#glowstone" },
        "east":  { "uv": [ 0, 0, 16, 16 ], "texture": "#glowstone" }
    }
},
{
    "from": [ 7.1875, 9.5, 6.5625 ],
    "to": [ 7.3125, 14.75, 6.6875 ],
    "faces": {
        "down":  { "uv": [ 0, 0, 16, 16 ], "texture": "#glowstone" },
        "up":    { "uv": [ 0, 0, 16, 16 ], "texture": "#glowstone" },
        "north": { "uv": [ 0, 0, 16, 16 ], "texture": "#glowstone" },
        "south": { "uv": [ 0, 0, 16, 16 ], "texture": "#glowstone" },
        "west":  { "uv": [ 0, 0, 16, 16 ], "texture": "#glowstone" },
        "east":  { "uv": [ 0, 0, 16, 16 ], "texture": "#glowstone" }
    }
},
{
    "from": [ 7.15625, 9.5, 6.3125 ],
    "to": [ 7.28125, 14.75, 6.4375 ],
    "faces": {
        "down":  { "uv": [ 0, 0, 16, 16 ], "texture": "#glowstone" },
        "up":    { "uv": [ 0, 0, 16, 16 ], "texture": "#glowstone" },
        "north": { "uv": [ 0, 0, 16, 16 ], "texture": "#glowstone" },
        "south": { "uv": [ 0, 0, 16, 16 ], "texture": "#glowstone" },
        "west":  { "uv": [ 0, 0, 16, 16 ], "texture": "#glowstone" },
        "east":  { "uv": [ 0, 0, 16, 16 ], "texture": "#glowstone" }
    }
},
{
    "from": [ 7.21875, 9.5, 6.21875 ],
    "to": [ 7.3125, 14.75, 6.3125 ],
    "faces": {
        "down":  { "uv": [ 0, 0, 16, 16 ], "texture": "#glowstone" },
        "up":    { "uv": [ 0, 0, 16, 16 ], "texture": "#glowstone" },
        "north": { "uv": [ 0, 0, 16, 16 ], "texture": "#glowstone" },
        "south": { "uv": [ 0, 0, 16, 16 ], "texture": "#glowstone" },
        "west":  { "uv": [ 0, 0, 16, 16 ], "texture": "#glowstone" },
        "east":  { "uv": [ 0, 0, 16, 16 ], "texture": "#glowstone" }
    }
},
{
    "from": [ 7.71875, 9.5, 6.3125 ],
    "to": [ 7.8125, 14.75, 6.40625 ],
    "faces": {
        "down":  { "uv": [ 0, 0, 16, 16 ], "texture": "#glowstone" },
        "up":    { "uv": [ 0, 0, 16, 16 ], "texture": "#glowstone" },
        "north": { "uv": [ 0, 0, 16, 16 ], "texture": "#glowstone" },
        "south": { "uv": [ 0, 0, 16, 16 ], "texture": "#glowstone" },
        "west":  { "uv": [ 0, 0, 16, 16 ], "texture": "#glowstone" },
        "east":  { "uv": [ 0, 0, 16, 16 ], "texture": "#glowstone" }
    }
},
{
    "from": [ 7.59375, 9.5, 6.1875 ],
    "to": [ 7.6875, 14.75, 6.28125 ],
    "faces": {
        "down":  { "uv": [ 0, 0, 16, 16 ], "texture": "#glowstone" },
        "up":    { "uv": [ 0, 0, 16, 16 ], "texture": "#glowstone" },
        "north": { "uv": [ 0, 0, 16, 16 ], "texture": "#glowstone" },
        "south": { "uv": [ 0, 0, 16, 16 ], "texture": "#glowstone" },
        "west":  { "uv": [ 0, 0, 16, 16 ], "texture": "#glowstone" },
        "east":  { "uv": [ 0, 0, 16, 16 ], "texture": "#glowstone" }
    }
},
{
    "from": [ 7.6875, 9.5, 6.21875 ],
    "to": [ 7.78125, 14.75, 6.3125 ],
    "faces": {
        "down":  { "uv": [ 0, 0, 16, 16 ], "texture": "#glowstone" },
        "up":    { "uv": [ 0, 0, 16, 16 ], "texture": "#glowstone" },
        "north": { "uv": [ 0, 0, 16, 16 ], "texture": "#glowstone" },
        "south": { "uv": [ 0, 0, 16, 16 ], "texture": "#glowstone" },
        "west":  { "uv": [ 0, 0, 16, 16 ], "texture": "#glowstone" },
        "east":  { "uv": [ 0, 0, 16, 16 ], "texture": "#glowstone" }
    }
},
{
    "__comment": "00020",
    "from": [ 7.90625, 14.7813, 6.59375 ],
    "to": [ 8.125, 15, 6.8125 ],
    "faces": {
        "down":  { "uv": [ 7.875, 6.5625, 8.0625, 6.75 ], "texture": "#log_oak" },
        "up":    { "uv": [ 7.875, 6.5625, 8.0625, 6.75 ], "texture": "#log_oak" },
        "north": { "uv": [ 7.875, 1, 8.0625, 1.1875 ], "texture": "#log_oak" },
        "south": { "uv": [ 7.875, 1, 8.0625, 1.1875 ], "texture": "#log_oak" },
        "west":  { "uv": [ 6.5625, 1, 6.75, 1.1875 ], "texture": "#log_oak" },
        "east":  { "uv": [ 6.5625, 1, 6.75, 1.1875 ], "texture": "#log_oak" }
    }
},
{
    "__comment": "00020",
    "from": [ 7.84375, 14.7813, 6.75 ],
    "to": [ 8.0625, 15, 6.96875 ],
    "faces": {
        "down":  { "uv": [ 0, 0, 16, 16 ], "texture": "#log_oak" },
        "up":    { "uv": [ 0, 0, 16, 16 ], "texture": "#log_oak" },
        "north": { "uv": [ 0, 0, 16, 16 ], "texture": "#log_oak" },
        "south": { "uv": [ 0, 0, 16, 16 ], "texture": "#log_oak" },
        "west":  { "uv": [ 0, 0, 16, 16 ], "texture": "#log_oak" },
        "east":  { "uv": [ 0, 0, 16, 16 ], "texture": "#log_oak" }
    }
},
{
    "__comment": "00020",
    "from": [ 7.96875, 14.7813, 6.40625 ],
    "to": [ 8.1875, 15, 6.625 ],
    "faces": {
        "down":  { "uv": [ 7.875, 6.5625, 8.0625, 6.75 ], "texture": "#log_oak" },
        "up":    { "uv": [ 7.875, 6.5625, 8.0625, 6.75 ], "texture": "#log_oak" },
        "north": { "uv": [ 7.875, 1, 8.0625, 1.1875 ], "texture": "#log_oak" },
        "south": { "uv": [ 7.875, 1, 8.0625, 1.1875 ], "texture": "#log_oak" },
        "west":  { "uv": [ 6.5625, 1, 6.75, 1.1875 ], "texture": "#log_oak" },
        "east":  { "uv": [ 6.5625, 1, 6.75, 1.1875 ], "texture": "#log_oak" }
    }
},
{
    "__comment": "00020",
    "from": [ 7.9375, 14.7813, 6.21875 ],
    "to": [ 8.15625, 15, 6.4375 ],
    "faces": {
        "down":  { "uv": [ 7.875, 6.5625, 8.0625, 6.75 ], "texture": "#log_oak" },
        "up":    { "uv": [ 7.875, 6.5625, 8.0625, 6.75 ], "texture": "#log_oak" },
        "north": { "uv": [ 7.875, 1, 8.0625, 1.1875 ], "texture": "#log_oak" },
        "south": { "uv": [ 7.875, 1, 8.0625, 1.1875 ], "texture": "#log_oak" },
        "west":  { "uv": [ 6.5625, 1, 6.75, 1.1875 ], "texture": "#log_oak" },
        "east":  { "uv": [ 6.5625, 1, 6.75, 1.1875 ], "texture": "#log_oak" }
    }
},
{
    "__comment": "00020",
    "from": [ 7.84375, 14.7813, 6.03125 ],
    "to": [ 8.0625, 15, 6.25 ],
    "faces": {
        "down":  { "uv": [ 7.875, 6.5625, 8.0625, 6.75 ], "texture": "#log_oak" },
        "up":    { "uv": [ 7.875, 6.5625, 8.0625, 6.75 ], "texture": "#log_oak" },
        "north": { "uv": [ 7.875, 1, 8.0625, 1.1875 ], "texture": "#log_oak" },
        "south": { "uv": [ 7.875, 1, 8.0625, 1.1875 ], "texture": "#log_oak" },
        "west":  { "uv": [ 6.5625, 1, 6.75, 1.1875 ], "texture": "#log_oak" },
        "east":  { "uv": [ 6.5625, 1, 6.75, 1.1875 ], "texture": "#log_oak" }
    }
},
{
    "__comment": "00020",
    "from": [ 7.71875, 14.7813, 5.90625 ],
    "to": [ 7.9375, 15, 6.125 ],
    "faces": {
        "down":  { "uv": [ 7.875, 6.5625, 8.0625, 6.75 ], "texture": "#log_oak" },
        "up":    { "uv": [ 7.875, 6.5625, 8.0625, 6.75 ], "texture": "#log_oak" },
        "north": { "uv": [ 7.875, 1, 8.0625, 1.1875 ], "texture": "#log_oak" },
        "south": { "uv": [ 7.875, 1, 8.0625, 1.1875 ], "texture": "#log_oak" },
        "west":  { "uv": [ 6.5625, 1, 6.75, 1.1875 ], "texture": "#log_oak" },
        "east":  { "uv": [ 6.5625, 1, 6.75, 1.1875 ], "texture": "#log_oak" }
    }
},
{
    "__comment": "00020",
    "from": [ 7.5625, 14.7813, 5.84375 ],
    "to": [ 7.78125, 15, 6.0625 ],
    "faces": {
        "down":  { "uv": [ 7.875, 6.5625, 8.0625, 6.75 ], "texture": "#log_oak" },
        "up":    { "uv": [ 7.875, 6.5625, 8.0625, 6.75 ], "texture": "#log_oak" },
        "north": { "uv": [ 7.875, 1, 8.0625, 1.1875 ], "texture": "#log_oak" },
        "south": { "uv": [ 7.875, 1, 8.0625, 1.1875 ], "texture": "#log_oak" },
        "west":  { "uv": [ 6.5625, 1, 6.75, 1.1875 ], "texture": "#log_oak" },
        "east":  { "uv": [ 6.5625, 1, 6.75, 1.1875 ], "texture": "#log_oak" }
    }
},
{
    "__comment": "00020",
    "from": [ 7.375, 14.7813, 5.84375 ],
    "to": [ 7.59375, 15, 6.0625 ],
    "faces": {
        "down":  { "uv": [ 7.875, 6.5625, 8.0625, 6.75 ], "texture": "#log_oak" },
        "up":    { "uv": [ 7.875, 6.5625, 8.0625, 6.75 ], "texture": "#log_oak" },
        "north": { "uv": [ 7.875, 1, 8.0625, 1.1875 ], "texture": "#log_oak" },
        "south": { "uv": [ 7.875, 1, 8.0625, 1.1875 ], "texture": "#log_oak" },
        "west":  { "uv": [ 6.5625, 1, 6.75, 1.1875 ], "texture": "#log_oak" },
        "east":  { "uv": [ 6.5625, 1, 6.75, 1.1875 ], "texture": "#log_oak" }
    }
},
{
    "__comment": "00020",
    "from": [ 7.1875, 14.7813, 5.84375 ],
    "to": [ 7.40625, 15, 6.0625 ],
    "faces": {
        "down":  { "uv": [ 7.875, 6.5625, 8.0625, 6.75 ], "texture": "#log_oak" },
        "up":    { "uv": [ 7.875, 6.5625, 8.0625, 6.75 ], "texture": "#log_oak" },
        "north": { "uv": [ 7.875, 1, 8.0625, 1.1875 ], "texture": "#log_oak" },
        "south": { "uv": [ 7.875, 1, 8.0625, 1.1875 ], "texture": "#log_oak" },
        "west":  { "uv": [ 6.5625, 1, 6.75, 1.1875 ], "texture": "#log_oak" },
        "east":  { "uv": [ 6.5625, 1, 6.75, 1.1875 ], "texture": "#log_oak" }
    }
},
{
    "__comment": "00020",
    "from": [ 7.0625, 14.7813, 5.90625 ],
    "to": [ 7.28125, 15, 6.125 ],
    "faces": {
        "down":  { "uv": [ 7.875, 6.5625, 8.0625, 6.75 ], "texture": "#log_oak" },
        "up":    { "uv": [ 7.875, 6.5625, 8.0625, 6.75 ], "texture": "#log_oak" },
        "north": { "uv": [ 7.875, 1, 8.0625, 1.1875 ], "texture": "#log_oak" },
        "south": { "uv": [ 7.875, 1, 8.0625, 1.1875 ], "texture": "#log_oak" },
        "west":  { "uv": [ 6.5625, 1, 6.75, 1.1875 ], "texture": "#log_oak" },
        "east":  { "uv": [ 6.5625, 1, 6.75, 1.1875 ], "texture": "#log_oak" }
    }
},
{
    "__comment": "00020",
    "from": [ 6.96875, 14.7813, 6 ],
    "to": [ 7.1875, 15, 6.21875 ],
    "faces": {
        "down":  { "uv": [ 7.875, 6.5625, 8.0625, 6.75 ], "texture": "#log_oak" },
        "up":    { "uv": [ 7.875, 6.5625, 8.0625, 6.75 ], "texture": "#log_oak" },
        "north": { "uv": [ 7.875, 1, 8.0625, 1.1875 ], "texture": "#log_oak" },
        "south": { "uv": [ 7.875, 1, 8.0625, 1.1875 ], "texture": "#log_oak" },
        "west":  { "uv": [ 6.5625, 1, 6.75, 1.1875 ], "texture": "#log_oak" },
        "east":  { "uv": [ 6.5625, 1, 6.75, 1.1875 ], "texture": "#log_oak" }
    }
},
{
    "__comment": "00020",
    "from": [ 6.875, 14.7813, 6.125 ],
    "to": [ 7.09375, 15, 6.34375 ],
    "faces": {
        "down":  { "uv": [ 7.875, 6.5625, 8.0625, 6.75 ], "texture": "#log_oak" },
        "up":    { "uv": [ 7.875, 6.5625, 8.0625, 6.75 ], "texture": "#log_oak" },
        "north": { "uv": [ 7.875, 1, 8.0625, 1.1875 ], "texture": "#log_oak" },
        "south": { "uv": [ 7.875, 1, 8.0625, 1.1875 ], "texture": "#log_oak" },
        "west":  { "uv": [ 6.5625, 1, 6.75, 1.1875 ], "texture": "#log_oak" },
        "east":  { "uv": [ 6.5625, 1, 6.75, 1.1875 ], "texture": "#log_oak" }
    }
},
{
    "__comment": "00020",
    "from": [ 6.8125, 14.7813, 6.3125 ],
    "to": [ 7.03125, 15, 6.53125 ],
    "faces": {
        "down":  { "uv": [ 7.875, 6.5625, 8.0625, 6.75 ], "texture": "#log_oak" },
        "up":    { "uv": [ 7.875, 6.5625, 8.0625, 6.75 ], "texture": "#log_oak" },
        "north": { "uv": [ 7.875, 1, 8.0625, 1.1875 ], "texture": "#log_oak" },
        "south": { "uv": [ 7.875, 1, 8.0625, 1.1875 ], "texture": "#log_oak" },
        "west":  { "uv": [ 6.5625, 1, 6.75, 1.1875 ], "texture": "#log_oak" },
        "east":  { "uv": [ 6.5625, 1, 6.75, 1.1875 ], "texture": "#log_oak" }
    }
},
{
    "__comment": "00020",
    "from": [ 6.84375, 14.7813, 6.5 ],
    "to": [ 7.0625, 15, 6.71875 ],
    "faces": {
        "down":  { "uv": [ 7.875, 6.5625, 8.0625, 6.75 ], "texture": "#log_oak" },
        "up":    { "uv": [ 7.875, 6.5625, 8.0625, 6.75 ], "texture": "#log_oak" },
        "north": { "uv": [ 7.875, 1, 8.0625, 1.1875 ], "texture": "#log_oak" },
        "south": { "uv": [ 7.875, 1, 8.0625, 1.1875 ], "texture": "#log_oak" },
        "west":  { "uv": [ 6.5625, 1, 6.75, 1.1875 ], "texture": "#log_oak" },
        "east":  { "uv": [ 6.5625, 1, 6.75, 1.1875 ], "texture": "#log_oak" }
    }
},
{
    "__comment": "00020",
    "from": [ 6.90625, 14.7813, 6.65625 ],
    "to": [ 7.125, 15, 6.875 ],
    "faces": {
        "down":  { "uv": [ 7.875, 6.5625, 8.0625, 6.75 ], "texture": "#log_oak" },
        "up":    { "uv": [ 7.875, 6.5625, 8.0625, 6.75 ], "texture": "#log_oak" },
        "north": { "uv": [ 7.875, 1, 8.0625, 1.1875 ], "texture": "#log_oak" },
        "south": { "uv": [ 7.875, 1, 8.0625, 1.1875 ], "texture": "#log_oak" },
        "west":  { "uv": [ 6.5625, 1, 6.75, 1.1875 ], "texture": "#log_oak" },
        "east":  { "uv": [ 6.5625, 1, 6.75, 1.1875 ], "texture": "#log_oak" }
    }
},
{
    "__comment": "00020",
    "from": [ 7, 14.7813, 6.78125 ],
    "to": [ 7.21875, 15, 7 ],
    "faces": {
        "down":  { "uv": [ 7.875, 6.5625, 8.0625, 6.75 ], "texture": "#log_oak" },
        "up":    { "uv": [ 7.875, 6.5625, 8.0625, 6.75 ], "texture": "#log_oak" },
        "north": { "uv": [ 7.875, 1, 8.0625, 1.1875 ], "texture": "#log_oak" },
        "south": { "uv": [ 7.875, 1, 8.0625, 1.1875 ], "texture": "#log_oak" },
        "west":  { "uv": [ 6.5625, 1, 6.75, 1.1875 ], "texture": "#log_oak" },
        "east":  { "uv": [ 6.5625, 1, 6.75, 1.1875 ], "texture": "#log_oak" }
    }
},
{
    "__comment": "00020",
    "from": [ 7.15625, 14.7813, 6.875 ],
    "to": [ 7.375, 15, 7.09375 ],
    "faces": {
        "down":  { "uv": [ 7.875, 6.5625, 8.0625, 6.75 ], "texture": "#log_oak" },
        "up":    { "uv": [ 7.875, 6.5625, 8.0625, 6.75 ], "texture": "#log_oak" },
        "north": { "uv": [ 7.875, 1, 8.0625, 1.1875 ], "texture": "#log_oak" },
        "south": { "uv": [ 7.875, 1, 8.0625, 1.1875 ], "texture": "#log_oak" },
        "west":  { "uv": [ 6.5625, 1, 6.75, 1.1875 ], "texture": "#log_oak" },
        "east":  { "uv": [ 6.5625, 1, 6.75, 1.1875 ], "texture": "#log_oak" }
    }
},
{
    "__comment": "00020",
    "from": [ 7.28125, 14.7813, 6.9375 ],
    "to": [ 7.5, 15, 7.15625 ],
    "faces": {
        "down":  { "uv": [ 7.875, 6.5625, 8.0625, 6.75 ], "texture": "#log_oak" },
        "up":    { "uv": [ 7.875, 6.5625, 8.0625, 6.75 ], "texture": "#log_oak" },
        "north": { "uv": [ 7.875, 1, 8.0625, 1.1875 ], "texture": "#log_oak" },
        "south": { "uv": [ 7.875, 1, 8.0625, 1.1875 ], "texture": "#log_oak" },
        "west":  { "uv": [ 6.5625, 1, 6.75, 1.1875 ], "texture": "#log_oak" },
        "east":  { "uv": [ 6.5625, 1, 6.75, 1.1875 ], "texture": "#log_oak" }
    }
},
{
    "__comment": "00020",
    "from": [ 7.46875, 14.7813, 6.9375 ],
    "to": [ 7.6875, 15, 7.15625 ],
    "faces": {
        "down":  { "uv": [ 7.875, 6.5625, 8.0625, 6.75 ], "texture": "#log_oak" },
        "up":    { "uv": [ 7.875, 6.5625, 8.0625, 6.75 ], "texture": "#log_oak" },
        "north": { "uv": [ 7.875, 1, 8.0625, 1.1875 ], "texture": "#log_oak" },
        "south": { "uv": [ 7.875, 1, 8.0625, 1.1875 ], "texture": "#log_oak" },
        "west":  { "uv": [ 6.5625, 1, 6.75, 1.1875 ], "texture": "#log_oak" },
        "east":  { "uv": [ 6.5625, 1, 6.75, 1.1875 ], "texture": "#log_oak" }
    }
},
{
    "__comment": "00020",
    "from": [ 7.59375, 14.7813, 6.9375 ],
    "to": [ 7.8125, 15, 7.15625 ],
    "faces": {
        "down":  { "uv": [ 7.875, 6.5625, 8.0625, 6.75 ], "texture": "#log_oak" },
        "up":    { "uv": [ 7.875, 6.5625, 8.0625, 6.75 ], "texture": "#log_oak" },
        "north": { "uv": [ 7.875, 1, 8.0625, 1.1875 ], "texture": "#log_oak" },
        "south": { "uv": [ 7.875, 1, 8.0625, 1.1875 ], "texture": "#log_oak" },
        "west":  { "uv": [ 6.5625, 1, 6.75, 1.1875 ], "texture": "#log_oak" },
        "east":  { "uv": [ 6.5625, 1, 6.75, 1.1875 ], "texture": "#log_oak" }
    }
},
{
    "__comment": "00020",
    "from": [ 7.75, 14.7813, 6.875 ],
    "to": [ 7.96875, 15, 7.09375 ],
    "faces": {
        "down":  { "uv": [ 7.875, 6.5625, 8.0625, 6.75 ], "texture": "#log_oak" },
        "up":    { "uv": [ 7.875, 6.5625, 8.0625, 6.75 ], "texture": "#log_oak" },
        "north": { "uv": [ 7.875, 1, 8.0625, 1.1875 ], "texture": "#log_oak" },
        "south": { "uv": [ 7.875, 1, 8.0625, 1.1875 ], "texture": "#log_oak" },
        "west":  { "uv": [ 6.5625, 1, 6.75, 1.1875 ], "texture": "#log_oak" },
        "east":  { "uv": [ 6.5625, 1, 6.75, 1.1875 ], "texture": "#log_oak" }
    }
},
{
    "__comment": "00020",
    "from": [ 7.375, 14.9688, 6.375 ],
    "to": [ 7.53125, 15.5625, 6.53125 ],
    "faces": {
        "down":  { "uv": [ 7.375, 6.375, 7.5, 6.5 ], "texture": "#log_oak" },
        "up":    { "uv": [ 7.375, 6.375, 7.5, 6.5 ], "texture": "#log_oak" },
        "north": { "uv": [ 7.375, 0.4375, 7.5, 1 ], "texture": "#log_oak" },
        "south": { "uv": [ 7.375, 0.4375, 7.5, 1 ], "texture": "#log_oak" },
        "west":  { "uv": [ 6.375, 0.4375, 6.5, 1 ], "texture": "#log_oak" },
        "east":  { "uv": [ 6.375, 0.4375, 6.5, 1 ], "texture": "#log_oak" }
    }
},
{
    "__comment": "00020",
    "from": [ 7, 14.9063, 6.40625 ],
    "to": [ 7.9375, 15, 6.59375 ],
    "faces": {
        "down":  { "uv": [ 7.875, 6.5625, 8.0625, 6.75 ], "texture": "#log_oak" },
        "up":    { "uv": [ 7.875, 6.5625, 8.0625, 6.75 ], "texture": "#log_oak" },
        "north": { "uv": [ 7.875, 1, 8.0625, 1.1875 ], "texture": "#log_oak" },
        "south": { "uv": [ 7.875, 1, 8.0625, 1.1875 ], "texture": "#log_oak" },
        "west":  { "uv": [ 6.5625, 1, 6.75, 1.1875 ], "texture": "#log_oak" },
        "east":  { "uv": [ 6.5625, 1, 6.75, 1.1875 ], "texture": "#log_oak" }
    }
},
{
    "__comment": "00020",
    "from": [ 7.40625, 14.9063, 6.0625 ],
    "to": [ 7.59375, 15, 6.9375 ],
    "faces": {
        "down":  { "uv": [ 7.875, 6.5625, 8.0625, 6.75 ], "texture": "#log_oak" },
        "up":    { "uv": [ 7.875, 6.5625, 8.0625, 6.75 ], "texture": "#log_oak" },
        "north": { "uv": [ 7.875, 1, 8.0625, 1.1875 ], "texture": "#log_oak" },
        "south": { "uv": [ 7.875, 1, 8.0625, 1.1875 ], "texture": "#log_oak" },
        "west":  { "uv": [ 6.5625, 1, 6.75, 1.1875 ], "texture": "#log_oak" },
        "east":  { "uv": [ 6.5625, 1, 6.75, 1.1875 ], "texture": "#log_oak" }
    }
},
{
    "__comment": "00020",
    "from": [ 7.59375, 15.5, 6.375 ],
    "to": [ 7.75, 16.0625, 6.53125 ],
    "rotation": { "origin": [ 7.59375, 16.0625, 6.375 ], "axis": "z", "angle": -22.5 },
    "faces": {
        "down":  { "uv": [ 7.875, 6.5625, 8.0625, 6.75 ], "texture": "#log_oak" },
        "up":    { "uv": [ 7.875, 6.5625, 8.0625, 6.75 ], "texture": "#log_oak" },
        "north": { "uv": [ 7.875, 1, 8.0625, 1.1875 ], "texture": "#log_oak" },
        "south": { "uv": [ 7.875, 1, 8.0625, 1.1875 ], "texture": "#log_oak" },
        "west":  { "uv": [ 6.5625, 1, 6.75, 1.1875 ], "texture": "#log_oak" },
        "east":  { "uv": [ 6.5625, 1, 6.75, 1.1875 ], "texture": "#log_oak" }
    }
},
{
    "__comment": "00020",
    "from": [ 7.96875, 15.875, 6.375 ],
    "to": [ 8.125, 16.4375, 6.53125 ],
    "rotation": { "origin": [ 7.96875, 16.4375, 6.375 ], "axis": "z", "angle": -45 },
    "faces": {
        "down":  { "uv": [ 7.9375, 6.375, 8.0625, 6.5 ], "texture": "#log_oak" },
        "up":    { "uv": [ 7.9375, 6.375, 8.0625, 6.5 ], "texture": "#log_oak" },
        "north": { "uv": [ 7.9375, 0, 8.0625, 0.5625 ], "texture": "#log_oak" },
        "south": { "uv": [ 7.9375, 0, 8.0625, 0.5625 ], "texture": "#log_oak" },
        "west":  { "uv": [ 6.375, 0, 6.5, 0.5625 ], "texture": "#log_oak" },
        "east":  { "uv": [ 6.375, 0, 6.5, 0.5625 ], "texture": "#log_oak" }
    }
},
{
    "__comment": "00020",
    "from": [ 7.78125, 16.25, 6.375 ],
    "to": [ 7.9375, 16.8125, 6.53125 ],
    "rotation": { "origin": [ 7.78125, 16.8125, 6.375 ], "axis": "z", "angle": 22.5 },
    "faces": {
        "down":  { "uv": [ 7.875, 6.5625, 8.0625, 6.75 ], "texture": "#log_oak" },
        "up":    { "uv": [ 7.875, 6.5625, 8.0625, 6.75 ], "texture": "#log_oak" },
        "north": { "uv": [ 7.875, 1, 8.0625, 1.1875 ], "texture": "#log_oak" },
        "south": { "uv": [ 7.875, 1, 8.0625, 1.1875 ], "texture": "#log_oak" },
        "west":  { "uv": [ 6.5625, 1, 6.75, 1.1875 ], "texture": "#log_oak" },
        "east":  { "uv": [ 6.5625, 1, 6.75, 1.1875 ], "texture": "#log_oak" }
    }
},
{
    "__comment": "00020",
    "from": [ 7.78125, 16.7813, 6.375 ],
    "to": [ 7.9375, 17.3438, 6.53125 ],
    "faces": {
        "down":  { "uv": [ 7.875, 6.5625, 8.0625, 6.75 ], "texture": "#log_oak" },
        "up":    { "uv": [ 7.875, 6.5625, 8.0625, 6.75 ], "texture": "#log_oak" },
        "north": { "uv": [ 7.875, 1, 8.0625, 1.1875 ], "texture": "#log_oak" },
        "south": { "uv": [ 7.875, 1, 8.0625, 1.1875 ], "texture": "#log_oak" },
        "west":  { "uv": [ 6.5625, 1, 6.75, 1.1875 ], "texture": "#log_oak" },
        "east":  { "uv": [ 6.5625, 1, 6.75, 1.1875 ], "texture": "#log_oak" }
    }
},
{
    "__comment": "00020",
    "from": [ 7.59375, 17.1875, 6.375 ],
    "to": [ 7.75, 17.75, 6.53125 ],
    "rotation": { "origin": [ 7.59375, 17.75, 6.375 ], "axis": "z", "angle": 22.5 },
    "faces": {
        "down":  { "uv": [ 7.875, 6.5625, 8.0625, 6.75 ], "texture": "#log_oak" },
        "up":    { "uv": [ 7.875, 6.5625, 8.0625, 6.75 ], "texture": "#log_oak" },
        "north": { "uv": [ 7.875, 1, 8.0625, 1.1875 ], "texture": "#log_oak" },
        "south": { "uv": [ 7.875, 1, 8.0625, 1.1875 ], "texture": "#log_oak" },
        "west":  { "uv": [ 6.5625, 1, 6.75, 1.1875 ], "texture": "#log_oak" },
        "east":  { "uv": [ 6.5625, 1, 6.75, 1.1875 ], "texture": "#log_oak" }
    }
},
{
    "__comment": "00020",
    "from": [ 7.25, 17.4688, 6.375 ],
    "to": [ 7.40625, 18.0313, 6.53125 ],
    "rotation": { "origin": [ 7.25, 18.0313, 6.375 ], "axis": "z", "angle": 45 },
    "faces": {
        "down":  { "uv": [ 7.875, 6.5625, 8.0625, 6.75 ], "texture": "#log_oak" },
        "up":    { "uv": [ 7.875, 6.5625, 8.0625, 6.75 ], "texture": "#log_oak" },
        "north": { "uv": [ 7.875, 1, 8.0625, 1.1875 ], "texture": "#log_oak" },
        "south": { "uv": [ 7.875, 1, 8.0625, 1.1875 ], "texture": "#log_oak" },
        "west":  { "uv": [ 6.5625, 1, 6.75, 1.1875 ], "texture": "#log_oak" },
        "east":  { "uv": [ 6.5625, 1, 6.75, 1.1875 ], "texture": "#log_oak" }
    }
},
{
    "__comment": "00020",
    "from": [ 6.65625, 14.9375, 6.53125 ],
    "to": [ 6.875, 15.1563, 6.75 ],
    "faces": {
        "down":  { "uv": [ 7.875, 6.5625, 8.0625, 6.75 ], "texture": "#log_oak" },
        "up":    { "uv": [ 7.875, 6.5625, 8.0625, 6.75 ], "texture": "#log_oak" },
        "north": { "uv": [ 7.875, 1, 8.0625, 1.1875 ], "texture": "#log_oak" },
        "south": { "uv": [ 7.875, 1, 8.0625, 1.1875 ], "texture": "#log_oak" },
        "west":  { "uv": [ 6.5625, 1, 6.75, 1.1875 ], "texture": "#log_oak" },
        "east":  { "uv": [ 6.5625, 1, 6.75, 1.1875 ], "texture": "#log_oak" }
    }
},
{
    "__comment": "00020",
    "from": [ 6.625, 14.9375, 6.34375 ],
    "to": [ 6.84375, 15.1563, 6.5625 ],
    "faces": {
        "down":  { "uv": [ 7.875, 6.5625, 8.0625, 6.75 ], "texture": "#log_oak" },
        "up":    { "uv": [ 7.875, 6.5625, 8.0625, 6.75 ], "texture": "#log_oak" },
        "north": { "uv": [ 7.875, 1, 8.0625, 1.1875 ], "texture": "#log_oak" },
        "south": { "uv": [ 7.875, 1, 8.0625, 1.1875 ], "texture": "#log_oak" },
        "west":  { "uv": [ 6.5625, 1, 6.75, 1.1875 ], "texture": "#log_oak" },
        "east":  { "uv": [ 6.5625, 1, 6.75, 1.1875 ], "texture": "#log_oak" }
    }
},
{
    "__comment": "00020",
    "from": [ 6.65625, 14.9375, 6.125 ],
    "to": [ 6.875, 15.1563, 6.34375 ],
    "faces": {
        "down":  { "uv": [ 7.875, 6.5625, 8.0625, 6.75 ], "texture": "#log_oak" },
        "up":    { "uv": [ 7.875, 6.5625, 8.0625, 6.75 ], "texture": "#log_oak" },
        "north": { "uv": [ 7.875, 1, 8.0625, 1.1875 ], "texture": "#log_oak" },
        "south": { "uv": [ 7.875, 1, 8.0625, 1.1875 ], "texture": "#log_oak" },
        "west":  { "uv": [ 6.5625, 1, 6.75, 1.1875 ], "texture": "#log_oak" },
        "east":  { "uv": [ 6.5625, 1, 6.75, 1.1875 ], "texture": "#log_oak" }
    }
},
{
    "__comment": "00020",
    "from": [ 6.78125, 14.9375, 5.9375 ],
    "to": [ 7, 15.1563, 6.15625 ],
    "faces": {
        "down":  { "uv": [ 7.875, 6.5625, 8.0625, 6.75 ], "texture": "#log_oak" },
        "up":    { "uv": [ 7.875, 6.5625, 8.0625, 6.75 ], "texture": "#log_oak" },
        "north": { "uv": [ 7.875, 1, 8.0625, 1.1875 ], "texture": "#log_oak" },
        "south": { "uv": [ 7.875, 1, 8.0625, 1.1875 ], "texture": "#log_oak" },
        "west":  { "uv": [ 6.5625, 1, 6.75, 1.1875 ], "texture": "#log_oak" },
        "east":  { "uv": [ 6.5625, 1, 6.75, 1.1875 ], "texture": "#log_oak" }
    }
},
{
    "__comment": "00020",
    "from": [ 6.90625, 14.9375, 5.8125 ],
    "to": [ 7.125, 15.1563, 6.03125 ],
    "faces": {
        "down":  { "uv": [ 7.875, 6.5625, 8.0625, 6.75 ], "texture": "#log_oak" },
        "up":    { "uv": [ 7.875, 6.5625, 8.0625, 6.75 ], "texture": "#log_oak" },
        "north": { "uv": [ 7.875, 1, 8.0625, 1.1875 ], "texture": "#log_oak" },
        "south": { "uv": [ 7.875, 1, 8.0625, 1.1875 ], "texture": "#log_oak" },
        "west":  { "uv": [ 6.5625, 1, 6.75, 1.1875 ], "texture": "#log_oak" },
        "east":  { "uv": [ 6.5625, 1, 6.75, 1.1875 ], "texture": "#log_oak" }
    }
},
{
    "__comment": "00020",
    "from": [ 7.0625, 14.9375, 5.71875 ],
    "to": [ 7.28125, 15.1563, 5.9375 ],
    "faces": {
        "down":  { "uv": [ 7.875, 6.5625, 8.0625, 6.75 ], "texture": "#log_oak" },
        "up":    { "uv": [ 7.875, 6.5625, 8.0625, 6.75 ], "texture": "#log_oak" },
        "north": { "uv": [ 7.875, 1, 8.0625, 1.1875 ], "texture": "#log_oak" },
        "south": { "uv": [ 7.875, 1, 8.0625, 1.1875 ], "texture": "#log_oak" },
        "west":  { "uv": [ 6.5625, 1, 6.75, 1.1875 ], "texture": "#log_oak" },
        "east":  { "uv": [ 6.5625, 1, 6.75, 1.1875 ], "texture": "#log_oak" }
    }
},
{
    "__comment": "00020",
    "from": [ 7.21875, 14.9375, 5.625 ],
    "to": [ 7.4375, 15.1563, 5.84375 ],
    "faces": {
        "down":  { "uv": [ 7.875, 6.5625, 8.0625, 6.75 ], "texture": "#log_oak" },
        "up":    { "uv": [ 7.875, 6.5625, 8.0625, 6.75 ], "texture": "#log_oak" },
        "north": { "uv": [ 7.875, 1, 8.0625, 1.1875 ], "texture": "#log_oak" },
        "south": { "uv": [ 7.875, 1, 8.0625, 1.1875 ], "texture": "#log_oak" },
        "west":  { "uv": [ 6.5625, 1, 6.75, 1.1875 ], "texture": "#log_oak" },
        "east":  { "uv": [ 6.5625, 1, 6.75, 1.1875 ], "texture": "#log_oak" }
    }
},
{
    "__comment": "00020",
    "from": [ 7.40625, 14.9375, 5.625 ],
    "to": [ 7.625, 15.1563, 5.84375 ],
    "faces": {
        "down":  { "uv": [ 7.875, 6.5625, 8.0625, 6.75 ], "texture": "#log_oak" },
        "up":    { "uv": [ 7.875, 6.5625, 8.0625, 6.75 ], "texture": "#log_oak" },
        "north": { "uv": [ 7.875, 1, 8.0625, 1.1875 ], "texture": "#log_oak" },
        "south": { "uv": [ 7.875, 1, 8.0625, 1.1875 ], "texture": "#log_oak" },
        "west":  { "uv": [ 6.5625, 1, 6.75, 1.1875 ], "texture": "#log_oak" },
        "east":  { "uv": [ 6.5625, 1, 6.75, 1.1875 ], "texture": "#log_oak" }
    }
},
{
    "__comment": "00020",
    "from": [ 7.5625, 14.9375, 5.65625 ],
    "to": [ 7.78125, 15.1563, 5.875 ],
    "faces": {
        "down":  { "uv": [ 7.875, 6.5625, 8.0625, 6.75 ], "texture": "#log_oak" },
        "up":    { "uv": [ 7.875, 6.5625, 8.0625, 6.75 ], "texture": "#log_oak" },
        "north": { "uv": [ 7.875, 1, 8.0625, 1.1875 ], "texture": "#log_oak" },
        "south": { "uv": [ 7.875, 1, 8.0625, 1.1875 ], "texture": "#log_oak" },
        "west":  { "uv": [ 6.5625, 1, 6.75, 1.1875 ], "texture": "#log_oak" },
        "east":  { "uv": [ 6.5625, 1, 6.75, 1.1875 ], "texture": "#log_oak" }
    }
},
{
    "__comment": "00020",
    "from": [ 7.71875, 14.9375, 5.75 ],
    "to": [ 7.9375, 15.1563, 5.96875 ],
    "faces": {
        "down":  { "uv": [ 7.875, 6.5625, 8.0625, 6.75 ], "texture": "#log_oak" },
        "up":    { "uv": [ 7.875, 6.5625, 8.0625, 6.75 ], "texture": "#log_oak" },
        "north": { "uv": [ 7.875, 1, 8.0625, 1.1875 ], "texture": "#log_oak" },
        "south": { "uv": [ 7.875, 1, 8.0625, 1.1875 ], "texture": "#log_oak" },
        "west":  { "uv": [ 6.5625, 1, 6.75, 1.1875 ], "texture": "#log_oak" },
        "east":  { "uv": [ 6.5625, 1, 6.75, 1.1875 ], "texture": "#log_oak" }
    }
},
{
    "__comment": "00020",
    "from": [ 7.875, 14.9375, 5.84375 ],
    "to": [ 8.09375, 15.1563, 6.0625 ],
    "faces": {
        "down":  { "uv": [ 7.875, 6.5625, 8.0625, 6.75 ], "texture": "#log_oak" },
        "up":    { "uv": [ 7.875, 6.5625, 8.0625, 6.75 ], "texture": "#log_oak" },
        "north": { "uv": [ 7.875, 1, 8.0625, 1.1875 ], "texture": "#log_oak" },
        "south": { "uv": [ 7.875, 1, 8.0625, 1.1875 ], "texture": "#log_oak" },
        "west":  { "uv": [ 6.5625, 1, 6.75, 1.1875 ], "texture": "#log_oak" },
        "east":  { "uv": [ 6.5625, 1, 6.75, 1.1875 ], "texture": "#log_oak" }
    }
},
{
    "__comment": "00020",
    "from": [ 7.96875, 14.9375, 5.9375 ],
    "to": [ 8.1875, 15.1563, 6.15625 ],
    "faces": {
        "down":  { "uv": [ 7.875, 6.5625, 8.0625, 6.75 ], "texture": "#log_oak" },
        "up":    { "uv": [ 7.875, 6.5625, 8.0625, 6.75 ], "texture": "#log_oak" },
        "north": { "uv": [ 7.875, 1, 8.0625, 1.1875 ], "texture": "#log_oak" },
        "south": { "uv": [ 7.875, 1, 8.0625, 1.1875 ], "texture": "#log_oak" },
        "west":  { "uv": [ 6.5625, 1, 6.75, 1.1875 ], "texture": "#log_oak" },
        "east":  { "uv": [ 6.5625, 1, 6.75, 1.1875 ], "texture": "#log_oak" }
    }
},
{
    "__comment": "00020",
    "from": [ 8.03125, 14.9375, 6.0625 ],
    "to": [ 8.25, 15.1563, 6.28125 ],
    "faces": {
        "down":  { "uv": [ 7.875, 6.5625, 8.0625, 6.75 ], "texture": "#log_oak" },
        "up":    { "uv": [ 7.875, 6.5625, 8.0625, 6.75 ], "texture": "#log_oak" },
        "north": { "uv": [ 7.875, 1, 8.0625, 1.1875 ], "texture": "#log_oak" },
        "south": { "uv": [ 7.875, 1, 8.0625, 1.1875 ], "texture": "#log_oak" },
        "west":  { "uv": [ 6.5625, 1, 6.75, 1.1875 ], "texture": "#log_oak" },
        "east":  { "uv": [ 6.5625, 1, 6.75, 1.1875 ], "texture": "#log_oak" }
    }
},
{
    "__comment": "00020",
    "from": [ 8.125, 14.9375, 6.21875 ],
    "to": [ 8.34375, 15.1563, 6.4375 ],
    "faces": {
        "down":  { "uv": [ 7.875, 6.5625, 8.0625, 6.75 ], "texture": "#log_oak" },
        "up":    { "uv": [ 7.875, 6.5625, 8.0625, 6.75 ], "texture": "#log_oak" },
        "north": { "uv": [ 7.875, 1, 8.0625, 1.1875 ], "texture": "#log_oak" },
        "south": { "uv": [ 7.875, 1, 8.0625, 1.1875 ], "texture": "#log_oak" },
        "west":  { "uv": [ 6.5625, 1, 6.75, 1.1875 ], "texture": "#log_oak" },
        "east":  { "uv": [ 6.5625, 1, 6.75, 1.1875 ], "texture": "#log_oak" }
    }
},
{
    "__comment": "00020",
    "from": [ 8.15625, 14.9375, 6.375 ],
    "to": [ 8.375, 15.1563, 6.59375 ],
    "faces": {
        "down":  { "uv": [ 7.875, 6.5625, 8.0625, 6.75 ], "texture": "#log_oak" },
        "up":    { "uv": [ 7.875, 6.5625, 8.0625, 6.75 ], "texture": "#log_oak" },
        "north": { "uv": [ 7.875, 1, 8.0625, 1.1875 ], "texture": "#log_oak" },
        "south": { "uv": [ 7.875, 1, 8.0625, 1.1875 ], "texture": "#log_oak" },
        "west":  { "uv": [ 6.5625, 1, 6.75, 1.1875 ], "texture": "#log_oak" },
        "east":  { "uv": [ 6.5625, 1, 6.75, 1.1875 ], "texture": "#log_oak" }
    }
},
{
    "__comment": "00020",
    "from": [ 8.125, 14.9375, 6.53125 ],
    "to": [ 8.34375, 15.1563, 6.75 ],
    "faces": {
        "down":  { "uv": [ 7.875, 6.5625, 8.0625, 6.75 ], "texture": "#log_oak" },
        "up":    { "uv": [ 7.875, 6.5625, 8.0625, 6.75 ], "texture": "#log_oak" },
        "north": { "uv": [ 7.875, 1, 8.0625, 1.1875 ], "texture": "#log_oak" },
        "south": { "uv": [ 7.875, 1, 8.0625, 1.1875 ], "texture": "#log_oak" },
        "west":  { "uv": [ 6.5625, 1, 6.75, 1.1875 ], "texture": "#log_oak" },
        "east":  { "uv": [ 6.5625, 1, 6.75, 1.1875 ], "texture": "#log_oak" }
    }
},
{
    "__comment": "00020",
    "from": [ 8.0625, 14.9375, 6.6875 ],
    "to": [ 8.28125, 15.1563, 6.90625 ],
    "faces": {
        "down":  { "uv": [ 7.875, 6.5625, 8.0625, 6.75 ], "texture": "#log_oak" },
        "up":    { "uv": [ 7.875, 6.5625, 8.0625, 6.75 ], "texture": "#log_oak" },
        "north": { "uv": [ 7.875, 1, 8.0625, 1.1875 ], "texture": "#log_oak" },
        "south": { "uv": [ 7.875, 1, 8.0625, 1.1875 ], "texture": "#log_oak" },
        "west":  { "uv": [ 6.5625, 1, 6.75, 1.1875 ], "texture": "#log_oak" },
        "east":  { "uv": [ 6.5625, 1, 6.75, 1.1875 ], "texture": "#log_oak" }
    }
},
{
    "__comment": "00020",
    "from": [ 7.96875, 14.9375, 6.8125 ],
    "to": [ 8.1875, 15.1563, 7.03125 ],
    "faces": {
        "down":  { "uv": [ 7.875, 6.5625, 8.0625, 6.75 ], "texture": "#log_oak" },
        "up":    { "uv": [ 7.875, 6.5625, 8.0625, 6.75 ], "texture": "#log_oak" },
        "north": { "uv": [ 7.875, 1, 8.0625, 1.1875 ], "texture": "#log_oak" },
        "south": { "uv": [ 7.875, 1, 8.0625, 1.1875 ], "texture": "#log_oak" },
        "west":  { "uv": [ 6.5625, 1, 6.75, 1.1875 ], "texture": "#log_oak" },
        "east":  { "uv": [ 6.5625, 1, 6.75, 1.1875 ], "texture": "#log_oak" }
    }
},
{
    "__comment": "00020",
    "from": [ 7.84375, 14.9375, 6.9375 ],
    "to": [ 8.0625, 15.1563, 7.15625 ],
    "faces": {
        "down":  { "uv": [ 7.875, 6.5625, 8.0625, 6.75 ], "texture": "#log_oak" },
        "up":    { "uv": [ 7.875, 6.5625, 8.0625, 6.75 ], "texture": "#log_oak" },
        "north": { "uv": [ 7.875, 1, 8.0625, 1.1875 ], "texture": "#log_oak" },
        "south": { "uv": [ 7.875, 1, 8.0625, 1.1875 ], "texture": "#log_oak" },
        "west":  { "uv": [ 6.5625, 1, 6.75, 1.1875 ], "texture": "#log_oak" },
        "east":  { "uv": [ 6.5625, 1, 6.75, 1.1875 ], "texture": "#log_oak" }
    }
},
{
    "__comment": "00020",
    "from": [ 7.6875, 14.9375, 7.0625 ],
    "to": [ 7.90625, 15.1563, 7.28125 ],
    "faces": {
        "down":  { "uv": [ 7.875, 6.5625, 8.0625, 6.75 ], "texture": "#log_oak" },
        "up":    { "uv": [ 7.875, 6.5625, 8.0625, 6.75 ], "texture": "#log_oak" },
        "north": { "uv": [ 7.875, 1, 8.0625, 1.1875 ], "texture": "#log_oak" },
        "south": { "uv": [ 7.875, 1, 8.0625, 1.1875 ], "texture": "#log_oak" },
        "west":  { "uv": [ 6.5625, 1, 6.75, 1.1875 ], "texture": "#log_oak" },
        "east":  { "uv": [ 6.5625, 1, 6.75, 1.1875 ], "texture": "#log_oak" }
    }
},
{
    "__comment": "00020",
    "from": [ 7.53125, 14.9375, 7.125 ],
    "to": [ 7.75, 15.1563, 7.34375 ],
    "faces": {
        "down":  { "uv": [ 7.875, 6.5625, 8.0625, 6.75 ], "texture": "#log_oak" },
        "up":    { "uv": [ 7.875, 6.5625, 8.0625, 6.75 ], "texture": "#log_oak" },
        "north": { "uv": [ 7.875, 1, 8.0625, 1.1875 ], "texture": "#log_oak" },
        "south": { "uv": [ 7.875, 1, 8.0625, 1.1875 ], "texture": "#log_oak" },
        "west":  { "uv": [ 6.5625, 1, 6.75, 1.1875 ], "texture": "#log_oak" },
        "east":  { "uv": [ 6.5625, 1, 6.75, 1.1875 ], "texture": "#log_oak" }
    }
},
{
    "__comment": "00020",
    "from": [ 7.34375, 14.9375, 7.125 ],
    "to": [ 7.5625, 15.1563, 7.34375 ],
    "faces": {
        "down":  { "uv": [ 7.875, 6.5625, 8.0625, 6.75 ], "texture": "#log_oak" },
        "up":    { "uv": [ 7.875, 6.5625, 8.0625, 6.75 ], "texture": "#log_oak" },
        "north": { "uv": [ 7.875, 1, 8.0625, 1.1875 ], "texture": "#log_oak" },
        "south": { "uv": [ 7.875, 1, 8.0625, 1.1875 ], "texture": "#log_oak" },
        "west":  { "uv": [ 6.5625, 1, 6.75, 1.1875 ], "texture": "#log_oak" },
        "east":  { "uv": [ 6.5625, 1, 6.75, 1.1875 ], "texture": "#log_oak" }
    }
},
{
    "__comment": "00020",
    "from": [ 7.15625, 14.9375, 7.09375 ],
    "to": [ 7.375, 15.1563, 7.3125 ],
    "faces": {
        "down":  { "uv": [ 7.875, 6.5625, 8.0625, 6.75 ], "texture": "#log_oak" },
        "up":    { "uv": [ 7.875, 6.5625, 8.0625, 6.75 ], "texture": "#log_oak" },
        "north": { "uv": [ 7.875, 1, 8.0625, 1.1875 ], "texture": "#log_oak" },
        "south": { "uv": [ 7.875, 1, 8.0625, 1.1875 ], "texture": "#log_oak" },
        "west":  { "uv": [ 6.5625, 1, 6.75, 1.1875 ], "texture": "#log_oak" },
        "east":  { "uv": [ 6.5625, 1, 6.75, 1.1875 ], "texture": "#log_oak" }
    }
},
{
    "__comment": "00020",
    "from": [ 7, 14.9375, 7 ],
    "to": [ 7.21875, 15.1563, 7.21875 ],
    "faces": {
        "down":  { "uv": [ 7.875, 6.5625, 8.0625, 6.75 ], "texture": "#log_oak" },
        "up":    { "uv": [ 7.875, 6.5625, 8.0625, 6.75 ], "texture": "#log_oak" },
        "north": { "uv": [ 7.875, 1, 8.0625, 1.1875 ], "texture": "#log_oak" },
        "south": { "uv": [ 7.875, 1, 8.0625, 1.1875 ], "texture": "#log_oak" },
        "west":  { "uv": [ 6.5625, 1, 6.75, 1.1875 ], "texture": "#log_oak" },
        "east":  { "uv": [ 6.5625, 1, 6.75, 1.1875 ], "texture": "#log_oak" }
    }
},
{
    "__comment": "00020",
    "from": [ 6.84375, 14.9375, 6.875 ],
    "to": [ 7.0625, 15.1563, 7.09375 ],
    "faces": {
        "down":  { "uv": [ 7.875, 6.5625, 8.0625, 6.75 ], "texture": "#log_oak" },
        "up":    { "uv": [ 7.875, 6.5625, 8.0625, 6.75 ], "texture": "#log_oak" },
        "north": { "uv": [ 7.875, 1, 8.0625, 1.1875 ], "texture": "#log_oak" },
        "south": { "uv": [ 7.875, 1, 8.0625, 1.1875 ], "texture": "#log_oak" },
        "west":  { "uv": [ 6.5625, 1, 6.75, 1.1875 ], "texture": "#log_oak" },
        "east":  { "uv": [ 6.5625, 1, 6.75, 1.1875 ], "texture": "#log_oak" }
    }
},
{
    "__comment": "00020",
    "from": [ 6.6875, 14.9375, 6.65625 ],
    "to": [ 6.90625, 15.1563, 6.875 ],
    "faces": {
        "down":  { "uv": [ 7.875, 6.5625, 8.0625, 6.75 ], "texture": "#log_oak" },
        "up":    { "uv": [ 7.875, 6.5625, 8.0625, 6.75 ], "texture": "#log_oak" },
        "north": { "uv": [ 7.875, 1, 8.0625, 1.1875 ], "texture": "#log_oak" },
        "south": { "uv": [ 7.875, 1, 8.0625, 1.1875 ], "texture": "#log_oak" },
        "west":  { "uv": [ 6.5625, 1, 6.75, 1.1875 ], "texture": "#log_oak" },
        "east":  { "uv": [ 6.5625, 1, 6.75, 1.1875 ], "texture": "#log_oak" }
    }
},
{
    "__comment": "00020",
    "from": [ 6.75, 14.9375, 6.78125 ],
    "to": [ 6.96875, 15.1563, 7 ],
    "faces": {
        "down":  { "uv": [ 7.875, 6.5625, 8.0625, 6.75 ], "texture": "#log_oak" },
        "up":    { "uv": [ 7.875, 6.5625, 8.0625, 6.75 ], "texture": "#log_oak" },
        "north": { "uv": [ 7.875, 1, 8.0625, 1.1875 ], "texture": "#log_oak" },
        "south": { "uv": [ 7.875, 1, 8.0625, 1.1875 ], "texture": "#log_oak" },
        "west":  { "uv": [ 6.5625, 1, 6.75, 1.1875 ], "texture": "#log_oak" },
        "east":  { "uv": [ 6.5625, 1, 6.75, 1.1875 ], "texture": "#log_oak" }
    }
}
],
"display": {
    "thirdperson_righthand": {
        "rotation": [ 34, 0, -10 ],
        "translation": [ 0.56, -2.27, 1.51 ],
        "scale": [ 1.5, 1.5, 1.5 ]
    },
    "thirdperson_lefthand": {
        "rotation": [ 34, 0, -10 ],
        "translation": [ 0.56, -2.27, 1.51 ],
        "scale": [ 1.5, 1.5, 1.5 ]
    },
    "head": {
        "rotation": [ -45, 0, 0 ],
        "translation": [ 0, 5.67, -3.4 ],
        "scale": [ 1, 1, 1 ]
    },
    "ground": {
        "rotation": [ 0, 0, 0 ],
        "translation": [ 0, 0, 0 ],
        "scale": [ 1, 1, 1 ]
    },
    "fixed": {
        "rotation": [ 27, 68, -10 ],
        "translation": [ 2.83, -14.17, 5.09 ],
        "scale": [ 3, 3, 3 ]
    },
    "firstperson_righthand": {
        "rotation": [ -11, 18, 11 ],
        "translation": [ 0, -1.89, 0 ],
        "scale": [ 1, 1, 1 ]
    },
    "firstperson_lefthand": {
        "rotation": [ -11, 18, 11 ],
        "translation": [ 0, -1.89, 0 ],
        "scale": [ 1, 1, 1 ]
    },
    "gui": {
        "rotation": [ 162, 6, -133 ],
        "translation": [ -2.27, -2.08, 0 ],
        "scale": [ 1, 1, 1 ]
    }
}
}