{
"__comment": "Designed by Flashtt with BDcraft Cubik PRO 0.96 Beta - http://bdcraft.net",
"textures": {
    "texture": "blocks/wool_colored_red",
    "prismarine_rough": "blocks/prismarine_rough",
    "sea_lantern": "blocks/sea_lantern",
    "water_still": "blocks/water_still",
    "glowstone": "blocks/glowstone",
    "fire_layer_0": "blocks/fire_layer_0",
    "cobblestone_mossy": "blocks/cobblestone_mossy",
    "log_oak": "blocks/log_oak",
    "log_oak_top": "blocks/log_oak_top",
    "leaves_big_oakII": "items/leaves_big_oakII",
    "fernII": "items/fernII",
    "emerald": "items/emerald",
    "Light_Circle_C": "items/THU"
},
"elements": [ 
{
    "__comment": "snowball x32",
    "from": [ 5.4, 7.8, 8.9 ],
    "to": [ 10.2, 8.4, 10.1 ],
    "faces": {
        "down":  { "uv": [ 16, 11.4, 0, 6.6 ], "texture": "#sea_lantern" },
        "up":    { "uv": [ 0, 6.6, 16, 11.4 ], "texture": "#sea_lantern" },
        "north": { "uv": [ 16, 7.4, 0, 9.8 ], "texture": "#sea_lantern" },
        "south": { "uv": [ 0, 7.4, 16, 9.8 ], "texture": "#sea_lantern" },
        "west":  { "uv": [ 6.6, 7.4, 11.4, 9.8 ], "texture": "#sea_lantern" },
        "east":  { "uv": [ 11.4, 7.4, 6.6, 9.8 ], "texture": "#sea_lantern" }
    }
},
{
    "__comment": "snowball x32",
    "from": [ 5.7, 7.8, 8.3 ],
    "to": [ 9.9, 8.4, 8.9 ],
    "faces": {
        "down":  { "uv": [ 16, 6.6, 0.4, 4.2 ], "texture": "#sea_lantern" },
        "up":    { "uv": [ 0, 4.2, 15.6, 6.6 ], "texture": "#sea_lantern" },
        "north": { "uv": [ 15.6, 7.4, 0, 9.8 ], "texture": "#sea_lantern" },
        "south": { "uv": [ 0, 7.4, 15.6, 9.8 ], "texture": "#sea_lantern" },
        "west":  { "uv": [ 4.2, 7.4, 6.6, 9.8 ], "texture": "#sea_lantern" },
        "east":  { "uv": [ 6.6, 7.4, 4.2, 9.8 ], "texture": "#sea_lantern" }
    }
},
{
    "__comment": "snowball x32",
    "from": [ 5.7, 7.8, 10.1 ],
    "to": [ 9.9, 8.4, 10.7 ],
    "faces": {
        "down":  { "uv": [ 16, 13.8, 0.4, 11.4 ], "texture": "#sea_lantern" },
        "up":    { "uv": [ 0, 11.4, 15.6, 13.8 ], "texture": "#sea_lantern" },
        "north": { "uv": [ 15.6, 7.4, 0, 9.8 ], "texture": "#sea_lantern" },
        "south": { "uv": [ 0, 7.4, 15.6, 9.8 ], "texture": "#sea_lantern" },
        "west":  { "uv": [ 11.4, 7.4, 13.8, 9.8 ], "texture": "#sea_lantern" },
        "east":  { "uv": [ 13.8, 7.4, 11.4, 9.8 ], "texture": "#sea_lantern" }
    }
},
{
    "__comment": "snowball x32",
    "from": [ 6, 7.8, 7.7 ],
    "to": [ 9.6, 8.4, 8.3 ],
    "faces": {
        "down":  { "uv": [ 16, 4.2, 1.6, 1.8 ], "texture": "#sea_lantern" },
        "up":    { "uv": [ 0, 1.8, 14.4, 4.2 ], "texture": "#sea_lantern" },
        "north": { "uv": [ 14.4, 7.4, 0, 9.8 ], "texture": "#sea_lantern" },
        "south": { "uv": [ 0, 7.4, 14.4, 9.8 ], "texture": "#sea_lantern" },
        "west":  { "uv": [ 1.8, 7.4, 4.2, 9.8 ], "texture": "#sea_lantern" },
        "east":  { "uv": [ 4.2, 7.4, 1.8, 9.8 ], "texture": "#sea_lantern" }
    }
},
{
    "__comment": "snowball x32",
    "from": [ 6, 7.8, 10.7 ],
    "to": [ 9.6, 8.4, 11.3 ],
    "faces": {
        "down":  { "uv": [ 16, 16, 1.6, 13.8 ], "texture": "#sea_lantern" },
        "up":    { "uv": [ 0, 13.8, 14.4, 16 ], "texture": "#sea_lantern" },
        "north": { "uv": [ 14.4, 7.4, 0, 9.8 ], "texture": "#sea_lantern" },
        "south": { "uv": [ 0, 7.4, 14.4, 9.8 ], "texture": "#sea_lantern" },
        "west":  { "uv": [ 13.8, 7.4, 16, 9.8 ], "texture": "#sea_lantern" },
        "east":  { "uv": [ 16, 7.4, 13.8, 9.8 ], "texture": "#sea_lantern" }
    }
},
{
    "__comment": "snowball x32",
    "from": [ 6.6, 7.8, 7.4 ],
    "to": [ 9, 8.4, 7.7 ],
    "faces": {
        "down":  { "uv": [ 13.6, 1.8, 4, 0.6 ], "texture": "#sea_lantern" },
        "up":    { "uv": [ 2.4, 0.6, 12, 1.8 ], "texture": "#sea_lantern" },
        "north": { "uv": [ 12, 7.4, 2.4, 9.8 ], "texture": "#sea_lantern" },
        "south": { "uv": [ 2.4, 7.4, 12, 9.8 ], "texture": "#sea_lantern" },
        "west":  { "uv": [ 0.6, 7.4, 1.8, 9.8 ], "texture": "#sea_lantern" },
        "east":  { "uv": [ 1.8, 7.4, 0.6, 9.8 ], "texture": "#sea_lantern" }
    }
},
{
    "__comment": "snowball x32",
    "from": [ 6.6, 7.8, 11.3 ],
    "to": [ 9, 8.4, 11.6 ],
    "faces": {
        "down":  { "uv": [ 13.6, 16, 4, 16 ], "texture": "#sea_lantern" },
        "up":    { "uv": [ 2.4, 16, 12, 16 ], "texture": "#sea_lantern" },
        "north": { "uv": [ 12, 7.4, 2.4, 9.8 ], "texture": "#sea_lantern" },
        "south": { "uv": [ 2.4, 7.4, 12, 9.8 ], "texture": "#sea_lantern" },
        "west":  { "uv": [ 16, 7.4, 16, 9.8 ], "texture": "#sea_lantern" },
        "east":  { "uv": [ 16, 7.4, 16, 9.8 ], "texture": "#sea_lantern" }
    }
},
{
    "__comment": "snowball x32",
    "from": [ 7.2, 7.8, 7.1 ],
    "to": [ 8.4, 8.4, 7.4 ],
    "faces": {
        "down":  { "uv": [ 11.2, 0.6, 6.4, 0 ], "texture": "#sea_lantern" },
        "up":    { "uv": [ 4.8, 0, 9.6, 0.6 ], "texture": "#sea_lantern" },
        "north": { "uv": [ 9.6, 7.4, 4.8, 9.8 ], "texture": "#sea_lantern" },
        "south": { "uv": [ 4.8, 7.4, 9.6, 9.8 ], "texture": "#sea_lantern" },
        "west":  { "uv": [ 0, 7.4, 0.6, 9.8 ], "texture": "#sea_lantern" },
        "east":  { "uv": [ 0.6, 7.4, 0, 9.8 ], "texture": "#sea_lantern" }
    }
},
{
    "__comment": "snowball x32",
    "from": [ 7.2, 7.8, 11.6 ],
    "to": [ 8.4, 8.4, 11.9 ],
    "faces": {
        "down":  { "uv": [ 11.2, 16, 6.4, 16 ], "texture": "#sea_lantern" },
        "up":    { "uv": [ 4.8, 16, 9.6, 16 ], "texture": "#sea_lantern" },
        "north": { "uv": [ 9.6, 7.4, 4.8, 9.8 ], "texture": "#sea_lantern" },
        "south": { "uv": [ 4.8, 7.4, 9.6, 9.8 ], "texture": "#sea_lantern" },
        "west":  { "uv": [ 16, 7.4, 16, 9.8 ], "texture": "#sea_lantern" },
        "east":  { "uv": [ 16, 7.4, 16, 9.8 ], "texture": "#sea_lantern" }
    }
},
{
    "__comment": "snowball x32*",
    "from": [ 5.4, 7.5, 9.2 ],
    "to": [ 10.2, 8.7, 9.8 ],
    "faces": {
        "down":  { "uv": [ 16, 10.2, 0, 7.8 ], "texture": "#sea_lantern" },
        "up":    { "uv": [ 0, 7.8, 16, 10.2 ], "texture": "#sea_lantern" },
        "north": { "uv": [ 16, 6.2, 0, 11 ], "texture": "#sea_lantern" },
        "south": { "uv": [ 0, 6.2, 16, 11 ], "texture": "#sea_lantern" },
        "west":  { "uv": [ 7.8, 6.2, 10.2, 11 ], "texture": "#sea_lantern" },
        "east":  { "uv": [ 10.2, 6.2, 7.8, 11 ], "texture": "#sea_lantern" }
    }
},
{
    "__comment": "snowball x32*",
    "from": [ 5.7, 8.7, 9.2 ],
    "to": [ 9.9, 9.3, 9.8 ],
    "faces": {
        "down":  { "uv": [ 16, 10.2, 0.4, 7.8 ], "texture": "#sea_lantern" },
        "up":    { "uv": [ 0, 7.8, 15.6, 10.2 ], "texture": "#sea_lantern" },
        "north": { "uv": [ 15.6, 3.8, 0, 6.2 ], "texture": "#sea_lantern" },
        "south": { "uv": [ 0, 3.8, 15.6, 6.2 ], "texture": "#sea_lantern" },
        "west":  { "uv": [ 7.8, 3.8, 10.2, 6.2 ], "texture": "#sea_lantern" },
        "east":  { "uv": [ 10.2, 3.8, 7.8, 6.2 ], "texture": "#sea_lantern" }
    }
},
{
    "__comment": "snowball x32*",
    "from": [ 5.7, 6.9, 9.2 ],
    "to": [ 9.9, 7.5, 9.8 ],
    "faces": {
        "down":  { "uv": [ 16, 10.2, 0.4, 7.8 ], "texture": "#sea_lantern" },
        "up":    { "uv": [ 0, 7.8, 15.6, 10.2 ], "texture": "#sea_lantern" },
        "north": { "uv": [ 15.6, 11, 0, 13.4 ], "texture": "#sea_lantern" },
        "south": { "uv": [ 0, 11, 15.6, 13.4 ], "texture": "#sea_lantern" },
        "west":  { "uv": [ 7.8, 11, 10.2, 13.4 ], "texture": "#sea_lantern" },
        "east":  { "uv": [ 10.2, 11, 7.8, 13.4 ], "texture": "#sea_lantern" }
    }
},
{
    "__comment": "snowball x32*",
    "from": [ 6, 9.3, 9.2 ],
    "to": [ 9.6, 9.9, 9.8 ],
    "faces": {
        "down":  { "uv": [ 16, 10.2, 1.6, 7.8 ], "texture": "#sea_lantern" },
        "up":    { "uv": [ 0, 7.8, 14.4, 10.2 ], "texture": "#sea_lantern" },
        "north": { "uv": [ 14.4, 1.4, 0, 3.8 ], "texture": "#sea_lantern" },
        "south": { "uv": [ 0, 1.4, 14.4, 3.8 ], "texture": "#sea_lantern" },
        "west":  { "uv": [ 7.8, 1.4, 10.2, 3.8 ], "texture": "#sea_lantern" },
        "east":  { "uv": [ 10.2, 1.4, 7.8, 3.8 ], "texture": "#sea_lantern" }
    }
},
{
    "__comment": "snowball x32*",
    "from": [ 6, 6.3, 9.2 ],
    "to": [ 9.6, 6.9, 9.8 ],
    "faces": {
        "down":  { "uv": [ 16, 10.2, 1.6, 7.8 ], "texture": "#sea_lantern" },
        "up":    { "uv": [ 0, 7.8, 14.4, 10.2 ], "texture": "#sea_lantern" },
        "north": { "uv": [ 14.4, 13.4, 0, 15.8 ], "texture": "#sea_lantern" },
        "south": { "uv": [ 0, 13.4, 14.4, 15.8 ], "texture": "#sea_lantern" },
        "west":  { "uv": [ 7.8, 13.4, 10.2, 15.8 ], "texture": "#sea_lantern" },
        "east":  { "uv": [ 10.2, 13.4, 7.8, 15.8 ], "texture": "#sea_lantern" }
    }
},
{
    "__comment": "snowball x32*",
    "from": [ 6.6, 9.9, 9.2 ],
    "to": [ 9, 10.2, 9.8 ],
    "faces": {
        "down":  { "uv": [ 13.6, 10.2, 4, 7.8 ], "texture": "#sea_lantern" },
        "up":    { "uv": [ 2.4, 7.8, 12, 10.2 ], "texture": "#sea_lantern" },
        "north": { "uv": [ 12, 0.2, 2.4, 1.4 ], "texture": "#sea_lantern" },
        "south": { "uv": [ 2.4, 0.2, 12, 1.4 ], "texture": "#sea_lantern" },
        "west":  { "uv": [ 7.8, 0.2, 10.2, 1.4 ], "texture": "#sea_lantern" },
        "east":  { "uv": [ 10.2, 0.2, 7.8, 1.4 ], "texture": "#sea_lantern" }
    }
},
{
    "__comment": "snowball x32*",
    "from": [ 6.6, 6, 9.2 ],
    "to": [ 9, 6.3, 9.8 ],
    "faces": {
        "down":  { "uv": [ 13.6, 10.2, 4, 7.8 ], "texture": "#sea_lantern" },
        "up":    { "uv": [ 2.4, 7.8, 12, 10.2 ], "texture": "#sea_lantern" },
        "north": { "uv": [ 12, 15.8, 2.4, 16 ], "texture": "#sea_lantern" },
        "south": { "uv": [ 2.4, 15.8, 12, 16 ], "texture": "#sea_lantern" },
        "west":  { "uv": [ 7.8, 15.8, 10.2, 16 ], "texture": "#sea_lantern" },
        "east":  { "uv": [ 10.2, 15.8, 7.8, 16 ], "texture": "#sea_lantern" }
    }
},
{
    "__comment": "snowball x32*",
    "from": [ 7.2, 10.2, 9.2 ],
    "to": [ 8.4, 10.5, 9.8 ],
    "faces": {
        "down":  { "uv": [ 11.2, 10.2, 6.4, 7.8 ], "texture": "#sea_lantern" },
        "up":    { "uv": [ 4.8, 7.8, 9.6, 10.2 ], "texture": "#sea_lantern" },
        "north": { "uv": [ 9.6, 0, 4.8, 0.2 ], "texture": "#sea_lantern" },
        "south": { "uv": [ 4.8, 0, 9.6, 0.2 ], "texture": "#sea_lantern" },
        "west":  { "uv": [ 7.8, 0, 10.2, 0.2 ], "texture": "#sea_lantern" },
        "east":  { "uv": [ 10.2, 0, 7.8, 0.2 ], "texture": "#sea_lantern" }
    }
},
{
    "__comment": "snowball x32*",
    "from": [ 7.2, 5.7, 9.2 ],
    "to": [ 8.4, 6, 9.8 ],
    "faces": {
        "down":  { "uv": [ 11.2, 10.2, 6.4, 7.8 ], "texture": "#sea_lantern" },
        "up":    { "uv": [ 4.8, 7.8, 9.6, 10.2 ], "texture": "#sea_lantern" },
        "north": { "uv": [ 9.6, 16, 4.8, 16 ], "texture": "#sea_lantern" },
        "south": { "uv": [ 4.8, 16, 9.6, 16 ], "texture": "#sea_lantern" },
        "west":  { "uv": [ 7.8, 16, 10.2, 16 ], "texture": "#sea_lantern" },
        "east":  { "uv": [ 10.2, 16, 7.8, 16 ], "texture": "#sea_lantern" }
    }
},
{
    "__comment": "snowball x32*",
    "from": [ 7.5, 7.5, 7.1 ],
    "to": [ 8.1, 8.7, 11.9 ],
    "faces": {
        "down":  { "uv": [ 10, 16, 7.6, 0 ], "texture": "#sea_lantern" },
        "up":    { "uv": [ 6, 0, 8.4, 16 ], "texture": "#sea_lantern" },
        "north": { "uv": [ 8.4, 6.2, 6, 11 ], "texture": "#sea_lantern" },
        "south": { "uv": [ 6, 6.2, 8.4, 11 ], "texture": "#sea_lantern" },
        "west":  { "uv": [ 0, 6.2, 16, 11 ], "texture": "#sea_lantern" },
        "east":  { "uv": [ 16, 6.2, 0, 11 ], "texture": "#sea_lantern" }
    }
},
{
    "__comment": "snowball x32*",
    "from": [ 7.5, 8.7, 7.4 ],
    "to": [ 8.1, 9.3, 11.6 ],
    "faces": {
        "down":  { "uv": [ 10, 16, 7.6, 0.6 ], "texture": "#sea_lantern" },
        "up":    { "uv": [ 6, 0.6, 8.4, 16 ], "texture": "#sea_lantern" },
        "north": { "uv": [ 8.4, 3.8, 6, 6.2 ], "texture": "#sea_lantern" },
        "south": { "uv": [ 6, 3.8, 8.4, 6.2 ], "texture": "#sea_lantern" },
        "west":  { "uv": [ 0.6, 3.8, 16, 6.2 ], "texture": "#sea_lantern" },
        "east":  { "uv": [ 16, 3.8, 0.6, 6.2 ], "texture": "#sea_lantern" }
    }
},
{
    "__comment": "snowball x32*",
    "from": [ 7.5, 6.9, 7.4 ],
    "to": [ 8.1, 7.5, 11.6 ],
    "faces": {
        "down":  { "uv": [ 10, 16, 7.6, 0.6 ], "texture": "#sea_lantern" },
        "up":    { "uv": [ 6, 0.6, 8.4, 16 ], "texture": "#sea_lantern" },
        "north": { "uv": [ 8.4, 11, 6, 13.4 ], "texture": "#sea_lantern" },
        "south": { "uv": [ 6, 11, 8.4, 13.4 ], "texture": "#sea_lantern" },
        "west":  { "uv": [ 0.6, 11, 16, 13.4 ], "texture": "#sea_lantern" },
        "east":  { "uv": [ 16, 11, 0.6, 13.4 ], "texture": "#sea_lantern" }
    }
},
{
    "__comment": "snowball x32*",
    "from": [ 7.5, 9.3, 7.7 ],
    "to": [ 8.1, 9.9, 11.3 ],
    "faces": {
        "down":  { "uv": [ 10, 16, 7.6, 1.8 ], "texture": "#sea_lantern" },
        "up":    { "uv": [ 6, 1.8, 8.4, 16 ], "texture": "#sea_lantern" },
        "north": { "uv": [ 8.4, 1.4, 6, 3.8 ], "texture": "#sea_lantern" },
        "south": { "uv": [ 6, 1.4, 8.4, 3.8 ], "texture": "#sea_lantern" },
        "west":  { "uv": [ 1.8, 1.4, 16, 3.8 ], "texture": "#sea_lantern" },
        "east":  { "uv": [ 16, 1.4, 1.8, 3.8 ], "texture": "#sea_lantern" }
    }
},
{
    "__comment": "snowball x32*",
    "from": [ 7.5, 6.3, 7.7 ],
    "to": [ 8.1, 6.9, 11.3 ],
    "faces": {
        "down":  { "uv": [ 10, 16, 7.6, 1.8 ], "texture": "#sea_lantern" },
        "up":    { "uv": [ 6, 1.8, 8.4, 16 ], "texture": "#sea_lantern" },
        "north": { "uv": [ 8.4, 13.4, 6, 15.8 ], "texture": "#sea_lantern" },
        "south": { "uv": [ 6, 13.4, 8.4, 15.8 ], "texture": "#sea_lantern" },
        "west":  { "uv": [ 1.8, 13.4, 16, 15.8 ], "texture": "#sea_lantern" },
        "east":  { "uv": [ 16, 13.4, 1.8, 15.8 ], "texture": "#sea_lantern" }
    }
},
{
    "__comment": "snowball x32*",
    "from": [ 7.5, 9.9, 8.3 ],
    "to": [ 8.1, 10.2, 10.7 ],
    "faces": {
        "down":  { "uv": [ 10, 13.8, 7.6, 4.2 ], "texture": "#sea_lantern" },
        "up":    { "uv": [ 6, 4.2, 8.4, 13.8 ], "texture": "#sea_lantern" },
        "north": { "uv": [ 8.4, 0.2, 6, 1.4 ], "texture": "#sea_lantern" },
        "south": { "uv": [ 6, 0.2, 8.4, 1.4 ], "texture": "#sea_lantern" },
        "west":  { "uv": [ 4.2, 0.2, 13.8, 1.4 ], "texture": "#sea_lantern" },
        "east":  { "uv": [ 13.8, 0.2, 4.2, 1.4 ], "texture": "#sea_lantern" }
    }
},
{
    "__comment": "snowball x32*",
    "from": [ 7.5, 6, 8.3 ],
    "to": [ 8.1, 6.3, 10.7 ],
    "faces": {
        "down":  { "uv": [ 10, 13.8, 7.6, 4.2 ], "texture": "#sea_lantern" },
        "up":    { "uv": [ 6, 4.2, 8.4, 13.8 ], "texture": "#sea_lantern" },
        "north": { "uv": [ 8.4, 15.8, 6, 16 ], "texture": "#sea_lantern" },
        "south": { "uv": [ 6, 15.8, 8.4, 16 ], "texture": "#sea_lantern" },
        "west":  { "uv": [ 4.2, 15.8, 13.8, 16 ], "texture": "#sea_lantern" },
        "east":  { "uv": [ 13.8, 15.8, 4.2, 16 ], "texture": "#sea_lantern" }
    }
},
{
    "__comment": "snowball x32*",
    "from": [ 7.5, 10.2, 8.9 ],
    "to": [ 8.1, 10.5, 10.1 ],
    "faces": {
        "down":  { "uv": [ 10, 11.4, 7.6, 6.6 ], "texture": "#sea_lantern" },
        "up":    { "uv": [ 6, 6.6, 8.4, 11.4 ], "texture": "#sea_lantern" },
        "north": { "uv": [ 8.4, 0, 6, 0.2 ], "texture": "#sea_lantern" },
        "south": { "uv": [ 6, 0, 8.4, 0.2 ], "texture": "#sea_lantern" },
        "west":  { "uv": [ 6.6, 0, 11.4, 0.2 ], "texture": "#sea_lantern" },
        "east":  { "uv": [ 11.4, 0, 6.6, 0.2 ], "texture": "#sea_lantern" }
    }
},
{
    "__comment": "snowball x32*",
    "from": [ 7.5, 5.7, 8.9 ],
    "to": [ 8.1, 6, 10.1 ],
    "faces": {
        "down":  { "uv": [ 10, 11.4, 7.6, 6.6 ], "texture": "#sea_lantern" },
        "up":    { "uv": [ 6, 6.6, 8.4, 11.4 ], "texture": "#sea_lantern" },
        "north": { "uv": [ 8.4, 16, 6, 16 ], "texture": "#sea_lantern" },
        "south": { "uv": [ 6, 16, 8.4, 16 ], "texture": "#sea_lantern" },
        "west":  { "uv": [ 6.6, 16, 11.4, 16 ], "texture": "#sea_lantern" },
        "east":  { "uv": [ 11.4, 16, 6.6, 16 ], "texture": "#sea_lantern" }
    }
},
{
    "__comment": "side",
    "from": [ 6.9, 9.45, 9.8 ],
    "to": [ 7.5, 10.05, 10.4 ],
    "faces": {
        "down":  { "uv": [ 12.4, 12.6, 10, 10.2 ], "texture": "#sea_lantern" },
        "up":    { "uv": [ 3.6, 10.2, 6, 12.6 ], "texture": "#sea_lantern" },
        "north": { "uv": [ 6, 0.8, 3.6, 3.2 ], "texture": "#sea_lantern" },
        "south": { "uv": [ 3.6, 0.8, 6, 3.2 ], "texture": "#sea_lantern" },
        "west":  { "uv": [ 10.2, 0.8, 12.6, 3.2 ], "texture": "#sea_lantern" },
        "east":  { "uv": [ 12.6, 0.8, 10.2, 3.2 ], "texture": "#sea_lantern" }
    }
},
{
    "__comment": "side",
    "from": [ 6.3, 9.15, 9.8 ],
    "to": [ 6.9, 9.75, 10.4 ],
    "faces": {
        "down":  { "uv": [ 14.8, 12.6, 12.4, 10.2 ], "texture": "#sea_lantern" },
        "up":    { "uv": [ 1.2, 10.2, 3.6, 12.6 ], "texture": "#sea_lantern" },
        "north": { "uv": [ 3.6, 2, 1.2, 4.4 ], "texture": "#sea_lantern" },
        "south": { "uv": [ 1.2, 2, 3.6, 4.4 ], "texture": "#sea_lantern" },
        "west":  { "uv": [ 10.2, 2, 12.6, 4.4 ], "texture": "#sea_lantern" },
        "east":  { "uv": [ 12.6, 2, 10.2, 4.4 ], "texture": "#sea_lantern" }
    }
},
{
    "__comment": "side",
    "from": [ 6.9, 9.15, 10.4 ],
    "to": [ 7.5, 9.75, 11 ],
    "faces": {
        "down":  { "uv": [ 12.4, 15, 10, 12.6 ], "texture": "#sea_lantern" },
        "up":    { "uv": [ 3.6, 12.6, 6, 15 ], "texture": "#sea_lantern" },
        "north": { "uv": [ 6, 2, 3.6, 4.4 ], "texture": "#sea_lantern" },
        "south": { "uv": [ 3.6, 2, 6, 4.4 ], "texture": "#sea_lantern" },
        "west":  { "uv": [ 12.6, 2, 15, 4.4 ], "texture": "#sea_lantern" },
        "east":  { "uv": [ 15, 2, 12.6, 4.4 ], "texture": "#sea_lantern" }
    }
},
{
    "__comment": "side",
    "from": [ 6.45, 8.85, 10.25 ],
    "to": [ 7.05, 9.45, 10.85 ],
    "faces": {
        "down":  { "uv": [ 14.2, 14.4, 11.8, 12 ], "texture": "#sea_lantern" },
        "up":    { "uv": [ 1.8, 12, 4.2, 14.4 ], "texture": "#sea_lantern" },
        "north": { "uv": [ 4.2, 3.2, 1.8, 5.6 ], "texture": "#sea_lantern" },
        "south": { "uv": [ 1.8, 3.2, 4.2, 5.6 ], "texture": "#sea_lantern" },
        "west":  { "uv": [ 12, 3.2, 14.4, 5.6 ], "texture": "#sea_lantern" },
        "east":  { "uv": [ 14.4, 3.2, 12, 5.6 ], "texture": "#sea_lantern" }
    }
},
{
    "__comment": "side",
    "from": [ 6.9, 8.7, 10.85 ],
    "to": [ 7.5, 9.3, 11.45 ],
    "faces": {
        "down":  { "uv": [ 12.4, 16, 10, 14.4 ], "texture": "#sea_lantern" },
        "up":    { "uv": [ 3.6, 14.4, 6, 16 ], "texture": "#sea_lantern" },
        "north": { "uv": [ 6, 3.8, 3.6, 6.2 ], "texture": "#sea_lantern" },
        "south": { "uv": [ 3.6, 3.8, 6, 6.2 ], "texture": "#sea_lantern" },
        "west":  { "uv": [ 14.4, 3.8, 16, 6.2 ], "texture": "#sea_lantern" },
        "east":  { "uv": [ 16, 3.8, 14.4, 6.2 ], "texture": "#sea_lantern" }
    }
},
{
    "__comment": "side",
    "from": [ 5.85, 8.7, 9.8 ],
    "to": [ 6.45, 9.3, 10.4 ],
    "faces": {
        "down":  { "uv": [ 16, 12.6, 14.2, 10.2 ], "texture": "#sea_lantern" },
        "up":    { "uv": [ 0, 10.2, 1.8, 12.6 ], "texture": "#sea_lantern" },
        "north": { "uv": [ 1.8, 3.8, 0, 6.2 ], "texture": "#sea_lantern" },
        "south": { "uv": [ 0, 3.8, 1.8, 6.2 ], "texture": "#sea_lantern" },
        "west":  { "uv": [ 10.2, 3.8, 12.6, 6.2 ], "texture": "#sea_lantern" },
        "east":  { "uv": [ 12.6, 3.8, 10.2, 6.2 ], "texture": "#sea_lantern" }
    }
},
{
    "__comment": "side",
    "from": [ 6.9, 8.4, 11.15 ],
    "to": [ 7.5, 9, 11.75 ],
    "faces": {
        "down":  { "uv": [ 12.4, 16, 10, 15.6 ], "texture": "#sea_lantern" },
        "up":    { "uv": [ 3.6, 15.6, 6, 16 ], "texture": "#sea_lantern" },
        "north": { "uv": [ 6, 5, 3.6, 7.4 ], "texture": "#sea_lantern" },
        "south": { "uv": [ 3.6, 5, 6, 7.4 ], "texture": "#sea_lantern" },
        "west":  { "uv": [ 15.6, 5, 16, 7.4 ], "texture": "#sea_lantern" },
        "east":  { "uv": [ 16, 5, 15.6, 7.4 ], "texture": "#sea_lantern" }
    }
},
{
    "__comment": "side",
    "from": [ 6.3, 8.4, 10.85 ],
    "to": [ 6.9, 9, 11.45 ],
    "faces": {
        "down":  { "uv": [ 14.8, 16, 12.4, 14.4 ], "texture": "#sea_lantern" },
        "up":    { "uv": [ 1.2, 14.4, 3.6, 16 ], "texture": "#sea_lantern" },
        "north": { "uv": [ 3.6, 5, 1.2, 7.4 ], "texture": "#sea_lantern" },
        "south": { "uv": [ 1.2, 5, 3.6, 7.4 ], "texture": "#sea_lantern" },
        "west":  { "uv": [ 14.4, 5, 16, 7.4 ], "texture": "#sea_lantern" },
        "east":  { "uv": [ 16, 5, 14.4, 7.4 ], "texture": "#sea_lantern" }
    }
},
{
    "__comment": "side",
    "from": [ 5.85, 8.4, 10.4 ],
    "to": [ 6.45, 9, 11 ],
    "faces": {
        "down":  { "uv": [ 16, 15, 14.2, 12.6 ], "texture": "#sea_lantern" },
        "up":    { "uv": [ 0, 12.6, 1.8, 15 ], "texture": "#sea_lantern" },
        "north": { "uv": [ 1.8, 5, 0, 7.4 ], "texture": "#sea_lantern" },
        "south": { "uv": [ 0, 5, 1.8, 7.4 ], "texture": "#sea_lantern" },
        "west":  { "uv": [ 12.6, 5, 15, 7.4 ], "texture": "#sea_lantern" },
        "east":  { "uv": [ 15, 5, 12.6, 7.4 ], "texture": "#sea_lantern" }
    }
},
{
    "__comment": "side",
    "from": [ 5.55, 8.4, 9.8 ],
    "to": [ 6.15, 9, 10.4 ],
    "faces": {
        "down":  { "uv": [ 16, 12.6, 15.4, 10.2 ], "texture": "#sea_lantern" },
        "up":    { "uv": [ 0, 10.2, 0.6, 12.6 ], "texture": "#sea_lantern" },
        "north": { "uv": [ 0.6, 5, 0, 7.4 ], "texture": "#sea_lantern" },
        "south": { "uv": [ 0, 5, 0.6, 7.4 ], "texture": "#sea_lantern" },
        "west":  { "uv": [ 10.2, 5, 12.6, 7.4 ], "texture": "#sea_lantern" },
        "east":  { "uv": [ 12.6, 5, 10.2, 7.4 ], "texture": "#sea_lantern" }
    }
},
{
    "__comment": "side*",
    "from": [ 6.9, 7.2, 10.85 ],
    "to": [ 7.5, 7.8, 11.45 ],
    "faces": {
        "down":  { "uv": [ 12.4, 16, 10, 14.4 ], "texture": "#sea_lantern" },
        "up":    { "uv": [ 3.6, 14.4, 6, 16 ], "texture": "#sea_lantern" },
        "north": { "uv": [ 6, 9.8, 3.6, 12.2 ], "texture": "#sea_lantern" },
        "south": { "uv": [ 3.6, 9.8, 6, 12.2 ], "texture": "#sea_lantern" },
        "west":  { "uv": [ 14.4, 9.8, 16, 12.2 ], "texture": "#sea_lantern" },
        "east":  { "uv": [ 16, 9.8, 14.4, 12.2 ], "texture": "#sea_lantern" }
    }
},
{
    "__comment": "side*",
    "from": [ 6.3, 7.2, 10.55 ],
    "to": [ 6.9, 7.8, 11.15 ],
    "faces": {
        "down":  { "uv": [ 14.8, 15.6, 12.4, 13.2 ], "texture": "#sea_lantern" },
        "up":    { "uv": [ 1.2, 13.2, 3.6, 15.6 ], "texture": "#sea_lantern" },
        "north": { "uv": [ 3.6, 9.8, 1.2, 12.2 ], "texture": "#sea_lantern" },
        "south": { "uv": [ 1.2, 9.8, 3.6, 12.2 ], "texture": "#sea_lantern" },
        "west":  { "uv": [ 13.2, 9.8, 15.6, 12.2 ], "texture": "#sea_lantern" },
        "east":  { "uv": [ 15.6, 9.8, 13.2, 12.2 ], "texture": "#sea_lantern" }
    }
},
{
    "__comment": "side*",
    "from": [ 6.9, 6.6, 10.55 ],
    "to": [ 7.5, 7.2, 11.15 ],
    "faces": {
        "down":  { "uv": [ 12.4, 15.6, 10, 13.2 ], "texture": "#sea_lantern" },
        "up":    { "uv": [ 3.6, 13.2, 6, 15.6 ], "texture": "#sea_lantern" },
        "north": { "uv": [ 6, 12.2, 3.6, 14.6 ], "texture": "#sea_lantern" },
        "south": { "uv": [ 3.6, 12.2, 6, 14.6 ], "texture": "#sea_lantern" },
        "west":  { "uv": [ 13.2, 12.2, 15.6, 14.6 ], "texture": "#sea_lantern" },
        "east":  { "uv": [ 15.6, 12.2, 13.2, 14.6 ], "texture": "#sea_lantern" }
    }
},
{
    "__comment": "side*",
    "from": [ 6.45, 6.75, 10.25 ],
    "to": [ 7.05, 7.35, 10.85 ],
    "faces": {
        "down":  { "uv": [ 14.2, 14.4, 11.8, 12 ], "texture": "#sea_lantern" },
        "up":    { "uv": [ 1.8, 12, 4.2, 14.4 ], "texture": "#sea_lantern" },
        "north": { "uv": [ 4.2, 11.6, 1.8, 14 ], "texture": "#sea_lantern" },
        "south": { "uv": [ 1.8, 11.6, 4.2, 14 ], "texture": "#sea_lantern" },
        "west":  { "uv": [ 12, 11.6, 14.4, 14 ], "texture": "#sea_lantern" },
        "east":  { "uv": [ 14.4, 11.6, 12, 14 ], "texture": "#sea_lantern" }
    }
},
{
    "__comment": "side*",
    "from": [ 6.9, 6.15, 10.1 ],
    "to": [ 7.5, 6.75, 10.7 ],
    "faces": {
        "down":  { "uv": [ 12.4, 13.8, 10, 11.4 ], "texture": "#sea_lantern" },
        "up":    { "uv": [ 3.6, 11.4, 6, 13.8 ], "texture": "#sea_lantern" },
        "north": { "uv": [ 6, 14, 3.6, 16 ], "texture": "#sea_lantern" },
        "south": { "uv": [ 3.6, 14, 6, 16 ], "texture": "#sea_lantern" },
        "west":  { "uv": [ 11.4, 14, 13.8, 16 ], "texture": "#sea_lantern" },
        "east":  { "uv": [ 13.8, 14, 11.4, 16 ], "texture": "#sea_lantern" }
    }
},
{
    "__comment": "side*",
    "from": [ 5.85, 7.2, 10.1 ],
    "to": [ 6.45, 7.8, 10.7 ],
    "faces": {
        "down":  { "uv": [ 16, 13.8, 14.2, 11.4 ], "texture": "#sea_lantern" },
        "up":    { "uv": [ 0, 11.4, 1.8, 13.8 ], "texture": "#sea_lantern" },
        "north": { "uv": [ 1.8, 9.8, 0, 12.2 ], "texture": "#sea_lantern" },
        "south": { "uv": [ 0, 9.8, 1.8, 12.2 ], "texture": "#sea_lantern" },
        "west":  { "uv": [ 11.4, 9.8, 13.8, 12.2 ], "texture": "#sea_lantern" },
        "east":  { "uv": [ 13.8, 9.8, 11.4, 12.2 ], "texture": "#sea_lantern" }
    }
},
{
    "__comment": "side*",
    "from": [ 6.9, 5.85, 9.8 ],
    "to": [ 7.5, 6.45, 10.4 ],
    "faces": {
        "down":  { "uv": [ 12.4, 12.6, 10, 10.2 ], "texture": "#sea_lantern" },
        "up":    { "uv": [ 3.6, 10.2, 6, 12.6 ], "texture": "#sea_lantern" },
        "north": { "uv": [ 6, 15.2, 3.6, 16 ], "texture": "#sea_lantern" },
        "south": { "uv": [ 3.6, 15.2, 6, 16 ], "texture": "#sea_lantern" },
        "west":  { "uv": [ 10.2, 15.2, 12.6, 16 ], "texture": "#sea_lantern" },
        "east":  { "uv": [ 12.6, 15.2, 10.2, 16 ], "texture": "#sea_lantern" }
    }
},
{
    "__comment": "side*",
    "from": [ 6.3, 6.15, 9.8 ],
    "to": [ 6.9, 6.75, 10.4 ],
    "faces": {
        "down":  { "uv": [ 14.8, 12.6, 12.4, 10.2 ], "texture": "#sea_lantern" },
        "up":    { "uv": [ 1.2, 10.2, 3.6, 12.6 ], "texture": "#sea_lantern" },
        "north": { "uv": [ 3.6, 14, 1.2, 16 ], "texture": "#sea_lantern" },
        "south": { "uv": [ 1.2, 14, 3.6, 16 ], "texture": "#sea_lantern" },
        "west":  { "uv": [ 10.2, 14, 12.6, 16 ], "texture": "#sea_lantern" },
        "east":  { "uv": [ 12.6, 14, 10.2, 16 ], "texture": "#sea_lantern" }
    }
},
{
    "__comment": "side*",
    "from": [ 5.85, 6.6, 9.8 ],
    "to": [ 6.45, 7.2, 10.4 ],
    "faces": {
        "down":  { "uv": [ 16, 12.6, 14.2, 10.2 ], "texture": "#sea_lantern" },
        "up":    { "uv": [ 0, 10.2, 1.8, 12.6 ], "texture": "#sea_lantern" },
        "north": { "uv": [ 1.8, 12.2, 0, 14.6 ], "texture": "#sea_lantern" },
        "south": { "uv": [ 0, 12.2, 1.8, 14.6 ], "texture": "#sea_lantern" },
        "west":  { "uv": [ 10.2, 12.2, 12.6, 14.6 ], "texture": "#sea_lantern" },
        "east":  { "uv": [ 12.6, 12.2, 10.2, 14.6 ], "texture": "#sea_lantern" }
    }
},
{
    "__comment": "side*",
    "from": [ 5.55, 7.2, 9.8 ],
    "to": [ 6.15, 7.8, 10.4 ],
    "faces": {
        "down":  { "uv": [ 16, 12.6, 15.4, 10.2 ], "texture": "#sea_lantern" },
        "up":    { "uv": [ 0, 10.2, 0.6, 12.6 ], "texture": "#sea_lantern" },
        "north": { "uv": [ 0.6, 9.8, 0, 12.2 ], "texture": "#sea_lantern" },
        "south": { "uv": [ 0, 9.8, 0.6, 12.2 ], "texture": "#sea_lantern" },
        "west":  { "uv": [ 10.2, 9.8, 12.6, 12.2 ], "texture": "#sea_lantern" },
        "east":  { "uv": [ 12.6, 9.8, 10.2, 12.2 ], "texture": "#sea_lantern" }
    }
},
{
    "__comment": "side*",
    "from": [ 6.9, 6.15, 8.6 ],
    "to": [ 7.5, 6.75, 9.2 ],
    "faces": {
        "down":  { "uv": [ 12.4, 7.8, 10, 5.4 ], "texture": "#sea_lantern" },
        "up":    { "uv": [ 3.6, 5.4, 6, 7.8 ], "texture": "#sea_lantern" },
        "north": { "uv": [ 6, 14, 3.6, 16 ], "texture": "#sea_lantern" },
        "south": { "uv": [ 3.6, 14, 6, 16 ], "texture": "#sea_lantern" },
        "west":  { "uv": [ 5.4, 14, 7.8, 16 ], "texture": "#sea_lantern" },
        "east":  { "uv": [ 7.8, 14, 5.4, 16 ], "texture": "#sea_lantern" }
    }
},
{
    "__comment": "side*",
    "from": [ 6.3, 6.45, 8.6 ],
    "to": [ 6.9, 7.05, 9.2 ],
    "faces": {
        "down":  { "uv": [ 14.8, 7.8, 12.4, 5.4 ], "texture": "#sea_lantern" },
        "up":    { "uv": [ 1.2, 5.4, 3.6, 7.8 ], "texture": "#sea_lantern" },
        "north": { "uv": [ 3.6, 12.8, 1.2, 15.2 ], "texture": "#sea_lantern" },
        "south": { "uv": [ 1.2, 12.8, 3.6, 15.2 ], "texture": "#sea_lantern" },
        "west":  { "uv": [ 5.4, 12.8, 7.8, 15.2 ], "texture": "#sea_lantern" },
        "east":  { "uv": [ 7.8, 12.8, 5.4, 15.2 ], "texture": "#sea_lantern" }
    }
},
{
    "__comment": "side*",
    "from": [ 6.9, 6.45, 8 ],
    "to": [ 7.5, 7.05, 8.6 ],
    "faces": {
        "down":  { "uv": [ 12.4, 5.4, 10, 3 ], "texture": "#sea_lantern" },
        "up":    { "uv": [ 3.6, 3, 6, 5.4 ], "texture": "#sea_lantern" },
        "north": { "uv": [ 6, 12.8, 3.6, 15.2 ], "texture": "#sea_lantern" },
        "south": { "uv": [ 3.6, 12.8, 6, 15.2 ], "texture": "#sea_lantern" },
        "west":  { "uv": [ 3, 12.8, 5.4, 15.2 ], "texture": "#sea_lantern" },
        "east":  { "uv": [ 5.4, 12.8, 3, 15.2 ], "texture": "#sea_lantern" }
    }
},
{
    "__comment": "side*",
    "from": [ 6.45, 6.75, 8.15 ],
    "to": [ 7.05, 7.35, 8.75 ],
    "faces": {
        "down":  { "uv": [ 14.2, 6, 11.8, 3.6 ], "texture": "#sea_lantern" },
        "up":    { "uv": [ 1.8, 3.6, 4.2, 6 ], "texture": "#sea_lantern" },
        "north": { "uv": [ 4.2, 11.6, 1.8, 14 ], "texture": "#sea_lantern" },
        "south": { "uv": [ 1.8, 11.6, 4.2, 14 ], "texture": "#sea_lantern" },
        "west":  { "uv": [ 3.6, 11.6, 6, 14 ], "texture": "#sea_lantern" },
        "east":  { "uv": [ 6, 11.6, 3.6, 14 ], "texture": "#sea_lantern" }
    }
},
{
    "__comment": "side*",
    "from": [ 6.9, 6.9, 7.55 ],
    "to": [ 7.5, 7.5, 8.15 ],
    "faces": {
        "down":  { "uv": [ 12.4, 3.6, 10, 1.2 ], "texture": "#sea_lantern" },
        "up":    { "uv": [ 3.6, 1.2, 6, 3.6 ], "texture": "#sea_lantern" },
        "north": { "uv": [ 6, 11, 3.6, 13.4 ], "texture": "#sea_lantern" },
        "south": { "uv": [ 3.6, 11, 6, 13.4 ], "texture": "#sea_lantern" },
        "west":  { "uv": [ 1.2, 11, 3.6, 13.4 ], "texture": "#sea_lantern" },
        "east":  { "uv": [ 3.6, 11, 1.2, 13.4 ], "texture": "#sea_lantern" }
    }
},
{
    "__comment": "side*",
    "from": [ 5.85, 6.9, 8.6 ],
    "to": [ 6.45, 7.5, 9.2 ],
    "faces": {
        "down":  { "uv": [ 16, 7.8, 14.2, 5.4 ], "texture": "#sea_lantern" },
        "up":    { "uv": [ 0, 5.4, 1.8, 7.8 ], "texture": "#sea_lantern" },
        "north": { "uv": [ 1.8, 11, 0, 13.4 ], "texture": "#sea_lantern" },
        "south": { "uv": [ 0, 11, 1.8, 13.4 ], "texture": "#sea_lantern" },
        "west":  { "uv": [ 5.4, 11, 7.8, 13.4 ], "texture": "#sea_lantern" },
        "east":  { "uv": [ 7.8, 11, 5.4, 13.4 ], "texture": "#sea_lantern" }
    }
},
{
    "__comment": "side*",
    "from": [ 6.9, 7.2, 7.25 ],
    "to": [ 7.5, 7.8, 7.85 ],
    "faces": {
        "down":  { "uv": [ 12.4, 2.4, 10, 0 ], "texture": "#sea_lantern" },
        "up":    { "uv": [ 3.6, 0, 6, 2.4 ], "texture": "#sea_lantern" },
        "north": { "uv": [ 6, 9.8, 3.6, 12.2 ], "texture": "#sea_lantern" },
        "south": { "uv": [ 3.6, 9.8, 6, 12.2 ], "texture": "#sea_lantern" },
        "west":  { "uv": [ 0, 9.8, 2.4, 12.2 ], "texture": "#sea_lantern" },
        "east":  { "uv": [ 2.4, 9.8, 0, 12.2 ], "texture": "#sea_lantern" }
    }
},
{
    "__comment": "side*",
    "from": [ 6.3, 7.2, 7.55 ],
    "to": [ 6.9, 7.8, 8.15 ],
    "faces": {
        "down":  { "uv": [ 14.8, 3.6, 12.4, 1.2 ], "texture": "#sea_lantern" },
        "up":    { "uv": [ 1.2, 1.2, 3.6, 3.6 ], "texture": "#sea_lantern" },
        "north": { "uv": [ 3.6, 9.8, 1.2, 12.2 ], "texture": "#sea_lantern" },
        "south": { "uv": [ 1.2, 9.8, 3.6, 12.2 ], "texture": "#sea_lantern" },
        "west":  { "uv": [ 1.2, 9.8, 3.6, 12.2 ], "texture": "#sea_lantern" },
        "east":  { "uv": [ 3.6, 9.8, 1.2, 12.2 ], "texture": "#sea_lantern" }
    }
},
{
    "__comment": "side*",
    "from": [ 5.85, 7.2, 8 ],
    "to": [ 6.45, 7.8, 8.6 ],
    "faces": {
        "down":  { "uv": [ 16, 5.4, 14.2, 3 ], "texture": "#sea_lantern" },
        "up":    { "uv": [ 0, 3, 1.8, 5.4 ], "texture": "#sea_lantern" },
        "north": { "uv": [ 1.8, 9.8, 0, 12.2 ], "texture": "#sea_lantern" },
        "south": { "uv": [ 0, 9.8, 1.8, 12.2 ], "texture": "#sea_lantern" },
        "west":  { "uv": [ 3, 9.8, 5.4, 12.2 ], "texture": "#sea_lantern" },
        "east":  { "uv": [ 5.4, 9.8, 3, 12.2 ], "texture": "#sea_lantern" }
    }
},
{
    "__comment": "side*",
    "from": [ 5.55, 7.2, 8.6 ],
    "to": [ 6.15, 7.8, 9.2 ],
    "faces": {
        "down":  { "uv": [ 16, 7.8, 15.4, 5.4 ], "texture": "#sea_lantern" },
        "up":    { "uv": [ 0, 5.4, 0.6, 7.8 ], "texture": "#sea_lantern" },
        "north": { "uv": [ 0.6, 9.8, 0, 12.2 ], "texture": "#sea_lantern" },
        "south": { "uv": [ 0, 9.8, 0.6, 12.2 ], "texture": "#sea_lantern" },
        "west":  { "uv": [ 5.4, 9.8, 7.8, 12.2 ], "texture": "#sea_lantern" },
        "east":  { "uv": [ 7.8, 9.8, 5.4, 12.2 ], "texture": "#sea_lantern" }
    }
},
{
    "__comment": "side*",
    "from": [ 6.9, 8.4, 7.55 ],
    "to": [ 7.5, 9, 8.15 ],
    "faces": {
        "down":  { "uv": [ 12.4, 3.6, 10, 1.2 ], "texture": "#sea_lantern" },
        "up":    { "uv": [ 3.6, 1.2, 6, 3.6 ], "texture": "#sea_lantern" },
        "north": { "uv": [ 6, 5, 3.6, 7.4 ], "texture": "#sea_lantern" },
        "south": { "uv": [ 3.6, 5, 6, 7.4 ], "texture": "#sea_lantern" },
        "west":  { "uv": [ 1.2, 5, 3.6, 7.4 ], "texture": "#sea_lantern" },
        "east":  { "uv": [ 3.6, 5, 1.2, 7.4 ], "texture": "#sea_lantern" }
    }
},
{
    "__comment": "side*",
    "from": [ 6.3, 8.4, 7.85 ],
    "to": [ 6.9, 9, 8.45 ],
    "faces": {
        "down":  { "uv": [ 14.8, 4.8, 12.4, 2.4 ], "texture": "#sea_lantern" },
        "up":    { "uv": [ 1.2, 2.4, 3.6, 4.8 ], "texture": "#sea_lantern" },
        "north": { "uv": [ 3.6, 5, 1.2, 7.4 ], "texture": "#sea_lantern" },
        "south": { "uv": [ 1.2, 5, 3.6, 7.4 ], "texture": "#sea_lantern" },
        "west":  { "uv": [ 2.4, 5, 4.8, 7.4 ], "texture": "#sea_lantern" },
        "east":  { "uv": [ 4.8, 5, 2.4, 7.4 ], "texture": "#sea_lantern" }
    }
},
{
    "__comment": "side*",
    "from": [ 6.9, 9, 7.85 ],
    "to": [ 7.5, 9.6, 8.45 ],
    "faces": {
        "down":  { "uv": [ 12.4, 4.8, 10, 2.4 ], "texture": "#sea_lantern" },
        "up":    { "uv": [ 3.6, 2.4, 6, 4.8 ], "texture": "#sea_lantern" },
        "north": { "uv": [ 6, 2.6, 3.6, 5 ], "texture": "#sea_lantern" },
        "south": { "uv": [ 3.6, 2.6, 6, 5 ], "texture": "#sea_lantern" },
        "west":  { "uv": [ 2.4, 2.6, 4.8, 5 ], "texture": "#sea_lantern" },
        "east":  { "uv": [ 4.8, 2.6, 2.4, 5 ], "texture": "#sea_lantern" }
    }
},
{
    "__comment": "side*",
    "from": [ 6.45, 8.85, 8.15 ],
    "to": [ 7.05, 9.45, 8.75 ],
    "faces": {
        "down":  { "uv": [ 14.2, 6, 11.8, 3.6 ], "texture": "#sea_lantern" },
        "up":    { "uv": [ 1.8, 3.6, 4.2, 6 ], "texture": "#sea_lantern" },
        "north": { "uv": [ 4.2, 3.2, 1.8, 5.6 ], "texture": "#sea_lantern" },
        "south": { "uv": [ 1.8, 3.2, 4.2, 5.6 ], "texture": "#sea_lantern" },
        "west":  { "uv": [ 3.6, 3.2, 6, 5.6 ], "texture": "#sea_lantern" },
        "east":  { "uv": [ 6, 3.2, 3.6, 5.6 ], "texture": "#sea_lantern" }
    }
},
{
    "__comment": "side*",
    "from": [ 6.9, 9.45, 8.3 ],
    "to": [ 7.5, 10.05, 8.9 ],
    "faces": {
        "down":  { "uv": [ 12.4, 6.6, 10, 4.2 ], "texture": "#sea_lantern" },
        "up":    { "uv": [ 3.6, 4.2, 6, 6.6 ], "texture": "#sea_lantern" },
        "north": { "uv": [ 6, 0.8, 3.6, 3.2 ], "texture": "#sea_lantern" },
        "south": { "uv": [ 3.6, 0.8, 6, 3.2 ], "texture": "#sea_lantern" },
        "west":  { "uv": [ 4.2, 0.8, 6.6, 3.2 ], "texture": "#sea_lantern" },
        "east":  { "uv": [ 6.6, 0.8, 4.2, 3.2 ], "texture": "#sea_lantern" }
    }
},
{
    "__comment": "side*",
    "from": [ 5.85, 8.4, 8.3 ],
    "to": [ 6.45, 9, 8.9 ],
    "faces": {
        "down":  { "uv": [ 16, 6.6, 14.2, 4.2 ], "texture": "#sea_lantern" },
        "up":    { "uv": [ 0, 4.2, 1.8, 6.6 ], "texture": "#sea_lantern" },
        "north": { "uv": [ 1.8, 5, 0, 7.4 ], "texture": "#sea_lantern" },
        "south": { "uv": [ 0, 5, 1.8, 7.4 ], "texture": "#sea_lantern" },
        "west":  { "uv": [ 4.2, 5, 6.6, 7.4 ], "texture": "#sea_lantern" },
        "east":  { "uv": [ 6.6, 5, 4.2, 7.4 ], "texture": "#sea_lantern" }
    }
},
{
    "__comment": "side*",
    "from": [ 6.9, 9.75, 8.6 ],
    "to": [ 7.5, 10.35, 9.2 ],
    "faces": {
        "down":  { "uv": [ 12.4, 7.8, 10, 5.4 ], "texture": "#sea_lantern" },
        "up":    { "uv": [ 3.6, 5.4, 6, 7.8 ], "texture": "#sea_lantern" },
        "north": { "uv": [ 6, 0, 3.6, 2 ], "texture": "#sea_lantern" },
        "south": { "uv": [ 3.6, 0, 6, 2 ], "texture": "#sea_lantern" },
        "west":  { "uv": [ 5.4, 0, 7.8, 2 ], "texture": "#sea_lantern" },
        "east":  { "uv": [ 7.8, 0, 5.4, 2 ], "texture": "#sea_lantern" }
    }
},
{
    "__comment": "side*",
    "from": [ 6.3, 9.45, 8.6 ],
    "to": [ 6.9, 10.05, 9.2 ],
    "faces": {
        "down":  { "uv": [ 14.8, 7.8, 12.4, 5.4 ], "texture": "#sea_lantern" },
        "up":    { "uv": [ 1.2, 5.4, 3.6, 7.8 ], "texture": "#sea_lantern" },
        "north": { "uv": [ 3.6, 0.8, 1.2, 3.2 ], "texture": "#sea_lantern" },
        "south": { "uv": [ 1.2, 0.8, 3.6, 3.2 ], "texture": "#sea_lantern" },
        "west":  { "uv": [ 5.4, 0.8, 7.8, 3.2 ], "texture": "#sea_lantern" },
        "east":  { "uv": [ 7.8, 0.8, 5.4, 3.2 ], "texture": "#sea_lantern" }
    }
},
{
    "__comment": "side*",
    "from": [ 5.85, 9, 8.6 ],
    "to": [ 6.45, 9.6, 9.2 ],
    "faces": {
        "down":  { "uv": [ 16, 7.8, 14.2, 5.4 ], "texture": "#sea_lantern" },
        "up":    { "uv": [ 0, 5.4, 1.8, 7.8 ], "texture": "#sea_lantern" },
        "north": { "uv": [ 1.8, 2.6, 0, 5 ], "texture": "#sea_lantern" },
        "south": { "uv": [ 0, 2.6, 1.8, 5 ], "texture": "#sea_lantern" },
        "west":  { "uv": [ 5.4, 2.6, 7.8, 5 ], "texture": "#sea_lantern" },
        "east":  { "uv": [ 7.8, 2.6, 5.4, 5 ], "texture": "#sea_lantern" }
    }
},
{
    "__comment": "side*",
    "from": [ 5.55, 8.4, 8.6 ],
    "to": [ 6.15, 9, 9.2 ],
    "faces": {
        "down":  { "uv": [ 16, 7.8, 15.4, 5.4 ], "texture": "#sea_lantern" },
        "up":    { "uv": [ 0, 5.4, 0.6, 7.8 ], "texture": "#sea_lantern" },
        "north": { "uv": [ 0.6, 5, 0, 7.4 ], "texture": "#sea_lantern" },
        "south": { "uv": [ 0, 5, 0.6, 7.4 ], "texture": "#sea_lantern" },
        "west":  { "uv": [ 5.4, 5, 7.8, 7.4 ], "texture": "#sea_lantern" },
        "east":  { "uv": [ 7.8, 5, 5.4, 7.4 ], "texture": "#sea_lantern" }
    }
},
{
    "__comment": "side*",
    "from": [ 8.1, 9.45, 8.6 ],
    "to": [ 8.7, 10.05, 9.2 ],
    "faces": {
        "down":  { "uv": [ 7.6, 7.8, 5.2, 5.4 ], "texture": "#sea_lantern" },
        "up":    { "uv": [ 8.4, 5.4, 10.8, 7.8 ], "texture": "#sea_lantern" },
        "north": { "uv": [ 10.8, 0.8, 8.4, 3.2 ], "texture": "#sea_lantern" },
        "south": { "uv": [ 8.4, 0.8, 10.8, 3.2 ], "texture": "#sea_lantern" },
        "west":  { "uv": [ 5.4, 0.8, 7.8, 3.2 ], "texture": "#sea_lantern" },
        "east":  { "uv": [ 7.8, 0.8, 5.4, 3.2 ], "texture": "#sea_lantern" }
    }
},
{
    "__comment": "side*",
    "from": [ 8.7, 9.15, 8.6 ],
    "to": [ 9.3, 9.75, 9.2 ],
    "faces": {
        "down":  { "uv": [ 5.2, 7.8, 2.8, 5.4 ], "texture": "#sea_lantern" },
        "up":    { "uv": [ 10.8, 5.4, 13.2, 7.8 ], "texture": "#sea_lantern" },
        "north": { "uv": [ 13.2, 2, 10.8, 4.4 ], "texture": "#sea_lantern" },
        "south": { "uv": [ 10.8, 2, 13.2, 4.4 ], "texture": "#sea_lantern" },
        "west":  { "uv": [ 5.4, 2, 7.8, 4.4 ], "texture": "#sea_lantern" },
        "east":  { "uv": [ 7.8, 2, 5.4, 4.4 ], "texture": "#sea_lantern" }
    }
},
{
    "__comment": "side*",
    "from": [ 8.1, 9.15, 8 ],
    "to": [ 8.7, 9.75, 8.6 ],
    "faces": {
        "down":  { "uv": [ 7.6, 5.4, 5.2, 3 ], "texture": "#sea_lantern" },
        "up":    { "uv": [ 8.4, 3, 10.8, 5.4 ], "texture": "#sea_lantern" },
        "north": { "uv": [ 10.8, 2, 8.4, 4.4 ], "texture": "#sea_lantern" },
        "south": { "uv": [ 8.4, 2, 10.8, 4.4 ], "texture": "#sea_lantern" },
        "west":  { "uv": [ 3, 2, 5.4, 4.4 ], "texture": "#sea_lantern" },
        "east":  { "uv": [ 5.4, 2, 3, 4.4 ], "texture": "#sea_lantern" }
    }
},
{
    "__comment": "side*",
    "from": [ 8.55, 8.85, 8.15 ],
    "to": [ 9.15, 9.45, 8.75 ],
    "faces": {
        "down":  { "uv": [ 5.8, 6, 3.4, 3.6 ], "texture": "#sea_lantern" },
        "up":    { "uv": [ 10.2, 3.6, 12.6, 6 ], "texture": "#sea_lantern" },
        "north": { "uv": [ 12.6, 3.2, 10.2, 5.6 ], "texture": "#sea_lantern" },
        "south": { "uv": [ 10.2, 3.2, 12.6, 5.6 ], "texture": "#sea_lantern" },
        "west":  { "uv": [ 3.6, 3.2, 6, 5.6 ], "texture": "#sea_lantern" },
        "east":  { "uv": [ 6, 3.2, 3.6, 5.6 ], "texture": "#sea_lantern" }
    }
},
{
    "__comment": "side*",
    "from": [ 8.1, 8.7, 7.55 ],
    "to": [ 8.7, 9.3, 8.15 ],
    "faces": {
        "down":  { "uv": [ 7.6, 3.6, 5.2, 1.2 ], "texture": "#sea_lantern" },
        "up":    { "uv": [ 8.4, 1.2, 10.8, 3.6 ], "texture": "#sea_lantern" },
        "north": { "uv": [ 10.8, 3.8, 8.4, 6.2 ], "texture": "#sea_lantern" },
        "south": { "uv": [ 8.4, 3.8, 10.8, 6.2 ], "texture": "#sea_lantern" },
        "west":  { "uv": [ 1.2, 3.8, 3.6, 6.2 ], "texture": "#sea_lantern" },
        "east":  { "uv": [ 3.6, 3.8, 1.2, 6.2 ], "texture": "#sea_lantern" }
    }
},
{
    "__comment": "side*",
    "from": [ 9.15, 8.7, 8.6 ],
    "to": [ 9.75, 9.3, 9.2 ],
    "faces": {
        "down":  { "uv": [ 3.4, 7.8, 1, 5.4 ], "texture": "#sea_lantern" },
        "up":    { "uv": [ 12.6, 5.4, 15, 7.8 ], "texture": "#sea_lantern" },
        "north": { "uv": [ 15, 3.8, 12.6, 6.2 ], "texture": "#sea_lantern" },
        "south": { "uv": [ 12.6, 3.8, 15, 6.2 ], "texture": "#sea_lantern" },
        "west":  { "uv": [ 5.4, 3.8, 7.8, 6.2 ], "texture": "#sea_lantern" },
        "east":  { "uv": [ 7.8, 3.8, 5.4, 6.2 ], "texture": "#sea_lantern" }
    }
},
{
    "__comment": "side*",
    "from": [ 8.1, 8.4, 7.25 ],
    "to": [ 8.7, 9, 7.85 ],
    "faces": {
        "down":  { "uv": [ 7.6, 2.4, 5.2, 0 ], "texture": "#sea_lantern" },
        "up":    { "uv": [ 8.4, 0, 10.8, 2.4 ], "texture": "#sea_lantern" },
        "north": { "uv": [ 10.8, 5, 8.4, 7.4 ], "texture": "#sea_lantern" },
        "south": { "uv": [ 8.4, 5, 10.8, 7.4 ], "texture": "#sea_lantern" },
        "west":  { "uv": [ 0, 5, 2.4, 7.4 ], "texture": "#sea_lantern" },
        "east":  { "uv": [ 2.4, 5, 0, 7.4 ], "texture": "#sea_lantern" }
    }
},
{
    "__comment": "side*",
    "from": [ 8.7, 8.4, 7.55 ],
    "to": [ 9.3, 9, 8.15 ],
    "faces": {
        "down":  { "uv": [ 5.2, 3.6, 2.8, 1.2 ], "texture": "#sea_lantern" },
        "up":    { "uv": [ 10.8, 1.2, 13.2, 3.6 ], "texture": "#sea_lantern" },
        "north": { "uv": [ 13.2, 5, 10.8, 7.4 ], "texture": "#sea_lantern" },
        "south": { "uv": [ 10.8, 5, 13.2, 7.4 ], "texture": "#sea_lantern" },
        "west":  { "uv": [ 1.2, 5, 3.6, 7.4 ], "texture": "#sea_lantern" },
        "east":  { "uv": [ 3.6, 5, 1.2, 7.4 ], "texture": "#sea_lantern" }
    }
},
{
    "__comment": "side*",
    "from": [ 9.15, 8.4, 8 ],
    "to": [ 9.75, 9, 8.6 ],
    "faces": {
        "down":  { "uv": [ 3.4, 5.4, 1, 3 ], "texture": "#sea_lantern" },
        "up":    { "uv": [ 12.6, 3, 15, 5.4 ], "texture": "#sea_lantern" },
        "north": { "uv": [ 15, 5, 12.6, 7.4 ], "texture": "#sea_lantern" },
        "south": { "uv": [ 12.6, 5, 15, 7.4 ], "texture": "#sea_lantern" },
        "west":  { "uv": [ 3, 5, 5.4, 7.4 ], "texture": "#sea_lantern" },
        "east":  { "uv": [ 5.4, 5, 3, 7.4 ], "texture": "#sea_lantern" }
    }
},
{
    "__comment": "side*",
    "from": [ 9.45, 8.4, 8.6 ],
    "to": [ 10.05, 9, 9.2 ],
    "faces": {
        "down":  { "uv": [ 2.2, 7.8, 0, 5.4 ], "texture": "#sea_lantern" },
        "up":    { "uv": [ 13.8, 5.4, 16, 7.8 ], "texture": "#sea_lantern" },
        "north": { "uv": [ 16, 5, 13.8, 7.4 ], "texture": "#sea_lantern" },
        "south": { "uv": [ 13.8, 5, 16, 7.4 ], "texture": "#sea_lantern" },
        "west":  { "uv": [ 5.4, 5, 7.8, 7.4 ], "texture": "#sea_lantern" },
        "east":  { "uv": [ 7.8, 5, 5.4, 7.4 ], "texture": "#sea_lantern" }
    }
},
{
    "__comment": "side*",
    "from": [ 8.1, 7.2, 7.55 ],
    "to": [ 8.7, 7.8, 8.15 ],
    "faces": {
        "down":  { "uv": [ 7.6, 3.6, 5.2, 1.2 ], "texture": "#sea_lantern" },
        "up":    { "uv": [ 8.4, 1.2, 10.8, 3.6 ], "texture": "#sea_lantern" },
        "north": { "uv": [ 10.8, 9.8, 8.4, 12.2 ], "texture": "#sea_lantern" },
        "south": { "uv": [ 8.4, 9.8, 10.8, 12.2 ], "texture": "#sea_lantern" },
        "west":  { "uv": [ 1.2, 9.8, 3.6, 12.2 ], "texture": "#sea_lantern" },
        "east":  { "uv": [ 3.6, 9.8, 1.2, 12.2 ], "texture": "#sea_lantern" }
    }
},
{
    "__comment": "side*",
    "from": [ 8.7, 7.2, 7.85 ],
    "to": [ 9.3, 7.8, 8.45 ],
    "faces": {
        "down":  { "uv": [ 5.2, 4.8, 2.8, 2.4 ], "texture": "#sea_lantern" },
        "up":    { "uv": [ 10.8, 2.4, 13.2, 4.8 ], "texture": "#sea_lantern" },
        "north": { "uv": [ 13.2, 9.8, 10.8, 12.2 ], "texture": "#sea_lantern" },
        "south": { "uv": [ 10.8, 9.8, 13.2, 12.2 ], "texture": "#sea_lantern" },
        "west":  { "uv": [ 2.4, 9.8, 4.8, 12.2 ], "texture": "#sea_lantern" },
        "east":  { "uv": [ 4.8, 9.8, 2.4, 12.2 ], "texture": "#sea_lantern" }
    }
},
{
    "__comment": "side*",
    "from": [ 8.1, 6.6, 7.85 ],
    "to": [ 8.7, 7.2, 8.45 ],
    "faces": {
        "down":  { "uv": [ 7.6, 4.8, 5.2, 2.4 ], "texture": "#sea_lantern" },
        "up":    { "uv": [ 8.4, 2.4, 10.8, 4.8 ], "texture": "#sea_lantern" },
        "north": { "uv": [ 10.8, 12.2, 8.4, 14.6 ], "texture": "#sea_lantern" },
        "south": { "uv": [ 8.4, 12.2, 10.8, 14.6 ], "texture": "#sea_lantern" },
        "west":  { "uv": [ 2.4, 12.2, 4.8, 14.6 ], "texture": "#sea_lantern" },
        "east":  { "uv": [ 4.8, 12.2, 2.4, 14.6 ], "texture": "#sea_lantern" }
    }
},
{
    "__comment": "side*",
    "from": [ 8.55, 6.75, 8.15 ],
    "to": [ 9.15, 7.35, 8.75 ],
    "faces": {
        "down":  { "uv": [ 5.8, 6, 3.4, 3.6 ], "texture": "#sea_lantern" },
        "up":    { "uv": [ 10.2, 3.6, 12.6, 6 ], "texture": "#sea_lantern" },
        "north": { "uv": [ 12.6, 11.6, 10.2, 14 ], "texture": "#sea_lantern" },
        "south": { "uv": [ 10.2, 11.6, 12.6, 14 ], "texture": "#sea_lantern" },
        "west":  { "uv": [ 3.6, 11.6, 6, 14 ], "texture": "#sea_lantern" },
        "east":  { "uv": [ 6, 11.6, 3.6, 14 ], "texture": "#sea_lantern" }
    }
},
{
    "__comment": "side*",
    "from": [ 8.1, 6.15, 8.3 ],
    "to": [ 8.7, 6.75, 8.9 ],
    "faces": {
        "down":  { "uv": [ 7.6, 6.6, 5.2, 4.2 ], "texture": "#sea_lantern" },
        "up":    { "uv": [ 8.4, 4.2, 10.8, 6.6 ], "texture": "#sea_lantern" },
        "north": { "uv": [ 10.8, 14, 8.4, 16 ], "texture": "#sea_lantern" },
        "south": { "uv": [ 8.4, 14, 10.8, 16 ], "texture": "#sea_lantern" },
        "west":  { "uv": [ 4.2, 14, 6.6, 16 ], "texture": "#sea_lantern" },
        "east":  { "uv": [ 6.6, 14, 4.2, 16 ], "texture": "#sea_lantern" }
    }
},
{
    "__comment": "side*",
    "from": [ 9.15, 7.2, 8.3 ],
    "to": [ 9.75, 7.8, 8.9 ],
    "faces": {
        "down":  { "uv": [ 3.4, 6.6, 1, 4.2 ], "texture": "#sea_lantern" },
        "up":    { "uv": [ 12.6, 4.2, 15, 6.6 ], "texture": "#sea_lantern" },
        "north": { "uv": [ 15, 9.8, 12.6, 12.2 ], "texture": "#sea_lantern" },
        "south": { "uv": [ 12.6, 9.8, 15, 12.2 ], "texture": "#sea_lantern" },
        "west":  { "uv": [ 4.2, 9.8, 6.6, 12.2 ], "texture": "#sea_lantern" },
        "east":  { "uv": [ 6.6, 9.8, 4.2, 12.2 ], "texture": "#sea_lantern" }
    }
},
{
    "__comment": "side*",
    "from": [ 8.1, 5.85, 8.6 ],
    "to": [ 8.7, 6.45, 9.2 ],
    "faces": {
        "down":  { "uv": [ 7.6, 7.8, 5.2, 5.4 ], "texture": "#sea_lantern" },
        "up":    { "uv": [ 8.4, 5.4, 10.8, 7.8 ], "texture": "#sea_lantern" },
        "north": { "uv": [ 10.8, 15.2, 8.4, 16 ], "texture": "#sea_lantern" },
        "south": { "uv": [ 8.4, 15.2, 10.8, 16 ], "texture": "#sea_lantern" },
        "west":  { "uv": [ 5.4, 15.2, 7.8, 16 ], "texture": "#sea_lantern" },
        "east":  { "uv": [ 7.8, 15.2, 5.4, 16 ], "texture": "#sea_lantern" }
    }
},
{
    "__comment": "side*",
    "from": [ 8.7, 6.15, 8.6 ],
    "to": [ 9.3, 6.75, 9.2 ],
    "faces": {
        "down":  { "uv": [ 5.2, 7.8, 2.8, 5.4 ], "texture": "#sea_lantern" },
        "up":    { "uv": [ 10.8, 5.4, 13.2, 7.8 ], "texture": "#sea_lantern" },
        "north": { "uv": [ 13.2, 14, 10.8, 16 ], "texture": "#sea_lantern" },
        "south": { "uv": [ 10.8, 14, 13.2, 16 ], "texture": "#sea_lantern" },
        "west":  { "uv": [ 5.4, 14, 7.8, 16 ], "texture": "#sea_lantern" },
        "east":  { "uv": [ 7.8, 14, 5.4, 16 ], "texture": "#sea_lantern" }
    }
},
{
    "__comment": "side*",
    "from": [ 9.15, 6.6, 8.6 ],
    "to": [ 9.75, 7.2, 9.2 ],
    "faces": {
        "down":  { "uv": [ 3.4, 7.8, 1, 5.4 ], "texture": "#sea_lantern" },
        "up":    { "uv": [ 12.6, 5.4, 15, 7.8 ], "texture": "#sea_lantern" },
        "north": { "uv": [ 15, 12.2, 12.6, 14.6 ], "texture": "#sea_lantern" },
        "south": { "uv": [ 12.6, 12.2, 15, 14.6 ], "texture": "#sea_lantern" },
        "west":  { "uv": [ 5.4, 12.2, 7.8, 14.6 ], "texture": "#sea_lantern" },
        "east":  { "uv": [ 7.8, 12.2, 5.4, 14.6 ], "texture": "#sea_lantern" }
    }
},
{
    "__comment": "side*",
    "from": [ 9.45, 7.2, 8.6 ],
    "to": [ 10.05, 7.8, 9.2 ],
    "faces": {
        "down":  { "uv": [ 2.2, 7.8, 0, 5.4 ], "texture": "#sea_lantern" },
        "up":    { "uv": [ 13.8, 5.4, 16, 7.8 ], "texture": "#sea_lantern" },
        "north": { "uv": [ 16, 9.8, 13.8, 12.2 ], "texture": "#sea_lantern" },
        "south": { "uv": [ 13.8, 9.8, 16, 12.2 ], "texture": "#sea_lantern" },
        "west":  { "uv": [ 5.4, 9.8, 7.8, 12.2 ], "texture": "#sea_lantern" },
        "east":  { "uv": [ 7.8, 9.8, 5.4, 12.2 ], "texture": "#sea_lantern" }
    }
},
{
    "__comment": "side*",
    "from": [ 8.1, 6.15, 9.8 ],
    "to": [ 8.7, 6.75, 10.4 ],
    "faces": {
        "down":  { "uv": [ 7.6, 12.6, 5.2, 10.2 ], "texture": "#sea_lantern" },
        "up":    { "uv": [ 8.4, 10.2, 10.8, 12.6 ], "texture": "#sea_lantern" },
        "north": { "uv": [ 10.8, 14, 8.4, 16 ], "texture": "#sea_lantern" },
        "south": { "uv": [ 8.4, 14, 10.8, 16 ], "texture": "#sea_lantern" },
        "west":  { "uv": [ 10.2, 14, 12.6, 16 ], "texture": "#sea_lantern" },
        "east":  { "uv": [ 12.6, 14, 10.2, 16 ], "texture": "#sea_lantern" }
    }
},
{
    "__comment": "side*",
    "from": [ 8.7, 6.45, 9.8 ],
    "to": [ 9.3, 7.05, 10.4 ],
    "faces": {
        "down":  { "uv": [ 5.2, 12.6, 2.8, 10.2 ], "texture": "#sea_lantern" },
        "up":    { "uv": [ 10.8, 10.2, 13.2, 12.6 ], "texture": "#sea_lantern" },
        "north": { "uv": [ 13.2, 12.8, 10.8, 15.2 ], "texture": "#sea_lantern" },
        "south": { "uv": [ 10.8, 12.8, 13.2, 15.2 ], "texture": "#sea_lantern" },
        "west":  { "uv": [ 10.2, 12.8, 12.6, 15.2 ], "texture": "#sea_lantern" },
        "east":  { "uv": [ 12.6, 12.8, 10.2, 15.2 ], "texture": "#sea_lantern" }
    }
},
{
    "__comment": "side*",
    "from": [ 8.1, 6.45, 10.4 ],
    "to": [ 8.7, 7.05, 11 ],
    "faces": {
        "down":  { "uv": [ 7.6, 15, 5.2, 12.6 ], "texture": "#sea_lantern" },
        "up":    { "uv": [ 8.4, 12.6, 10.8, 15 ], "texture": "#sea_lantern" },
        "north": { "uv": [ 10.8, 12.8, 8.4, 15.2 ], "texture": "#sea_lantern" },
        "south": { "uv": [ 8.4, 12.8, 10.8, 15.2 ], "texture": "#sea_lantern" },
        "west":  { "uv": [ 12.6, 12.8, 15, 15.2 ], "texture": "#sea_lantern" },
        "east":  { "uv": [ 15, 12.8, 12.6, 15.2 ], "texture": "#sea_lantern" }
    }
},
{
    "__comment": "side*",
    "from": [ 8.55, 6.75, 10.25 ],
    "to": [ 9.15, 7.35, 10.85 ],
    "faces": {
        "down":  { "uv": [ 5.8, 14.4, 3.4, 12 ], "texture": "#sea_lantern" },
        "up":    { "uv": [ 10.2, 12, 12.6, 14.4 ], "texture": "#sea_lantern" },
        "north": { "uv": [ 12.6, 11.6, 10.2, 14 ], "texture": "#sea_lantern" },
        "south": { "uv": [ 10.2, 11.6, 12.6, 14 ], "texture": "#sea_lantern" },
        "west":  { "uv": [ 12, 11.6, 14.4, 14 ], "texture": "#sea_lantern" },
        "east":  { "uv": [ 14.4, 11.6, 12, 14 ], "texture": "#sea_lantern" }
    }
},
{
    "__comment": "side*",
    "from": [ 8.1, 6.9, 10.85 ],
    "to": [ 8.7, 7.5, 11.45 ],
    "faces": {
        "down":  { "uv": [ 7.6, 16, 5.2, 14.4 ], "texture": "#sea_lantern" },
        "up":    { "uv": [ 8.4, 14.4, 10.8, 16 ], "texture": "#sea_lantern" },
        "north": { "uv": [ 10.8, 11, 8.4, 13.4 ], "texture": "#sea_lantern" },
        "south": { "uv": [ 8.4, 11, 10.8, 13.4 ], "texture": "#sea_lantern" },
        "west":  { "uv": [ 14.4, 11, 16, 13.4 ], "texture": "#sea_lantern" },
        "east":  { "uv": [ 16, 11, 14.4, 13.4 ], "texture": "#sea_lantern" }
    }
},
{
    "__comment": "side*",
    "from": [ 9.15, 6.9, 9.8 ],
    "to": [ 9.75, 7.5, 10.4 ],
    "faces": {
        "down":  { "uv": [ 3.4, 12.6, 1, 10.2 ], "texture": "#sea_lantern" },
        "up":    { "uv": [ 12.6, 10.2, 15, 12.6 ], "texture": "#sea_lantern" },
        "north": { "uv": [ 15, 11, 12.6, 13.4 ], "texture": "#sea_lantern" },
        "south": { "uv": [ 12.6, 11, 15, 13.4 ], "texture": "#sea_lantern" },
        "west":  { "uv": [ 10.2, 11, 12.6, 13.4 ], "texture": "#sea_lantern" },
        "east":  { "uv": [ 12.6, 11, 10.2, 13.4 ], "texture": "#sea_lantern" }
    }
},
{
    "__comment": "side*",
    "from": [ 8.1, 7.2, 11.15 ],
    "to": [ 8.7, 7.8, 11.75 ],
    "faces": {
        "down":  { "uv": [ 7.6, 16, 5.2, 15.6 ], "texture": "#sea_lantern" },
        "up":    { "uv": [ 8.4, 15.6, 10.8, 16 ], "texture": "#sea_lantern" },
        "north": { "uv": [ 10.8, 9.8, 8.4, 12.2 ], "texture": "#sea_lantern" },
        "south": { "uv": [ 8.4, 9.8, 10.8, 12.2 ], "texture": "#sea_lantern" },
        "west":  { "uv": [ 15.6, 9.8, 16, 12.2 ], "texture": "#sea_lantern" },
        "east":  { "uv": [ 16, 9.8, 15.6, 12.2 ], "texture": "#sea_lantern" }
    }
},
{
    "__comment": "side*",
    "from": [ 8.7, 7.2, 10.85 ],
    "to": [ 9.3, 7.8, 11.45 ],
    "faces": {
        "down":  { "uv": [ 5.2, 16, 2.8, 14.4 ], "texture": "#sea_lantern" },
        "up":    { "uv": [ 10.8, 14.4, 13.2, 16 ], "texture": "#sea_lantern" },
        "north": { "uv": [ 13.2, 9.8, 10.8, 12.2 ], "texture": "#sea_lantern" },
        "south": { "uv": [ 10.8, 9.8, 13.2, 12.2 ], "texture": "#sea_lantern" },
        "west":  { "uv": [ 14.4, 9.8, 16, 12.2 ], "texture": "#sea_lantern" },
        "east":  { "uv": [ 16, 9.8, 14.4, 12.2 ], "texture": "#sea_lantern" }
    }
},
{
    "__comment": "side*",
    "from": [ 9.15, 7.2, 10.4 ],
    "to": [ 9.75, 7.8, 11 ],
    "faces": {
        "down":  { "uv": [ 3.4, 15, 1, 12.6 ], "texture": "#sea_lantern" },
        "up":    { "uv": [ 12.6, 12.6, 15, 15 ], "texture": "#sea_lantern" },
        "north": { "uv": [ 15, 9.8, 12.6, 12.2 ], "texture": "#sea_lantern" },
        "south": { "uv": [ 12.6, 9.8, 15, 12.2 ], "texture": "#sea_lantern" },
        "west":  { "uv": [ 12.6, 9.8, 15, 12.2 ], "texture": "#sea_lantern" },
        "east":  { "uv": [ 15, 9.8, 12.6, 12.2 ], "texture": "#sea_lantern" }
    }
},
{
    "__comment": "side*",
    "from": [ 9.45, 7.2, 9.8 ],
    "to": [ 10.05, 7.8, 10.4 ],
    "faces": {
        "down":  { "uv": [ 2.2, 12.6, 0, 10.2 ], "texture": "#sea_lantern" },
        "up":    { "uv": [ 13.8, 10.2, 16, 12.6 ], "texture": "#sea_lantern" },
        "north": { "uv": [ 16, 9.8, 13.8, 12.2 ], "texture": "#sea_lantern" },
        "south": { "uv": [ 13.8, 9.8, 16, 12.2 ], "texture": "#sea_lantern" },
        "west":  { "uv": [ 10.2, 9.8, 12.6, 12.2 ], "texture": "#sea_lantern" },
        "east":  { "uv": [ 12.6, 9.8, 10.2, 12.2 ], "texture": "#sea_lantern" }
    }
},
{
    "__comment": "side*",
    "from": [ 8.1, 8.4, 10.85 ],
    "to": [ 8.7, 9, 11.45 ],
    "faces": {
        "down":  { "uv": [ 7.6, 16, 5.2, 14.4 ], "texture": "#sea_lantern" },
        "up":    { "uv": [ 8.4, 14.4, 10.8, 16 ], "texture": "#sea_lantern" },
        "north": { "uv": [ 10.8, 5, 8.4, 7.4 ], "texture": "#sea_lantern" },
        "south": { "uv": [ 8.4, 5, 10.8, 7.4 ], "texture": "#sea_lantern" },
        "west":  { "uv": [ 14.4, 5, 16, 7.4 ], "texture": "#sea_lantern" },
        "east":  { "uv": [ 16, 5, 14.4, 7.4 ], "texture": "#sea_lantern" }
    }
},
{
    "__comment": "side*",
    "from": [ 8.7, 8.4, 10.55 ],
    "to": [ 9.3, 9, 11.15 ],
    "faces": {
        "down":  { "uv": [ 5.2, 15.6, 2.8, 13.2 ], "texture": "#sea_lantern" },
        "up":    { "uv": [ 10.8, 13.2, 13.2, 15.6 ], "texture": "#sea_lantern" },
        "north": { "uv": [ 13.2, 5, 10.8, 7.4 ], "texture": "#sea_lantern" },
        "south": { "uv": [ 10.8, 5, 13.2, 7.4 ], "texture": "#sea_lantern" },
        "west":  { "uv": [ 13.2, 5, 15.6, 7.4 ], "texture": "#sea_lantern" },
        "east":  { "uv": [ 15.6, 5, 13.2, 7.4 ], "texture": "#sea_lantern" }
    }
},
{
    "__comment": "side*",
    "from": [ 8.1, 9, 10.55 ],
    "to": [ 8.7, 9.6, 11.15 ],
    "faces": {
        "down":  { "uv": [ 7.6, 15.6, 5.2, 13.2 ], "texture": "#sea_lantern" },
        "up":    { "uv": [ 8.4, 13.2, 10.8, 15.6 ], "texture": "#sea_lantern" },
        "north": { "uv": [ 10.8, 2.6, 8.4, 5 ], "texture": "#sea_lantern" },
        "south": { "uv": [ 8.4, 2.6, 10.8, 5 ], "texture": "#sea_lantern" },
        "west":  { "uv": [ 13.2, 2.6, 15.6, 5 ], "texture": "#sea_lantern" },
        "east":  { "uv": [ 15.6, 2.6, 13.2, 5 ], "texture": "#sea_lantern" }
    }
},
{
    "__comment": "side*",
    "from": [ 8.55, 8.85, 10.25 ],
    "to": [ 9.15, 9.45, 10.85 ],
    "faces": {
        "down":  { "uv": [ 5.8, 14.4, 3.4, 12 ], "texture": "#sea_lantern" },
        "up":    { "uv": [ 10.2, 12, 12.6, 14.4 ], "texture": "#sea_lantern" },
        "north": { "uv": [ 12.6, 3.2, 10.2, 5.6 ], "texture": "#sea_lantern" },
        "south": { "uv": [ 10.2, 3.2, 12.6, 5.6 ], "texture": "#sea_lantern" },
        "west":  { "uv": [ 12, 3.2, 14.4, 5.6 ], "texture": "#sea_lantern" },
        "east":  { "uv": [ 14.4, 3.2, 12, 5.6 ], "texture": "#sea_lantern" }
    }
},
{
    "__comment": "side*",
    "from": [ 8.1, 9.45, 10.1 ],
    "to": [ 8.7, 10.05, 10.7 ],
    "faces": {
        "down":  { "uv": [ 7.6, 13.8, 5.2, 11.4 ], "texture": "#sea_lantern" },
        "up":    { "uv": [ 8.4, 11.4, 10.8, 13.8 ], "texture": "#sea_lantern" },
        "north": { "uv": [ 10.8, 0.8, 8.4, 3.2 ], "texture": "#sea_lantern" },
        "south": { "uv": [ 8.4, 0.8, 10.8, 3.2 ], "texture": "#sea_lantern" },
        "west":  { "uv": [ 11.4, 0.8, 13.8, 3.2 ], "texture": "#sea_lantern" },
        "east":  { "uv": [ 13.8, 0.8, 11.4, 3.2 ], "texture": "#sea_lantern" }
    }
},
{
    "__comment": "side*",
    "from": [ 9.15, 8.4, 10.1 ],
    "to": [ 9.75, 9, 10.7 ],
    "faces": {
        "down":  { "uv": [ 3.4, 13.8, 1, 11.4 ], "texture": "#sea_lantern" },
        "up":    { "uv": [ 12.6, 11.4, 15, 13.8 ], "texture": "#sea_lantern" },
        "north": { "uv": [ 15, 5, 12.6, 7.4 ], "texture": "#sea_lantern" },
        "south": { "uv": [ 12.6, 5, 15, 7.4 ], "texture": "#sea_lantern" },
        "west":  { "uv": [ 11.4, 5, 13.8, 7.4 ], "texture": "#sea_lantern" },
        "east":  { "uv": [ 13.8, 5, 11.4, 7.4 ], "texture": "#sea_lantern" }
    }
},
{
    "__comment": "side*",
    "from": [ 8.1, 9.75, 9.8 ],
    "to": [ 8.7, 10.35, 10.4 ],
    "faces": {
        "down":  { "uv": [ 7.6, 12.6, 5.2, 10.2 ], "texture": "#sea_lantern" },
        "up":    { "uv": [ 8.4, 10.2, 10.8, 12.6 ], "texture": "#sea_lantern" },
        "north": { "uv": [ 10.8, 0, 8.4, 2 ], "texture": "#sea_lantern" },
        "south": { "uv": [ 8.4, 0, 10.8, 2 ], "texture": "#sea_lantern" },
        "west":  { "uv": [ 10.2, 0, 12.6, 2 ], "texture": "#sea_lantern" },
        "east":  { "uv": [ 12.6, 0, 10.2, 2 ], "texture": "#sea_lantern" }
    }
},
{
    "__comment": "side*",
    "from": [ 8.7, 9.45, 9.8 ],
    "to": [ 9.3, 10.05, 10.4 ],
    "faces": {
        "down":  { "uv": [ 5.2, 12.6, 2.8, 10.2 ], "texture": "#sea_lantern" },
        "up":    { "uv": [ 10.8, 10.2, 13.2, 12.6 ], "texture": "#sea_lantern" },
        "north": { "uv": [ 13.2, 0.8, 10.8, 3.2 ], "texture": "#sea_lantern" },
        "south": { "uv": [ 10.8, 0.8, 13.2, 3.2 ], "texture": "#sea_lantern" },
        "west":  { "uv": [ 10.2, 0.8, 12.6, 3.2 ], "texture": "#sea_lantern" },
        "east":  { "uv": [ 12.6, 0.8, 10.2, 3.2 ], "texture": "#sea_lantern" }
    }
},
{
    "__comment": "side*",
    "from": [ 9.15, 9, 9.8 ],
    "to": [ 9.75, 9.6, 10.4 ],
    "faces": {
        "down":  { "uv": [ 3.4, 12.6, 1, 10.2 ], "texture": "#sea_lantern" },
        "up":    { "uv": [ 12.6, 10.2, 15, 12.6 ], "texture": "#sea_lantern" },
        "north": { "uv": [ 15, 2.6, 12.6, 5 ], "texture": "#sea_lantern" },
        "south": { "uv": [ 12.6, 2.6, 15, 5 ], "texture": "#sea_lantern" },
        "west":  { "uv": [ 10.2, 2.6, 12.6, 5 ], "texture": "#sea_lantern" },
        "east":  { "uv": [ 12.6, 2.6, 10.2, 5 ], "texture": "#sea_lantern" }
    }
},
{
    "__comment": "side*",
    "from": [ 9.45, 8.4, 9.8 ],
    "to": [ 10.05, 9, 10.4 ],
    "faces": {
        "down":  { "uv": [ 2.2, 12.6, 0, 10.2 ], "texture": "#sea_lantern" },
        "up":    { "uv": [ 13.8, 10.2, 16, 12.6 ], "texture": "#sea_lantern" },
        "north": { "uv": [ 16, 5, 13.8, 7.4 ], "texture": "#sea_lantern" },
        "south": { "uv": [ 13.8, 5, 16, 7.4 ], "texture": "#sea_lantern" },
        "west":  { "uv": [ 10.2, 5, 12.6, 7.4 ], "texture": "#sea_lantern" },
        "east":  { "uv": [ 12.6, 5, 10.2, 7.4 ], "texture": "#sea_lantern" }
    }
},
{
    "__comment": "001*",
    "from": [ 4.5, 4.5, 6.5 ],
    "to": [ 11.5, 5.5, 13 ],
    "faces": {
        "down":  { "uv": [ 0, 0, 16, 16 ], "texture": "#texture" },
        "up":    { "uv": [ 0, 0, 16, 16 ], "texture": "#texture" },
        "north": { "uv": [ 0, 0, 16, 16 ], "texture": "#texture" },
        "south": { "uv": [ 0, 0, 16, 16 ], "texture": "#texture" },
        "west":  { "uv": [ 0, 0, 16, 16 ], "texture": "#texture" },
        "east":  { "uv": [ 0, 0, 16, 16 ], "texture": "#texture" }
    }
},
{
    "from": [ 8, 4.5, 5.875 ],
    "to": [ 8.0625, 11.5, 13.375 ],
    "faces": {
        "west":  { "uv": [ 0, 0, 16, 16 ], "texture": "#Light_Circle_C" }
    }
},
{
    "from": [ 4.375, 4.5, 9.4375 ],
    "to": [ 11.875, 11.5, 9.5 ],
    "faces": {
        "south": { "uv": [ 0, 0, 16, 16 ], "texture": "#Light_Circle_C" }
    }
}
],
"display": {
    "thirdperson_righthand": {
        "rotation": [ 61, 35, -1 ],
        "translation": [ -1.32, 5.1, 1.13 ],
        "scale": [ 1, 1, 1 ]
    },
    "thirdperson_lefthand": {
        "rotation": [ 61, 35, -1 ],
        "translation": [ -1.32, 5.1, 1.13 ],
        "scale": [ 1, 1, 1 ]
    },
    "head": {
        "rotation": [ 0, 0, 0 ],
        "translation": [ 0, 16.25, -5.29 ],
        "scale": [ 3, 3, 3 ]
    },
    "ground": {
        "rotation": [ 0, 0, 0 ],
        "translation": [ 0, 0, 0 ],
        "scale": [ 1, 1, 1 ]
    },
    "fixed": {
        "rotation": [ 18, 180, 0 ],
        "translation": [ 0, -5.09, 20.22 ],
        "scale": [ 4, 4, 4 ]
    },
    "firstperson_righthand": {
        "rotation": [ 3, 14, 0 ],
        "translation": [ 2.27, 1.32, -4.72 ],
        "scale": [ 2, 2, 2 ]
    },
    "firstperson_lefthand": {
        "rotation": [ 3, 24, 0 ],
        "translation": [ -2.08, 1.13, -4.72 ],
        "scale": [ 2, 2, 2 ]
    },
    "gui": {
        "rotation": [ -180, 48, -180 ],
        "translation": [ -1.32, 0.38, 0 ],
        "scale": [ 1.5, 1.5, 1.5 ]
    }
}
}