{
	"credit": "Made with Blockbench",
	"parent": "minecraft:item/handheld",
	"textures": {
		"layer0": "particle/sonic_boom_5"
	},
	"elements": [
		{
			"from": [-16, -16, 8],
			"to": [32, 32, 8],
			"rotation": {"angle": 0, "axis": "y", "origin": [0, 0, 8]},
			"faces": {
				"north": {"uv": [16, 0, 0, 16], "texture": "#layer0"},
				"east": {"uv": [0, 0, 2, 16], "texture": "#layer0"},
				"south": {"uv": [0, 0, 16, 16], "texture": "#layer0"},
				"west": {"uv": [0, 0, 2, 16], "texture": "#layer0"},
				"up": {"uv": [0, 0, 16, 2], "texture": "#layer0"},
				"down": {"uv": [0, 0, 16, 2], "texture": "#layer0"}
			}
		}
	],
	"display": {
		"thirdperson_righthand": {
			"rotation": [78, 0, 0],
			"translation": [-6, -5, 0],
			"scale": [4, 4, 1]
		},
		"thirdperson_lefthand": {
			"rotation": [78, 0, 0],
			"translation": [-6, -5, 0],
			"scale": [4, 4, 1]
		},
		"head": {
			"scale": [4, 4, 1]
		}
	}
}