{
"__comment": "Designed by Flashtt with BDcraft Cubik PRO 0.96 Beta - http://bdcraft.net",
"textures": {
    "particle": "./player_head01"
},
"elements": [ 
{
    "from": [ 3, 3, 3 ],
    "to": [ 13, 13, 13 ],
    "faces": {
        "down":  { "uv": [ 12, 4, 8, 0 ], "texture": "#particle" },
        "up":    { "uv": [ 4, 0, 8, 4 ], "texture": "#particle" },
        "north": { "uv": [ 12, 4, 16, 8 ], "texture": "#particle" },
        "south": { "uv": [ 4, 4, 8, 8 ], "texture": "#particle" },
        "west":  { "uv": [ 8, 4, 12, 8 ], "texture": "#particle" },
        "east":  { "uv": [ 0, 4, 4, 8 ], "texture": "#particle" }
    }
},
{
    "from": [ 2, 2, 2 ],
    "to": [ 14, 14, 14 ],
    "faces": {
        "down":  { "uv": [ 12, 12, 8, 8 ], "texture": "#particle" },
        "up":    { "uv": [ 4, 8, 8, 12 ], "texture": "#particle" },
        "north": { "uv": [ 12, 12, 16, 16 ], "texture": "#particle" },
        "south": { "uv": [ 4, 12, 8, 16 ], "texture": "#particle" },
        "west":  { "uv": [ 8, 12, 12, 16 ], "texture": "#particle" },
        "east":  { "uv": [ 0, 12, 4, 16 ], "texture": "#particle" }
    }
}
]
}