{
"__comment": "Designed by Flashtt with BDcraft Cubik PRO 0.96 Beta - http://bdcraft.net",
"textures": {
    "No0001": "items/No0001",
    "No0121": "items/No0121",
    "No0123": "items/No0123"
},
"elements": [ 
{
    "from": [ 6, 2.5, 3.875 ],
    "to": [ 9.5, 5.5, 6.875 ],
    "rotation": { "origin": [ 6, 5.5, 3.875 ], "axis": "z", "angle": -45 },
    "faces": {
        "down":  { "uv": [ 9, 2, 7.5, 0 ], "texture": "#No0121" },
        "up":    { "uv": [ 3, 0, 5, 2 ], "texture": "#No0121" },
        "north": { "uv": [ 3.5, 3.5, 5, 5.5 ], "texture": "#No0121" },
        "south": { "uv": [ 8, 3.5, 10, 5.5 ], "texture": "#No0121" },
        "west":  { "uv": [ 7, 6, 9, 8 ], "texture": "#No0121" },
        "east":  { "uv": [ 0, 8, 2, 9.5 ], "texture": "#No0121" }
    }
},
{
    "from": [ 6, 2.5, 2.5 ],
    "to": [ 9.5, 5.5, 4 ],
    "rotation": { "origin": [ 6, 5.5, 2.5 ], "axis": "z", "angle": -45 },
    "faces": {
        "down":  { "uv": [ 12, 4, 8, 3 ], "texture": "#No0123" },
        "up":    { "uv": [ 0, 3, 4, 4 ], "texture": "#No0123" },
        "north": { "uv": [ 4, 8, 8, 12 ], "texture": "#No0123" },
        "south": { "uv": [ 6, 3, 8, 5.5 ], "texture": "#No0123" },
        "west":  { "uv": [ 3, 4, 4, 8 ], "texture": "#No0123" },
        "east":  { "uv": [ 8, 4, 9, 8 ], "texture": "#No0123" }
    }
},
{
    "from": [ 6, 3, 5.8125 ],
    "to": [ 8.5, 5, 8.8125 ],
    "rotation": { "origin": [ 6, 5, 5.8125 ], "axis": "z", "angle": -45 },
    "faces": {
        "down":  { "uv": [ 9, 3, 7.5, 1 ], "texture": "#No0121" },
        "up":    { "uv": [ 6, 6, 7.5, 8.5 ], "texture": "#No0121" },
        "north": { "uv": [ 6.5, 12.5, 9, 14.5 ], "texture": "#No0121" },
        "south": { "uv": [ 11, 6, 12, 7 ], "texture": "#No0121" },
        "west":  { "uv": [ 6, 3.5, 7.5, 5.5 ], "texture": "#No0121" },
        "east":  { "uv": [ 1, 3, 2.5, 5 ], "texture": "#No0121" }
    }
},
{
    "from": [ 3.5, 3.5, -2.5 ],
    "to": [ 4.5, 4, 4 ],
    "faces": {
        "down":  { "uv": [ 12, 4, 11, 0 ], "texture": "#No0123" },
        "up":    { "uv": [ 8, 0, 9, 4 ], "texture": "#No0123" },
        "north": { "uv": [ 7, 8, 8, 9 ], "texture": "#No0123" },
        "west":  { "uv": [ 1.5, 7.5, 4, 8 ], "texture": "#No0123" }
    }
},
{
    "from": [ 5.5, 4, -2.5 ],
    "to": [ 6.5, 5, 4 ],
    "faces": {
        "up":    { "uv": [ 3.5, 2, 4, 4 ], "texture": "#No0123" },
        "north": { "uv": [ 4, 8, 5, 9 ], "texture": "#No0123" },
        "west":  { "uv": [ 0, 4, 4, 5 ], "texture": "#No0123" },
        "east":  { "uv": [ 8, 4, 12, 5 ], "texture": "#No0123" }
    }
},
{
    "from": [ 5.5, 2, -2 ],
    "to": [ 6.5, 2.5, 5.5 ],
    "faces": {
        "down":  { "uv": [ 4, 4, 3.5, 1.5 ], "texture": "#No0123" },
        "north": { "uv": [ 4, 11, 5, 12 ], "texture": "#No0123" },
        "west":  { "uv": [ 0, 7, 4, 8 ], "texture": "#No0123" },
        "east":  { "uv": [ 8, 7, 12, 8 ], "texture": "#No0123" }
    }
},
{
    "from": [ 8, 2.5, -2 ],
    "to": [ 9, 3.5, 5 ],
    "faces": {
        "down":  { "uv": [ 9, 4, 8, 0 ], "texture": "#No0123" },
        "up":    { "uv": [ 3, 0, 4, 4 ], "texture": "#No0123" },
        "north": { "uv": [ 4, 11.5, 5, 12.5 ], "texture": "#No0123" },
        "east":  { "uv": [ 8, 7.5, 10.5, 8 ], "texture": "#No0123" }
    }
}
],
"display": {
    "thirdperson_righthand": {
        "rotation": [ 68, -3, 48 ],
        "translation": [ -10.58, -6.05, -1.51 ],
        "scale": [ 1.7, 1.7, 1.7 ]
    },
    "thirdperson_lefthand": {
        "rotation": [ 71, 9, -44 ],
        "translation": [ -2.46, -6.05, -1.51 ],
        "scale": [ 1.7, 1.7, 1.7 ]
    },
    "head": {
        "rotation": [ 0, 0, 0 ],
        "translation": [ 0, 0, 0 ],
        "scale": [ 1, 1, 1 ]
    },
    "firstperson_righthand": {
        "rotation": [ 0, 0, 0 ],
        "translation": [ 0, 0, 0 ],
        "scale": [ 1, 1, 1 ]
    },
    "firstperson_lefthand": {
        "rotation": [ 0, 0, 0 ],
        "translation": [ 0, 0, 0 ],
        "scale": [ 1, 1, 1 ]
    },
    "gui": {
        "rotation": [ 0, 0, 0 ],
        "translation": [ 0, 0, 0 ],
        "scale": [ 1, 1, 1 ]
    }
}
}