{
"__comment": "Designed by Flashtt with BDcraft Cubik PRO 0.96 Beta - http://bdcraft.net",
"textures": {
    "log_oak": "blocks/log_oak",
    "log_oak_top": "blocks/log_oak_top",
    "leaves_oak": "blocks/leaves_oak",
    "obsidian": "blocks/obsidian"
},
"elements": [ 
{
    "__comment": "side02",
    "from": [ 3.5, 5.5, 4 ],
    "to": [ 9.5, 6.5, 11 ],
    "faces": {
        "down":  { "uv": [ 12.5, 11, 6.5, 4 ], "rotation": 180, "texture": "#log_oak" },
        "up":    { "uv": [ 3, 3, 13, 13.5 ], "rotation": 180, "texture": "#log_oak_top" },
        "north": { "uv": [ 3.5, 14.5, 9.5, 15.5 ], "texture": "#log_oak" },
        "south": { "uv": [ 6.5, 14.5, 12.5, 15.5 ], "texture": "#log_oak" },
        "east":  { "uv": [ 4, 14.5, 11, 15.5 ], "texture": "#log_oak" }
    }
},
{
    "__comment": "side03",
    "from": [ 9.5, 6, 5 ],
    "to": [ 14, 7, 10.5 ],
    "faces": {
        "down":  { "uv": [ 16, 10, 12.5, 4.5 ], "rotation": 180, "texture": "#log_oak" },
        "up":    { "uv": [ 5.5, 5.5, 10.5, 11 ], "rotation": 180, "texture": "#log_oak_top" },
        "north": { "uv": [ 0, 14, 3.5, 15 ], "texture": "#log_oak" },
        "south": { "uv": [ 12.5, 14, 16, 15 ], "texture": "#log_oak" },
        "east":  { "uv": [ 4.5, 14, 10, 15 ], "texture": "#log_oak" }
    }
},
{
    "__comment": "side02",
    "from": [ 9, 5, 4 ],
    "to": [ 10, 6, 11 ],
    "rotation": { "origin": [ 9, 6, 4 ], "axis": "z", "angle": 45 },
    "faces": {
        "down":  { "uv": [ 14, 9.5, 13, 6 ], "rotation": 180, "texture": "#log_oak" },
        "up":    { "uv": [ 2, 6, 3, 9.5 ], "rotation": 180, "texture": "#log_oak_top" },
        "north": { "uv": [ 2, 13.5, 3, 14.5 ], "texture": "#log_oak" },
        "south": { "uv": [ 13, 13.5, 14, 14.5 ], "texture": "#log_oak" },
        "west":  { "uv": [ 6.5, 13.5, 10, 14.5 ], "texture": "#log_oak" },
        "east":  { "uv": [ 6, 13.5, 9.5, 14.5 ], "texture": "#log_oak" }
    }
},
{
    "__comment": "side02",
    "from": [ 3, 5, 4 ],
    "to": [ 4, 6, 11 ],
    "rotation": { "origin": [ 3, 6, 4 ], "axis": "z", "angle": 45 },
    "faces": {
        "down":  { "uv": [ 10.5, 9.5, 9.5, 6 ], "rotation": 180, "texture": "#log_oak" },
        "up":    { "uv": [ 5.5, 6, 6.5, 9.5 ], "rotation": 180, "texture": "#log_oak_top" },
        "north": { "uv": [ 5.5, 14.5, 6.5, 15.5 ], "texture": "#log_oak" },
        "south": { "uv": [ 9.5, 14.5, 10.5, 15.5 ], "texture": "#log_oak" },
        "west":  { "uv": [ 6.5, 14.5, 10, 15.5 ], "texture": "#log_oak" }
    }
},
{
    "__comment": "side02",
    "from": [ 3.5, 6.5, 10 ],
    "to": [ 9.5, 7.5, 11 ],
    "faces": {
        "up":    { "uv": [ 3.5, 10, 9.5, 11 ], "rotation": 180, "texture": "#log_oak_top" },
        "north": { "uv": [ 3.5, 13.5, 9.5, 14.5 ], "texture": "#log_oak" },
        "south": { "uv": [ 6.5, 13.5, 12.5, 14.5 ], "texture": "#log_oak" },
        "west":  { "uv": [ 5, 13.5, 6, 14.5 ], "texture": "#log_oak" },
        "east":  { "uv": [ 10, 13.5, 11, 14.5 ], "texture": "#log_oak" }
    }
},
{
    "__comment": "side02",
    "from": [ 3.5, 6.5, 4 ],
    "to": [ 9.5, 7.5, 5 ],
    "faces": {
        "up":    { "uv": [ 3.5, 10, 9.5, 11 ], "rotation": 180, "texture": "#log_oak_top" },
        "north": { "uv": [ 3.5, 13.5, 9.5, 14.5 ], "texture": "#log_oak" },
        "south": { "uv": [ 6.5, 13.5, 12.5, 14.5 ], "texture": "#log_oak" },
        "west":  { "uv": [ 5, 13.5, 6, 14.5 ], "texture": "#log_oak" },
        "east":  { "uv": [ 10, 13.5, 11, 14.5 ], "texture": "#log_oak" }
    }
},
{
    "__comment": "side03",
    "from": [ 9.5, 7, 9.5 ],
    "to": [ 14, 8, 10.5 ],
    "faces": {
        "up":    { "uv": [ 0, 4.5, 3.5, 5.5 ], "rotation": 180, "texture": "#log_oak_top" },
        "north": { "uv": [ 0, 13, 3.5, 14 ], "texture": "#log_oak" },
        "south": { "uv": [ 12.5, 13, 16, 14 ], "texture": "#log_oak" },
        "west":  { "uv": [ 10.5, 13, 11.5, 14 ], "texture": "#log_oak" },
        "east":  { "uv": [ 4.5, 13, 5.5, 14 ], "texture": "#log_oak" }
    }
},
{
    "__comment": "side03",
    "from": [ 9.5, 7, 5 ],
    "to": [ 14, 8, 6 ],
    "faces": {
        "up":    { "uv": [ 0, 9, 3.5, 10 ], "rotation": 180, "texture": "#log_oak_top" },
        "north": { "uv": [ 0, 13, 3.5, 14 ], "texture": "#log_oak" },
        "south": { "uv": [ 12.5, 13, 16, 14 ], "texture": "#log_oak" },
        "west":  { "uv": [ 6, 13, 7, 14 ], "texture": "#log_oak" },
        "east":  { "uv": [ 9, 13, 10, 14 ], "texture": "#log_oak" }
    }
},
{
    "__comment": "side03",
    "from": [ 14, 7, 6 ],
    "to": [ 15, 8, 9.5 ],
    "faces": {
        "down":  { "uv": [ 16, 9, 16, 5.5 ], "rotation": 180, "texture": "#log_oak" },
        "up":    { "uv": [ 0, 5.5, 0, 9 ], "rotation": 180, "texture": "#log_oak_top" },
        "north": { "uv": [ 0, 13, 0, 14 ], "texture": "#log_oak" },
        "south": { "uv": [ 16, 13, 16, 14 ], "texture": "#log_oak" },
        "west":  { "uv": [ 7, 13, 10.5, 14 ], "texture": "#log_oak" },
        "east":  { "uv": [ 5.5, 13, 9, 14 ], "texture": "#log_oak" }
    }
},
{
    "__comment": "side03",
    "from": [ 13.5, 6, 6 ],
    "to": [ 14.5, 7, 10 ],
    "rotation": { "origin": [ 13.5, 7, 6 ], "axis": "z", "angle": 45 },
    "faces": {
        "down":  { "uv": [ 16, 9, 16, 5 ], "rotation": 180, "texture": "#log_oak" },
        "up":    { "uv": [ 0, 5, 0, 9 ], "rotation": 180, "texture": "#log_oak_top" },
        "north": { "uv": [ 0, 13.5, 0, 14.5 ], "texture": "#log_oak" },
        "south": { "uv": [ 16, 13.5, 16, 14.5 ], "texture": "#log_oak" },
        "west":  { "uv": [ 7, 13.5, 11, 14.5 ], "texture": "#log_oak" },
        "east":  { "uv": [ 5, 13.5, 9, 14.5 ], "texture": "#log_oak" }
    }
},
{
    "__comment": "teeth",
    "from": [ 8.5, 9.5, 5 ],
    "to": [ 9, 11.5, 5.5 ],
    "faces": {
        "up":    { "uv": [ 0, 0, 16, 16 ], "rotation": 180, "texture": "#obsidian" },
        "north": { "uv": [ 0, 0, 16, 16 ], "texture": "#obsidian" },
        "south": { "uv": [ 0, 0, 16, 16 ], "texture": "#obsidian" },
        "west":  { "uv": [ 0, 0, 16, 16 ], "texture": "#obsidian" },
        "east":  { "uv": [ 0, 0, 16, 16 ], "texture": "#obsidian" }
    }
},
{
    "__comment": "teeth",
    "from": [ 8.5, 7.5, 9.5 ],
    "to": [ 9.5, 9.5, 10.5 ],
    "faces": {
        "down":  { "uv": [ 0, 0, 16, 16 ], "rotation": 180, "texture": "#obsidian" },
        "up":    { "uv": [ 0, 0, 16, 16 ], "rotation": 180, "texture": "#obsidian" },
        "north": { "uv": [ 0, 0, 16, 16 ], "texture": "#obsidian" },
        "south": { "uv": [ 0, 0, 16, 16 ], "texture": "#obsidian" },
        "west":  { "uv": [ 0, 0, 16, 16 ], "texture": "#obsidian" },
        "east":  { "uv": [ 0, 0, 16, 16 ], "texture": "#obsidian" }
    }
},
{
    "__comment": "teeth",
    "from": [ 8.5, 9.5, 9.5 ],
    "to": [ 9, 11.5, 10 ],
    "faces": {
        "up":    { "uv": [ 0, 0, 16, 16 ], "rotation": 180, "texture": "#obsidian" },
        "north": { "uv": [ 0, 0, 16, 16 ], "texture": "#obsidian" },
        "south": { "uv": [ 0, 0, 16, 16 ], "texture": "#obsidian" },
        "west":  { "uv": [ 0, 0, 16, 16 ], "texture": "#obsidian" },
        "east":  { "uv": [ 0, 0, 16, 16 ], "texture": "#obsidian" }
    }
},
{
    "__comment": "teeth",
    "from": [ 8.5, 7.5, 4.5 ],
    "to": [ 9.5, 9.5, 5.5 ],
    "faces": {
        "down":  { "uv": [ 0, 0, 16, 16 ], "rotation": 180, "texture": "#obsidian" },
        "up":    { "uv": [ 0, 0, 16, 16 ], "rotation": 180, "texture": "#obsidian" },
        "north": { "uv": [ 0, 0, 16, 16 ], "texture": "#obsidian" },
        "south": { "uv": [ 0, 0, 16, 16 ], "texture": "#obsidian" },
        "west":  { "uv": [ 0, 0, 16, 16 ], "texture": "#obsidian" },
        "east":  { "uv": [ 0, 0, 16, 16 ], "texture": "#obsidian" }
    }
},
{
    "__comment": "teeth*",
    "from": [ 13.5, 10, 6 ],
    "to": [ 14, 12, 6.5 ],
    "faces": {
        "up":    { "uv": [ 0, 0, 16, 16 ], "rotation": 180, "texture": "#obsidian" },
        "north": { "uv": [ 0, 0, 16, 16 ], "texture": "#obsidian" },
        "south": { "uv": [ 0, 0, 16, 16 ], "texture": "#obsidian" },
        "west":  { "uv": [ 0, 0, 16, 16 ], "texture": "#obsidian" },
        "east":  { "uv": [ 0, 0, 16, 16 ], "texture": "#obsidian" }
    }
},
{
    "__comment": "teeth*",
    "from": [ 13.5, 8, 9 ],
    "to": [ 14.5, 10, 10 ],
    "faces": {
        "down":  { "uv": [ 0, 0, 16, 16 ], "rotation": 180, "texture": "#obsidian" },
        "up":    { "uv": [ 0, 0, 16, 16 ], "rotation": 180, "texture": "#obsidian" },
        "north": { "uv": [ 0, 0, 16, 16 ], "texture": "#obsidian" },
        "south": { "uv": [ 0, 0, 16, 16 ], "texture": "#obsidian" },
        "west":  { "uv": [ 0, 0, 16, 16 ], "texture": "#obsidian" },
        "east":  { "uv": [ 0, 0, 16, 16 ], "texture": "#obsidian" }
    }
},
{
    "__comment": "teeth*",
    "from": [ 13.5, 10, 9 ],
    "to": [ 14, 12, 9.5 ],
    "faces": {
        "up":    { "uv": [ 0, 0, 16, 16 ], "rotation": 180, "texture": "#obsidian" },
        "north": { "uv": [ 0, 0, 16, 16 ], "texture": "#obsidian" },
        "south": { "uv": [ 0, 0, 16, 16 ], "texture": "#obsidian" },
        "west":  { "uv": [ 0, 0, 16, 16 ], "texture": "#obsidian" },
        "east":  { "uv": [ 0, 0, 16, 16 ], "texture": "#obsidian" }
    }
},
{
    "__comment": "teeth*",
    "from": [ 13.5, 8, 5.5 ],
    "to": [ 14.5, 10, 6.5 ],
    "faces": {
        "down":  { "uv": [ 0, 0, 16, 16 ], "rotation": 180, "texture": "#obsidian" },
        "up":    { "uv": [ 0, 0, 16, 16 ], "rotation": 180, "texture": "#obsidian" },
        "north": { "uv": [ 0, 0, 16, 16 ], "texture": "#obsidian" },
        "south": { "uv": [ 0, 0, 16, 16 ], "texture": "#obsidian" },
        "west":  { "uv": [ 0, 0, 16, 16 ], "texture": "#obsidian" },
        "east":  { "uv": [ 0, 0, 16, 16 ], "texture": "#obsidian" }
    }
},
{
    "__comment": "tee",
    "from": [ 9.5, 7.275, 7.5 ],
    "to": [ 10.5, 8.275, 8.5 ],
    "rotation": { "origin": [ 9.5, 8.275, 7.5 ], "axis": "z", "angle": 45 },
    "faces": {
        "south": { "uv": [ 3.5, 7.5, 9.5, 11 ], "rotation": 90, "texture": "#leaves_oak" }
    }
},
{
    "__comment": "tee",
    "from": [ 10, 7, 5.5 ],
    "to": [ 11, 8, 6.5 ],
    "rotation": { "origin": [ 10, 8, 5.5 ], "axis": "z", "angle": 45 },
    "faces": {
        "south": { "uv": [ 3.5, 7.5, 9.5, 11 ], "rotation": 90, "texture": "#leaves_oak" }
    }
},
{
    "__comment": "tee",
    "from": [ 10.5, 6.75, 7.5 ],
    "to": [ 11.5, 7.75, 8.5 ],
    "rotation": { "origin": [ 10.5, 7.75, 7.5 ], "axis": "x", "angle": -45 },
    "faces": {
        "west":  { "uv": [ 3.5, 7.5, 9.5, 11 ], "rotation": 90, "texture": "#leaves_oak" }
    }
},
{
    "__comment": "tee",
    "from": [ 11, 6.5, 5.5 ],
    "to": [ 12, 7.5, 6.5 ],
    "rotation": { "origin": [ 11, 7.5, 5.5 ], "axis": "x", "angle": -45 },
    "faces": {
        "west":  { "uv": [ 3.5, 7.5, 9.5, 11 ], "rotation": 90, "texture": "#leaves_oak" }
    }
},
{
    "__comment": "tee",
    "from": [ 11.5, 7, 7.5 ],
    "to": [ 12.5, 8, 8.5 ],
    "rotation": { "origin": [ 11.5, 8, 7.5 ], "axis": "z", "angle": 45 },
    "faces": {
        "south": { "uv": [ 3.5, 7.5, 9.5, 11 ], "rotation": 90, "texture": "#leaves_oak" }
    }
},
{
    "__comment": "tee",
    "from": [ 12, 7, 5.5 ],
    "to": [ 13, 8, 6.5 ],
    "rotation": { "origin": [ 12, 8, 5.5 ], "axis": "z", "angle": 45 },
    "faces": {
        "south": { "uv": [ 3.5, 7.5, 9.5, 11 ], "rotation": 90, "texture": "#leaves_oak" }
    }
},
{
    "__comment": "tee",
    "from": [ 12.5, 6.5, 7.5 ],
    "to": [ 13.5, 7.5, 8.5 ],
    "rotation": { "origin": [ 12.5, 7.5, 7.5 ], "axis": "x", "angle": -45 },
    "faces": {
        "west":  { "uv": [ 3.5, 7.5, 9.5, 11 ], "rotation": 90, "texture": "#leaves_oak" }
    }
},
{
    "__comment": "tee",
    "from": [ 13, 6.5, 5.5 ],
    "to": [ 14, 7.5, 6.5 ],
    "rotation": { "origin": [ 13, 7.5, 5.5 ], "axis": "x", "angle": -45 },
    "faces": {
        "west":  { "uv": [ 3.5, 7.5, 9.5, 11 ], "rotation": 90, "texture": "#leaves_oak" }
    }
},
{
    "__comment": "tee",
    "from": [ 13, 7, 7 ],
    "to": [ 14, 8, 8 ],
    "rotation": { "origin": [ 13, 8, 7 ], "axis": "z", "angle": 45 },
    "faces": {
        "south": { "uv": [ 3.5, 7.5, 9.5, 11 ], "rotation": 90, "texture": "#leaves_oak" }
    }
},
{
    "__comment": "tee",
    "from": [ 14, 6.5, 7 ],
    "to": [ 15, 7.5, 8 ],
    "rotation": { "origin": [ 14, 7.5, 7 ], "axis": "x", "angle": -45 },
    "faces": {
        "west":  { "uv": [ 3.5, 7.5, 9.5, 11 ], "rotation": 90, "texture": "#leaves_oak" }
    }
}
],
"display": {
    "thirdperson_righthand": {
        "rotation": [ 64, 180, 90 ],
        "translation": [ -20, 7, 25 ],
        "scale": [ 4, 4, 4 ]
    },
    "thirdperson_lefthand": {
        "rotation": [ 0, 0, 0 ],
        "translation": [ 0, 0, 0 ],
        "scale": [ 1, 1, 1 ]
    },
    "head": {
        "rotation": [ 0, 0, 0 ],
        "translation": [ 0, 0, 0 ],
        "scale": [ 1, 1, 1 ]
    },
    "ground": {
        "rotation": [ 0, 0, 0 ],
        "translation": [ 0, 0, 0 ],
        "scale": [ 1, 1, 1 ]
    },
    "fixed": {
        "rotation": [ 0, 0, 0 ],
        "translation": [ 0, 0, 0 ],
        "scale": [ 1, 1, 1 ]
    },
    "firstperson_righthand": {
        "rotation": [ 0, 0, 0 ],
        "translation": [ 0, 0, 0 ],
        "scale": [ 1, 1, 1 ]
    },
    "firstperson_lefthand": {
        "rotation": [ 0, 0, 0 ],
        "translation": [ 0, 0, 0 ],
        "scale": [ 1, 1, 1 ]
    },
    "gui": {
        "rotation": [ 0, 0, 0 ],
        "translation": [ 0, 0, 0 ],
        "scale": [ 1, 1, 1 ]
    }
}
}