{
"__comment": "Designed in the where Naoxia with PRO 0.9999",
"textures": {
    "texture": "blocks/wool_colored_red",
    "prismarine_rough": "blocks/prismarine_rough",
    "sea_lantern": "blocks/sea_lantern",
    "water_still": "blocks/water_still",
    "glowstone": "blocks/glowstone",
    "fire_layer_0": "blocks/fire_layer_0",
    "cobblestone_mossy": "blocks/cobblestone_mossy",
    "log_oak": "blocks/log_oak",
    "log_oak_top": "blocks/log_oak_top",
    "leaves_big_oakII": "items/leaves_big_oakII",
    "fernII": "items/fernII",
    "emerald": "items/emerald",
    "Light_Circle_C": "items/THU"
},
"elements": [ 
{
    "__comment": "001",
    "from": [ 6.5, 7, 7 ],
    "to": [ 9.5, 10, 10 ],
    "rotation": { "origin": [ 6.5, 10, 7 ], "axis": "x", "angle": 45 },
    "faces": {
        "down":  { "uv": [ 0, 0, 16, 16 ], "texture": "#sea_lantern" },
        "up":    { "uv": [ 0, 0, 16, 16 ], "texture": "#sea_lantern" },
        "north": { "uv": [ 0, 0, 16, 16 ], "texture": "#sea_lantern" },
        "south": { "uv": [ 0, 0, 16, 16 ], "texture": "#sea_lantern" },
        "west":  { "uv": [ 0, 0, 16, 16 ], "texture": "#sea_lantern" },
        "east":  { "uv": [ 0, 0, 16, 16 ], "texture": "#sea_lantern" }
    }
},
{
    "__comment": "001*",
    "from": [ 8, 6.5, 5 ],
    "to": [ 11, 9.5, 8 ],
    "rotation": { "origin": [ 8, 6.5, 5 ], "axis": "y", "angle": -45 },
    "faces": {
        "down":  { "uv": [ 0, 0, 16, 16 ], "texture": "#sea_lantern" },
        "up":    { "uv": [ 0, 0, 16, 16 ], "texture": "#sea_lantern" },
        "north": { "uv": [ 0, 0, 16, 16 ], "texture": "#sea_lantern" },
        "south": { "uv": [ 0, 0, 16, 16 ], "texture": "#sea_lantern" },
        "west":  { "uv": [ 0, 0, 16, 16 ], "texture": "#sea_lantern" },
        "east":  { "uv": [ 0, 0, 16, 16 ], "texture": "#sea_lantern" }
    }
},
{
    "__comment": "001*",
    "from": [ 4.5, 4.5, 4 ],
    "to": [ 11.5, 5.5, 10.5 ],
    "faces": {
        "down":  { "uv": [ 0, 0, 16, 16 ], "texture": "#texture" },
        "up":    { "uv": [ 0, 0, 16, 16 ], "texture": "#texture" },
        "north": { "uv": [ 0, 0, 16, 16 ], "texture": "#texture" },
        "south": { "uv": [ 0, 0, 16, 16 ], "texture": "#texture" },
        "west":  { "uv": [ 0, 0, 16, 16 ], "texture": "#texture" },
        "east":  { "uv": [ 0, 0, 16, 16 ], "texture": "#texture" }
    }
},
{
    "__comment": "001*",
    "from": [ 8, 7, 5.5 ],
    "to": [ 11, 10, 8.5 ],
    "rotation": { "origin": [ 8, 10, 5.5 ], "axis": "z", "angle": -45 },
    "faces": {
        "down":  { "uv": [ 0, 0, 16, 16 ], "texture": "#sea_lantern" },
        "up":    { "uv": [ 0, 0, 16, 16 ], "texture": "#sea_lantern" },
        "north": { "uv": [ 0, 0, 16, 16 ], "texture": "#sea_lantern" },
        "south": { "uv": [ 0, 0, 16, 16 ], "texture": "#sea_lantern" },
        "west":  { "uv": [ 0, 0, 16, 16 ], "texture": "#sea_lantern" },
        "east":  { "uv": [ 0, 0, 16, 16 ], "texture": "#sea_lantern" }
    }
},
{
    "from": [ 8, 4.5, 3.375 ],
    "to": [ 8.0625, 11.5, 10.875 ],
    "faces": {
        "west":  { "uv": [ 0, 0, 16, 16 ], "texture": "#Light_Circle_C" }
    }
},
{
    "from": [ 4.375, 4.5, 6.9375 ],
    "to": [ 11.875, 11.5, 7 ],
    "faces": {
        "south": { "uv": [ 0, 0, 16, 16 ], "texture": "#Light_Circle_C" }
    }
}
],
"display": {
    "thirdperson_righthand": {
        "rotation": [ 61, 37, -1 ],
        "translation": [ -1.32, 1.89, 3.02 ],
        "scale": [ 1, 1, 1 ]
    },
    "thirdperson_lefthand": {
        "rotation": [ 61, 37, -1 ],
        "translation": [ -1.32, 1.89, 3.02 ],
        "scale": [ 1, 1, 1 ]
    },
    "head": {
        "rotation": [ -45, 0, 0 ],
        "translation": [ 2.46, 6.99, 1.13 ],
        "scale": [ 3, 3, 3 ]
    },
    "ground": {
        "rotation": [ 0, 0, 0 ],
        "translation": [ 0, 0, 0 ],
        "scale": [ 1, 1, 1 ]
    },
    "fixed": {
        "rotation": [ 1, 180, 1 ],
        "translation": [ 2.65, 0, 9.64 ],
        "scale": [ 4, 4, 4 ]
    },
    "firstperson_righthand": {
        "rotation": [ 3, 14, 0 ],
        "translation": [ 4.16, 1.32, -4.72 ],
        "scale": [ 2, 2, 2 ]
    },
    "firstperson_lefthand": {
        "rotation": [ 3, 14, 0 ],
        "translation": [ 4.16, 1.32, -4.72 ],
        "scale": [ 2, 2, 2 ]
    },
    "gui": {
        "rotation": [ -143, 37, -169 ],
        "translation": [ 1.13, 2.27, 0 ],
        "scale": [ 1.5, 1.5, 1.5 ]
    }
}
}