{
"__comment": "Designed in the where Naoxia with PRO 0.9999",
"textures": {
    "mushroom_block_skin_brown": "blocks/mushroom_block_skin_brown",
    "mushroom_block_inside": "blocks/mushroom_block_inside",
    "mushroom_block_skin_stem": "blocks/mushroom_block_skin_stem",
    "mushroom_block_skin_red": "blocks/mushroom_block_skin_red"
},
"elements": [ 
{
    "from": [ 6.0035, 18.9632, 5.00525 ],
    "to": [ 11.0035, 20.9632, 9.9965 ],
    "faces": {
        "down":  { "uv": [ 0, 0, 16, 16 ], "texture": "#mushroom_block_inside" },
        "up":    { "uv": [ 0, 0, 16, 16 ], "texture": "#mushroom_block_inside" },
        "north": { "uv": [ 0, 0, 16, 16 ], "texture": "#mushroom_block_skin_stem" },
        "south": { "uv": [ 0, 0, 16, 16 ], "texture": "#mushroom_block_skin_stem" },
        "west":  { "uv": [ 0, 0, 16, 16 ], "texture": "#mushroom_block_skin_stem" },
        "east":  { "uv": [ 0, 0, 16, 16 ], "texture": "#mushroom_block_skin_stem" }
    }
},
{
    "from": [ 5, 16.5, 4.0625 ],
    "to": [ 12, 19, 11.0503 ],
    "faces": {
        "down":  { "uv": [ 0, 0, 16, 16 ], "texture": "#mushroom_block_inside" },
        "up":    { "uv": [ 0, 0, 16, 16 ], "texture": "#mushroom_block_inside" },
        "north": { "uv": [ 0, 0, 16, 16 ], "texture": "#mushroom_block_skin_stem" },
        "south": { "uv": [ 0, 0, 16, 16 ], "texture": "#mushroom_block_skin_stem" },
        "west":  { "uv": [ 0, 0, 16, 16 ], "texture": "#mushroom_block_skin_stem" },
        "east":  { "uv": [ 0, 0, 16, 16 ], "texture": "#mushroom_block_skin_stem" }
    }
},
{
    "from": [ 4, 8, 3.0625 ],
    "to": [ 13, 16.5, 12.0467 ],
    "faces": {
        "down":  { "uv": [ 0, 0, 16, 16 ], "texture": "#mushroom_block_inside" },
        "up":    { "uv": [ 0, 0, 16, 16 ], "texture": "#mushroom_block_inside" },
        "north": { "uv": [ 0, 0, 16, 16 ], "texture": "#mushroom_block_skin_stem" },
        "south": { "uv": [ 0, 0, 16, 16 ], "texture": "#mushroom_block_skin_stem" },
        "west":  { "uv": [ 0, 0, 16, 16 ], "texture": "#mushroom_block_skin_stem" },
        "east":  { "uv": [ 0, 0, 16, 16 ], "texture": "#mushroom_block_skin_stem" }
    }
},
{
    "from": [ 2.0105, 22.9598, 1.01225 ],
    "to": [ 14.9878, 23.958, 13.9895 ],
    "faces": {
        "down":  { "uv": [ 2, 1, 14.9375, 13.9375 ], "texture": "#mushroom_block_inside" },
        "up":    { "uv": [ 2, 1, 14.9375, 13.9375 ], "texture": "#mushroom_block_skin_brown" },
        "north": { "uv": [ 0, 6.5, 12.9375, 7.4375 ], "texture": "#mushroom_block_skin_brown" },
        "south": { "uv": [ 2.5, 2.5, 15.4375, 3.4375 ], "texture": "#mushroom_block_skin_brown" },
        "west":  { "uv": [ 0, 8, 12.9375, 8.9375 ], "texture": "#mushroom_block_skin_brown" },
        "east":  { "uv": [ 1, 0, 13.9375, 0.9375 ], "texture": "#mushroom_block_skin_brown" }
    }
},
{
    "from": [ 4.007, 23.958, 3.00875 ],
    "to": [ 12.9912, 24.9563, 11.993 ],
    "faces": {
        "down":  { "uv": [ 4, 3, 12.9375, 11.9375 ], "texture": "#mushroom_block_inside" },
        "up":    { "uv": [ 4, 3, 12.9375, 11.9375 ], "texture": "#mushroom_block_skin_brown" },
        "north": { "uv": [ 3, 7.5, 11.9375, 8.4375 ], "texture": "#mushroom_block_skin_brown" },
        "south": { "uv": [ 4, 11.5, 12.9375, 12.4375 ], "texture": "#mushroom_block_skin_brown" },
        "west":  { "uv": [ 2, 5, 10.9375, 5.9375 ], "texture": "#mushroom_block_skin_brown" },
        "east":  { "uv": [ 0, 13, 8.9375, 13.9375 ], "texture": "#mushroom_block_skin_brown" }
    }
},
{
    "from": [ 0.014, 20.9632, -0.98425 ],
    "to": [ 16.9843, 22.9598, 15.9861 ],
    "faces": {
        "down":  { "uv": [ 0, 0, 16, 16 ], "texture": "#mushroom_block_inside" },
        "up":    { "uv": [ 0, 0, 16, 16 ], "texture": "#mushroom_block_skin_brown" },
        "north": { "uv": [ -0.9375, 4.5, 16, 6.4375 ], "texture": "#mushroom_block_skin_brown" },
        "south": { "uv": [ -0.9375, 11, 16, 12.9375 ], "texture": "#mushroom_block_skin_brown" },
        "west":  { "uv": [ -0.9375, 1, 16, 2.9375 ], "texture": "#mushroom_block_skin_brown" },
        "east":  { "uv": [ -0.9375, 10.5, 16, 12.4375 ], "texture": "#mushroom_block_skin_brown" }
    }
}
],
"display": {
    "head": {
        "rotation": [ 180, 0, 0 ],
        "translation": [ 0, 5.3, 0 ],
        "scale": [ 1.2, 1.2, 1.2 ]
    }
}
}