{
"__comment": "Designed in the where Naoxia with PRO 0.9999",
"textures": {
    "fire_layer_0": "blocks/fire_layer_0",
    "glass_orange": "blocks/glass_orange",
    "wool_colored_brown": "blocks/wool_colored_black",
    "wool_colored_white": "blocks/wool_colored_white",
    "State4ver2": "items/State4ver2"
},
"elements": [ 
{
    "__comment": "base",
    "from": [ 2, 4.875, 2 ],
    "to": [ 14, 5, 14 ],
    "faces": {
        "down":  { "uv": [ 13, 13.5, 2.5, 2.5 ], "texture": "#glass_orange" }
    }
},
{
    "__comment": "base",
    "from": [ 2, 11.875, 2 ],
    "to": [ 14, 12, 14 ],
    "faces": {
        "down":  { "uv": [ 13.5, 12, 2.5, 3 ], "texture": "#glass_orange" }
    }
},
{
    "__comment": "base",
    "from": [ 2, 5, 2 ],
    "to": [ 2.125, 12, 14 ],
    "faces": {
        "west":  { "uv": [ 13, 13.5, 2.5, 2.5 ], "rotation": 180, "texture": "#glass_orange" }
    }
},
{
    "__comment": "base",
    "from": [ 14, 5, 2 ],
    "to": [ 14.125, 12, 14 ],
    "faces": {
        "west":  { "uv": [ 13.5, 12, 2.5, 3 ], "rotation": 180, "texture": "#glass_orange" }
    }
},
{
    "__comment": "base",
    "from": [ 2, 5, 1.875 ],
    "to": [ 14, 12, 2 ],
    "faces": {
        "north": { "uv": [ 13, 13.5, 2.5, 2.5 ], "rotation": 180, "texture": "#glass_orange" }
    }
},
{
    "__comment": "base",
    "from": [ 2, 5, 14 ],
    "to": [ 14, 12, 14.125 ],
    "faces": {
        "north": { "uv": [ 13.5, 12, 2.5, 3 ], "rotation": 180, "texture": "#glass_orange" }
    }
},
{
    "from": [ 3, 12, 2.98169 ],
    "to": [ 3.0625, 19.5, 17.4817 ],
    "rotation": { "origin": [ 3, 12, 2.98169 ], "axis": "y", "angle": 45 },
    "faces": {
        "west":  { "uv": [ 0, 0, 16, 16 ], "texture": "#fire_layer_0" }
    }
},
{
    "from": [ 3, 12, 11.9406 ],
    "to": [ 17.5, 19.5, 12.0031 ],
    "rotation": { "origin": [ 3, 12, 11.9406 ], "axis": "y", "angle": 45 },
    "faces": {
        "south": { "uv": [ 0, 0, 16, 16 ], "texture": "#fire_layer_0" }
    }
},
{
    "__comment": "fire",
    "from": [ 13, 3, 10.5 ],
    "to": [ 17, 7, 14.5 ],
    "faces": {
        "north": { "uv": [ 0, 0, 16, 16 ], "texture": "#fire_layer_0" },
        "south": { "uv": [ 0, 0, 16, 16 ], "texture": "#fire_layer_0" },
        "west":  { "uv": [ 0, 0, 16, 16 ], "texture": "#fire_layer_0" },
        "east":  { "uv": [ 0, 0, 16, 16 ], "texture": "#fire_layer_0" }
    }
},
{
    "__comment": "fire",
    "from": [ 0, 2.5, 11.5 ],
    "to": [ 4, 6.5, 15.5 ],
    "faces": {
        "north": { "uv": [ 0, 0, 16, 16 ], "texture": "#fire_layer_0" },
        "south": { "uv": [ 0, 0, 16, 16 ], "texture": "#fire_layer_0" },
        "west":  { "uv": [ 0, 0, 16, 16 ], "texture": "#fire_layer_0" },
        "east":  { "uv": [ 0, 0, 16, 16 ], "texture": "#fire_layer_0" }
    }
},
{
    "from": [ -0.5, 9.5, 20 ],
    "to": [ 16, 27, 20.0625 ],
    "rotation": { "origin": [ -0.5, 27, 20 ], "axis": "x", "angle": 22.5 },
    "faces": {
        "north": { "uv": [ 0, 0, 16, 16 ], "texture": "#State4ver2" }
    }
},
{
    "from": [ 8, 13, 11.5 ],
    "to": [ 8.0625, 30.5, 29.5 ],
    "rotation": { "origin": [ 8, 30.5, 11.5 ], "axis": "x", "angle": 22.5 },
    "faces": {
        "east":  { "uv": [ 0, 0, 16, 16 ], "texture": "#State4ver2" }
    }
},
{
    "__comment": "eye",
    "from": [ 13, 7.5, 13.5 ],
    "to": [ 13.5, 9, 14 ],
    "faces": {
        "down":  { "uv": [ 3, 14, 2.5, 13.5 ], "texture": "#wool_colored_brown" },
        "up":    { "uv": [ 13, 13.5, 13.5, 14 ], "texture": "#wool_colored_brown" },
        "north": { "uv": [ 2.5, 7, 3, 8.5 ], "texture": "#wool_colored_brown" },
        "south": { "uv": [ 13, 7, 13.5, 8.5 ], "texture": "#wool_colored_brown" },
        "west":  { "uv": [ 13.5, 7, 14, 8.5 ], "texture": "#wool_colored_brown" },
        "east":  { "uv": [ 2, 7, 2.5, 8.5 ], "texture": "#wool_colored_brown" }
    }
},
{
    "__comment": "eye",
    "from": [ 11.5, 6, 13.5 ],
    "to": [ 12.5, 6.5, 14 ],
    "faces": {
        "down":  { "uv": [ 4.5, 14, 3.5, 13.5 ], "texture": "#wool_colored_brown" },
        "up":    { "uv": [ 11.5, 13.5, 12.5, 14 ], "texture": "#wool_colored_brown" },
        "north": { "uv": [ 3.5, 9.5, 4.5, 10 ], "texture": "#wool_colored_brown" },
        "south": { "uv": [ 11.5, 9.5, 12.5, 10 ], "texture": "#wool_colored_brown" },
        "west":  { "uv": [ 13.5, 9.5, 14, 10 ], "texture": "#wool_colored_brown" },
        "east":  { "uv": [ 2, 9.5, 2.5, 10 ], "texture": "#wool_colored_brown" }
    }
},
{
    "__comment": "eye",
    "from": [ 12.5, 6.5, 13.5 ],
    "to": [ 13, 7.5, 14 ],
    "faces": {
        "down":  { "uv": [ 3.5, 14, 3, 13.5 ], "texture": "#wool_colored_brown" },
        "up":    { "uv": [ 12.5, 13.5, 13, 14 ], "texture": "#wool_colored_brown" },
        "north": { "uv": [ 3, 8.5, 3.5, 9.5 ], "texture": "#wool_colored_brown" },
        "south": { "uv": [ 12.5, 8.5, 13, 9.5 ], "texture": "#wool_colored_brown" },
        "west":  { "uv": [ 13.5, 8.5, 14, 9.5 ], "texture": "#wool_colored_brown" },
        "east":  { "uv": [ 2, 8.5, 2.5, 9.5 ], "texture": "#wool_colored_brown" }
    }
},
{
    "__comment": "eye",
    "from": [ 11.5, 9.5, 13.5 ],
    "to": [ 12.5, 10, 14 ],
    "faces": {
        "down":  { "uv": [ 4.5, 14, 3.5, 13.5 ], "texture": "#wool_colored_brown" },
        "up":    { "uv": [ 11.5, 13.5, 12.5, 14 ], "texture": "#wool_colored_brown" },
        "north": { "uv": [ 3.5, 6, 4.5, 6.5 ], "texture": "#wool_colored_brown" },
        "south": { "uv": [ 11.5, 6, 12.5, 6.5 ], "texture": "#wool_colored_brown" },
        "west":  { "uv": [ 13.5, 6, 14, 6.5 ], "texture": "#wool_colored_brown" },
        "east":  { "uv": [ 2, 6, 2.5, 6.5 ], "texture": "#wool_colored_brown" }
    }
},
{
    "__comment": "eye",
    "from": [ 12.5, 8.5, 13.5 ],
    "to": [ 13, 9.5, 14 ],
    "faces": {
        "down":  { "uv": [ 3.5, 14, 3, 13.5 ], "texture": "#wool_colored_brown" },
        "up":    { "uv": [ 12.5, 13.5, 13, 14 ], "texture": "#wool_colored_brown" },
        "north": { "uv": [ 3, 6.5, 3.5, 7.5 ], "texture": "#wool_colored_brown" },
        "south": { "uv": [ 12.5, 6.5, 13, 7.5 ], "texture": "#wool_colored_brown" },
        "west":  { "uv": [ 13.5, 6.5, 14, 7.5 ], "texture": "#wool_colored_brown" },
        "east":  { "uv": [ 2, 6.5, 2.5, 7.5 ], "texture": "#wool_colored_brown" }
    }
},
{
    "__comment": "eye",
    "from": [ 10.5, 9.5, 13.5 ],
    "to": [ 11.5, 10, 14 ],
    "faces": {
        "down":  { "uv": [ 5.5, 14, 4.5, 13.5 ], "texture": "#wool_colored_brown" },
        "up":    { "uv": [ 10.5, 13.5, 11.5, 14 ], "texture": "#wool_colored_brown" },
        "north": { "uv": [ 4.5, 6, 5.5, 6.5 ], "texture": "#wool_colored_brown" },
        "south": { "uv": [ 10.5, 6, 11.5, 6.5 ], "texture": "#wool_colored_brown" },
        "west":  { "uv": [ 13.5, 6, 14, 6.5 ], "texture": "#wool_colored_brown" },
        "east":  { "uv": [ 2, 6, 2.5, 6.5 ], "texture": "#wool_colored_brown" }
    }
},
{
    "__comment": "eye",
    "from": [ 9.5, 9, 13.5 ],
    "to": [ 10.5, 9.5, 14 ],
    "faces": {
        "down":  { "uv": [ 6.5, 14, 5.5, 13.5 ], "texture": "#wool_colored_brown" },
        "up":    { "uv": [ 9.5, 13.5, 10.5, 14 ], "texture": "#wool_colored_brown" },
        "north": { "uv": [ 5.5, 6.5, 6.5, 7 ], "texture": "#wool_colored_brown" },
        "south": { "uv": [ 9.5, 6.5, 10.5, 7 ], "texture": "#wool_colored_brown" },
        "west":  { "uv": [ 13.5, 6.5, 14, 7 ], "texture": "#wool_colored_brown" },
        "east":  { "uv": [ 2, 6.5, 2.5, 7 ], "texture": "#wool_colored_brown" }
    }
},
{
    "__comment": "eye",
    "from": [ 9, 8, 13.5 ],
    "to": [ 9.5, 9, 14 ],
    "faces": {
        "down":  { "uv": [ 7, 14, 6.5, 13.5 ], "texture": "#wool_colored_brown" },
        "up":    { "uv": [ 9, 13.5, 9.5, 14 ], "texture": "#wool_colored_brown" },
        "north": { "uv": [ 6.5, 7, 7, 8 ], "texture": "#wool_colored_brown" },
        "south": { "uv": [ 9, 7, 9.5, 8 ], "texture": "#wool_colored_brown" },
        "west":  { "uv": [ 13.5, 7, 14, 8 ], "texture": "#wool_colored_brown" },
        "east":  { "uv": [ 2, 7, 2.5, 8 ], "texture": "#wool_colored_brown" }
    }
},
{
    "__comment": "eye",
    "from": [ 9.5, 7, 13.5 ],
    "to": [ 10, 8, 14 ],
    "faces": {
        "down":  { "uv": [ 6.5, 14, 6, 13.5 ], "texture": "#wool_colored_brown" },
        "up":    { "uv": [ 9.5, 13.5, 10, 14 ], "texture": "#wool_colored_brown" },
        "north": { "uv": [ 6, 8, 6.5, 9 ], "texture": "#wool_colored_brown" },
        "south": { "uv": [ 9.5, 8, 10, 9 ], "texture": "#wool_colored_brown" },
        "west":  { "uv": [ 13.5, 8, 14, 9 ], "texture": "#wool_colored_brown" },
        "east":  { "uv": [ 2, 8, 2.5, 9 ], "texture": "#wool_colored_brown" }
    }
},
{
    "__comment": "eye",
    "from": [ 10, 6.5, 13.5 ],
    "to": [ 11.5, 7, 14 ],
    "faces": {
        "down":  { "uv": [ 6, 14, 4.5, 13.5 ], "texture": "#wool_colored_brown" },
        "up":    { "uv": [ 10, 13.5, 11.5, 14 ], "texture": "#wool_colored_brown" },
        "north": { "uv": [ 4.5, 9, 6, 9.5 ], "texture": "#wool_colored_brown" },
        "south": { "uv": [ 10, 9, 11.5, 9.5 ], "texture": "#wool_colored_brown" },
        "west":  { "uv": [ 13.5, 9, 14, 9.5 ], "texture": "#wool_colored_brown" },
        "east":  { "uv": [ 2, 9, 2.5, 9.5 ], "texture": "#wool_colored_brown" }
    }
},
{
    "__comment": "eye",
    "from": [ 11.5, 7, 13.5 ],
    "to": [ 12, 7.5, 14 ],
    "faces": {
        "down":  { "uv": [ 4.5, 14, 4, 13.5 ], "texture": "#wool_colored_brown" },
        "up":    { "uv": [ 11.5, 13.5, 12, 14 ], "texture": "#wool_colored_brown" },
        "north": { "uv": [ 4, 8.5, 4.5, 9 ], "texture": "#wool_colored_brown" },
        "south": { "uv": [ 11.5, 8.5, 12, 9 ], "texture": "#wool_colored_brown" },
        "west":  { "uv": [ 13.5, 8.5, 14, 9 ], "texture": "#wool_colored_brown" },
        "east":  { "uv": [ 2, 8.5, 2.5, 9 ], "texture": "#wool_colored_brown" }
    }
},
{
    "__comment": "eye",
    "from": [ 12, 7.5, 13.5 ],
    "to": [ 12.5, 8.5, 14 ],
    "faces": {
        "down":  { "uv": [ 4, 14, 3.5, 13.5 ], "texture": "#wool_colored_brown" },
        "up":    { "uv": [ 12, 13.5, 12.5, 14 ], "texture": "#wool_colored_brown" },
        "north": { "uv": [ 3.5, 7.5, 4, 8.5 ], "texture": "#wool_colored_brown" },
        "south": { "uv": [ 12, 7.5, 12.5, 8.5 ], "texture": "#wool_colored_brown" },
        "west":  { "uv": [ 13.5, 7.5, 14, 8.5 ], "texture": "#wool_colored_brown" },
        "east":  { "uv": [ 2, 7.5, 2.5, 8.5 ], "texture": "#wool_colored_brown" }
    }
},
{
    "__comment": "eye",
    "from": [ 11, 8.5, 13.5 ],
    "to": [ 12, 9, 14 ],
    "faces": {
        "down":  { "uv": [ 5, 14, 4, 13.5 ], "texture": "#wool_colored_brown" },
        "up":    { "uv": [ 11, 13.5, 12, 14 ], "texture": "#wool_colored_brown" },
        "north": { "uv": [ 4, 7, 5, 7.5 ], "texture": "#wool_colored_brown" },
        "south": { "uv": [ 11, 7, 12, 7.5 ], "texture": "#wool_colored_brown" },
        "west":  { "uv": [ 13.5, 7, 14, 7.5 ], "texture": "#wool_colored_brown" },
        "east":  { "uv": [ 2, 7, 2.5, 7.5 ], "texture": "#wool_colored_brown" }
    }
},
{
    "__comment": "eye",
    "from": [ 10.5, 8, 13.5 ],
    "to": [ 11, 8.5, 14 ],
    "faces": {
        "down":  { "uv": [ 5.5, 14, 5, 13.5 ], "texture": "#wool_colored_brown" },
        "up":    { "uv": [ 10.5, 13.5, 11, 14 ], "texture": "#wool_colored_brown" },
        "north": { "uv": [ 5, 7.5, 5.5, 8 ], "texture": "#wool_colored_brown" },
        "south": { "uv": [ 10.5, 7.5, 11, 8 ], "texture": "#wool_colored_brown" },
        "west":  { "uv": [ 13.5, 7.5, 14, 8 ], "texture": "#wool_colored_brown" },
        "east":  { "uv": [ 2, 7.5, 2.5, 8 ], "texture": "#wool_colored_brown" }
    }
},
{
    "__comment": "eye*",
    "from": [ 6.5, 7.5, 13.5 ],
    "to": [ 7, 9, 14 ],
    "faces": {
        "down":  { "uv": [ 9.5, 14, 9, 13.5 ], "texture": "#wool_colored_brown" },
        "up":    { "uv": [ 6.5, 13.5, 7, 14 ], "texture": "#wool_colored_brown" },
        "north": { "uv": [ 9, 7, 9.5, 8.5 ], "texture": "#wool_colored_brown" },
        "south": { "uv": [ 6.5, 7, 7, 8.5 ], "texture": "#wool_colored_brown" },
        "west":  { "uv": [ 13.5, 7, 14, 8.5 ], "texture": "#wool_colored_brown" },
        "east":  { "uv": [ 2, 7, 2.5, 8.5 ], "texture": "#wool_colored_brown" }
    }
},
{
    "__comment": "eye*",
    "from": [ 5, 6, 13.5 ],
    "to": [ 6, 6.5, 14 ],
    "faces": {
        "down":  { "uv": [ 11, 14, 10, 13.5 ], "texture": "#wool_colored_brown" },
        "up":    { "uv": [ 5, 13.5, 6, 14 ], "texture": "#wool_colored_brown" },
        "north": { "uv": [ 10, 9.5, 11, 10 ], "texture": "#wool_colored_brown" },
        "south": { "uv": [ 5, 9.5, 6, 10 ], "texture": "#wool_colored_brown" },
        "west":  { "uv": [ 13.5, 9.5, 14, 10 ], "texture": "#wool_colored_brown" },
        "east":  { "uv": [ 2, 9.5, 2.5, 10 ], "texture": "#wool_colored_brown" }
    }
},
{
    "__comment": "eye*",
    "from": [ 6, 6.5, 13.5 ],
    "to": [ 6.5, 7.5, 14 ],
    "faces": {
        "down":  { "uv": [ 10, 14, 9.5, 13.5 ], "texture": "#wool_colored_brown" },
        "up":    { "uv": [ 6, 13.5, 6.5, 14 ], "texture": "#wool_colored_brown" },
        "north": { "uv": [ 9.5, 8.5, 10, 9.5 ], "texture": "#wool_colored_brown" },
        "south": { "uv": [ 6, 8.5, 6.5, 9.5 ], "texture": "#wool_colored_brown" },
        "west":  { "uv": [ 13.5, 8.5, 14, 9.5 ], "texture": "#wool_colored_brown" },
        "east":  { "uv": [ 2, 8.5, 2.5, 9.5 ], "texture": "#wool_colored_brown" }
    }
},
{
    "__comment": "eye*",
    "from": [ 5, 9.5, 13.5 ],
    "to": [ 6, 10, 14 ],
    "faces": {
        "down":  { "uv": [ 11, 14, 10, 13.5 ], "texture": "#wool_colored_brown" },
        "up":    { "uv": [ 5, 13.5, 6, 14 ], "texture": "#wool_colored_brown" },
        "north": { "uv": [ 10, 6, 11, 6.5 ], "texture": "#wool_colored_brown" },
        "south": { "uv": [ 5, 6, 6, 6.5 ], "texture": "#wool_colored_brown" },
        "west":  { "uv": [ 13.5, 6, 14, 6.5 ], "texture": "#wool_colored_brown" },
        "east":  { "uv": [ 2, 6, 2.5, 6.5 ], "texture": "#wool_colored_brown" }
    }
},
{
    "__comment": "eye*",
    "from": [ 6, 8.5, 13.5 ],
    "to": [ 6.5, 9.5, 14 ],
    "faces": {
        "down":  { "uv": [ 10, 14, 9.5, 13.5 ], "texture": "#wool_colored_brown" },
        "up":    { "uv": [ 6, 13.5, 6.5, 14 ], "texture": "#wool_colored_brown" },
        "north": { "uv": [ 9.5, 6.5, 10, 7.5 ], "texture": "#wool_colored_brown" },
        "south": { "uv": [ 6, 6.5, 6.5, 7.5 ], "texture": "#wool_colored_brown" },
        "west":  { "uv": [ 13.5, 6.5, 14, 7.5 ], "texture": "#wool_colored_brown" },
        "east":  { "uv": [ 2, 6.5, 2.5, 7.5 ], "texture": "#wool_colored_brown" }
    }
},
{
    "__comment": "eye*",
    "from": [ 4, 9.5, 13.5 ],
    "to": [ 5, 10, 14 ],
    "faces": {
        "down":  { "uv": [ 12, 14, 11, 13.5 ], "texture": "#wool_colored_brown" },
        "up":    { "uv": [ 4, 13.5, 5, 14 ], "texture": "#wool_colored_brown" },
        "north": { "uv": [ 11, 6, 12, 6.5 ], "texture": "#wool_colored_brown" },
        "south": { "uv": [ 4, 6, 5, 6.5 ], "texture": "#wool_colored_brown" },
        "west":  { "uv": [ 13.5, 6, 14, 6.5 ], "texture": "#wool_colored_brown" },
        "east":  { "uv": [ 2, 6, 2.5, 6.5 ], "texture": "#wool_colored_brown" }
    }
},
{
    "__comment": "eye*",
    "from": [ 3, 9, 13.5 ],
    "to": [ 4, 9.5, 14 ],
    "faces": {
        "down":  { "uv": [ 13, 14, 12, 13.5 ], "texture": "#wool_colored_brown" },
        "up":    { "uv": [ 3, 13.5, 4, 14 ], "texture": "#wool_colored_brown" },
        "north": { "uv": [ 12, 6.5, 13, 7 ], "texture": "#wool_colored_brown" },
        "south": { "uv": [ 3, 6.5, 4, 7 ], "texture": "#wool_colored_brown" },
        "west":  { "uv": [ 13.5, 6.5, 14, 7 ], "texture": "#wool_colored_brown" },
        "east":  { "uv": [ 2, 6.5, 2.5, 7 ], "texture": "#wool_colored_brown" }
    }
},
{
    "__comment": "eye*",
    "from": [ 2.5, 8, 13.5 ],
    "to": [ 3, 9, 14 ],
    "faces": {
        "down":  { "uv": [ 13.5, 14, 13, 13.5 ], "texture": "#wool_colored_brown" },
        "up":    { "uv": [ 2.5, 13.5, 3, 14 ], "texture": "#wool_colored_brown" },
        "north": { "uv": [ 13, 7, 13.5, 8 ], "texture": "#wool_colored_brown" },
        "south": { "uv": [ 2.5, 7, 3, 8 ], "texture": "#wool_colored_brown" },
        "west":  { "uv": [ 13.5, 7, 14, 8 ], "texture": "#wool_colored_brown" },
        "east":  { "uv": [ 2, 7, 2.5, 8 ], "texture": "#wool_colored_brown" }
    }
},
{
    "__comment": "eye*",
    "from": [ 3, 7, 13.5 ],
    "to": [ 3.5, 8, 14 ],
    "faces": {
        "down":  { "uv": [ 13, 14, 12.5, 13.5 ], "texture": "#wool_colored_brown" },
        "up":    { "uv": [ 3, 13.5, 3.5, 14 ], "texture": "#wool_colored_brown" },
        "north": { "uv": [ 12.5, 8, 13, 9 ], "texture": "#wool_colored_brown" },
        "south": { "uv": [ 3, 8, 3.5, 9 ], "texture": "#wool_colored_brown" },
        "west":  { "uv": [ 13.5, 8, 14, 9 ], "texture": "#wool_colored_brown" },
        "east":  { "uv": [ 2, 8, 2.5, 9 ], "texture": "#wool_colored_brown" }
    }
},
{
    "__comment": "eye*",
    "from": [ 3.5, 6.5, 13.5 ],
    "to": [ 5, 7, 14 ],
    "faces": {
        "down":  { "uv": [ 12.5, 14, 11, 13.5 ], "texture": "#wool_colored_brown" },
        "up":    { "uv": [ 3.5, 13.5, 5, 14 ], "texture": "#wool_colored_brown" },
        "north": { "uv": [ 11, 9, 12.5, 9.5 ], "texture": "#wool_colored_brown" },
        "south": { "uv": [ 3.5, 9, 5, 9.5 ], "texture": "#wool_colored_brown" },
        "west":  { "uv": [ 13.5, 9, 14, 9.5 ], "texture": "#wool_colored_brown" },
        "east":  { "uv": [ 2, 9, 2.5, 9.5 ], "texture": "#wool_colored_brown" }
    }
},
{
    "__comment": "eye*",
    "from": [ 5, 7, 13.5 ],
    "to": [ 5.5, 7.5, 14 ],
    "faces": {
        "down":  { "uv": [ 11, 14, 10.5, 13.5 ], "texture": "#wool_colored_brown" },
        "up":    { "uv": [ 5, 13.5, 5.5, 14 ], "texture": "#wool_colored_brown" },
        "north": { "uv": [ 10.5, 8.5, 11, 9 ], "texture": "#wool_colored_brown" },
        "south": { "uv": [ 5, 8.5, 5.5, 9 ], "texture": "#wool_colored_brown" },
        "west":  { "uv": [ 13.5, 8.5, 14, 9 ], "texture": "#wool_colored_brown" },
        "east":  { "uv": [ 2, 8.5, 2.5, 9 ], "texture": "#wool_colored_brown" }
    }
},
{
    "__comment": "eye*",
    "from": [ 5.5, 7.5, 13.5 ],
    "to": [ 6, 8.5, 14 ],
    "faces": {
        "down":  { "uv": [ 10.5, 14, 10, 13.5 ], "texture": "#wool_colored_brown" },
        "up":    { "uv": [ 5.5, 13.5, 6, 14 ], "texture": "#wool_colored_brown" },
        "north": { "uv": [ 10, 7.5, 10.5, 8.5 ], "texture": "#wool_colored_brown" },
        "south": { "uv": [ 5.5, 7.5, 6, 8.5 ], "texture": "#wool_colored_brown" },
        "west":  { "uv": [ 13.5, 7.5, 14, 8.5 ], "texture": "#wool_colored_brown" },
        "east":  { "uv": [ 2, 7.5, 2.5, 8.5 ], "texture": "#wool_colored_brown" }
    }
},
{
    "__comment": "eye*",
    "from": [ 4.5, 8.5, 13.5 ],
    "to": [ 5.5, 9, 14 ],
    "faces": {
        "down":  { "uv": [ 11.5, 14, 10.5, 13.5 ], "texture": "#wool_colored_brown" },
        "up":    { "uv": [ 4.5, 13.5, 5.5, 14 ], "texture": "#wool_colored_brown" },
        "north": { "uv": [ 10.5, 7, 11.5, 7.5 ], "texture": "#wool_colored_brown" },
        "south": { "uv": [ 4.5, 7, 5.5, 7.5 ], "texture": "#wool_colored_brown" },
        "west":  { "uv": [ 13.5, 7, 14, 7.5 ], "texture": "#wool_colored_brown" },
        "east":  { "uv": [ 2, 7, 2.5, 7.5 ], "texture": "#wool_colored_brown" }
    }
},
{
    "__comment": "eye*",
    "from": [ 4, 8, 13.5 ],
    "to": [ 4.5, 8.5, 14 ],
    "faces": {
        "down":  { "uv": [ 12, 14, 11.5, 13.5 ], "texture": "#wool_colored_brown" },
        "up":    { "uv": [ 4, 13.5, 4.5, 14 ], "texture": "#wool_colored_brown" },
        "north": { "uv": [ 11.5, 7.5, 12, 8 ], "texture": "#wool_colored_brown" },
        "south": { "uv": [ 4, 7.5, 4.5, 8 ], "texture": "#wool_colored_brown" },
        "west":  { "uv": [ 13.5, 7.5, 14, 8 ], "texture": "#wool_colored_brown" },
        "east":  { "uv": [ 2, 7.5, 2.5, 8 ], "texture": "#wool_colored_brown" }
    }
}
],
"display": {
    "thirdperson_righthand": {
        "rotation": [ 43, -48, 35 ],
        "translation": [ -2.61, 12.09, 12.28 ],
        "scale": [ 1.83, 0.09, 0.35 ]
    },
    "thirdperson_lefthand": {
        "rotation": [ 72, 34, 72 ],
        "translation": [ -5.86, 2.65, 6.24 ],
        "scale": [ 1.48, 0.16, 1.51 ]
    },
    "head": {
        "rotation": [ 26, -180, 0 ],
        "translation": [ 0, -17, -6 ],
        "scale": [ 1, 1, 1 ]
    },
    "ground": {
        "rotation": [ -88, 48, 105 ],
        "translation": [ 8.31, 8.5, 0 ],
        "scale": [ 1.61, -0.72, 0.44 ]
    },
    "fixed": {
        "rotation": [ 0, 0, 0 ],
        "translation": [ 0, 0, 0 ],
        "scale": [ 2.17, 0.28, 1.8 ]
    },
    "firstperson_righthand": {
        "rotation": [ 0, 0, 0 ],
        "translation": [ 0, 0, 0 ],
        "scale": [ 2.52, 3.24, 2.65 ]
    },
    "firstperson_lefthand": {
        "rotation": [ 0, 0, 0 ],
        "translation": [ 0, 0, 0 ],
        "scale": [ 3.59, 2.14, -1.29 ]
    },
    "gui": {
        "rotation": [ 0, 0, 0 ],
        "translation": [ 0, 0, 0 ],
        "scale": [ 0.5, 0.5, 0.5 ]
    }
}
}