{
"__comment": "Designed in the where Naoxia with PRO 0.9999",
"textures": {
    "fire_layer_0": "blocks/fire_layer_0",
    "glass_orange": "blocks/glass_orange",
    "wool_colored_brown": "blocks/wool_colored_black",
    "wool_colored_white": "blocks/wool_colored_white"
},
"elements": [ 
{
    "__comment": "base",
    "from": [ 2, 4.875, 2 ],
    "to": [ 14, 5, 14 ],
    "faces": {
        "down":  { "uv": [ 13, 13.5, 2.5, 2.5 ], "texture": "#glass_orange" }
    }
},
{
    "__comment": "base",
    "from": [ 2, 11.875, 2 ],
    "to": [ 14, 12, 14 ],
    "faces": {
        "down":  { "uv": [ 13.5, 12, 2.5, 3 ], "texture": "#glass_orange" }
    }
},
{
    "__comment": "base",
    "from": [ 2, 5, 2 ],
    "to": [ 2.125, 12, 14 ],
    "faces": {
        "west":  { "uv": [ 13, 13.5, 2.5, 2.5 ], "rotation": 180, "texture": "#glass_orange" }
    }
},
{
    "__comment": "base",
    "from": [ 14, 5, 2 ],
    "to": [ 14.125, 12, 14 ],
    "faces": {
        "west":  { "uv": [ 13.5, 12, 2.5, 3 ], "rotation": 180, "texture": "#glass_orange" }
    }
},
{
    "__comment": "base",
    "from": [ 2, 5, 1.875 ],
    "to": [ 14, 12, 2 ],
    "faces": {
        "north": { "uv": [ 13, 13.5, 2.5, 2.5 ], "rotation": 180, "texture": "#glass_orange" }
    }
},
{
    "__comment": "base",
    "from": [ 2, 5, 14 ],
    "to": [ 14, 12, 14.125 ],
    "faces": {
        "north": { "uv": [ 13.5, 12, 2.5, 3 ], "rotation": 180, "texture": "#glass_orange" }
    }
},
{
    "from": [ 9, 7.5, 11.5 ],
    "to": [ 13, 8.5, 14 ],
    "rotation": { "origin": [ 9, 8.5, 11.5 ], "axis": "z", "angle": 22.5 },
    "faces": {
        "down":  { "uv": [ 0, 0, 16, 16 ], "texture": "#wool_colored_brown" },
        "up":    { "uv": [ 0, 0, 16, 16 ], "texture": "#wool_colored_brown" },
        "north": { "uv": [ 0, 0, 16, 16 ], "texture": "#wool_colored_brown" },
        "south": { "uv": [ 0, 0, 16, 16 ], "texture": "#wool_colored_brown" },
        "west":  { "uv": [ 0, 0, 16, 16 ], "texture": "#wool_colored_brown" },
        "east":  { "uv": [ 0, 0, 16, 16 ], "texture": "#wool_colored_brown" }
    }
},
{
    "from": [ 3, 10, 3 ],
    "to": [ 3.0625, 26, 17.5 ],
    "rotation": { "origin": [ 3, 10, 3 ], "axis": "y", "angle": 45 },
    "faces": {
        "west":  { "uv": [ 0, 0, 16, 16 ], "texture": "#fire_layer_0" }
    }
},
{
    "from": [ 3, 10, 12 ],
    "to": [ 17.5, 26, 12.0625 ],
    "rotation": { "origin": [ 3, 10, 12 ], "axis": "y", "angle": 45 },
    "faces": {
        "south": { "uv": [ 0, 0, 16, 16 ], "texture": "#fire_layer_0" }
    }
},
{
    "__comment": "fire",
    "from": [ 12.5, 4, 8 ],
    "to": [ 17, 7.5, 13 ],
    "faces": {
        "north": { "uv": [ 0, 0, 16, 16 ], "texture": "#fire_layer_0" },
        "south": { "uv": [ 0, 0, 16, 16 ], "texture": "#fire_layer_0" },
        "west":  { "uv": [ 0, 0, 16, 16 ], "texture": "#fire_layer_0" },
        "east":  { "uv": [ 0, 0, 16, 16 ], "texture": "#fire_layer_0" }
    }
},
{
    "__comment": "fire",
    "from": [ -0.5, 3, 10 ],
    "to": [ 4, 6.5, 14.5 ],
    "faces": {
        "north": { "uv": [ 0, 0, 16, 16 ], "texture": "#fire_layer_0" },
        "south": { "uv": [ 0, 0, 16, 16 ], "texture": "#fire_layer_0" },
        "west":  { "uv": [ 0, 0, 16, 16 ], "texture": "#fire_layer_0" },
        "east":  { "uv": [ 0, 0, 16, 16 ], "texture": "#fire_layer_0" }
    }
},
{
    "from": [ 9.5, 7.5, 11.5 ],
    "to": [ 13.5, 8.5, 14 ],
    "rotation": { "origin": [ 9.5, 8.5, 11.5 ], "axis": "z", "angle": -22.5 },
    "faces": {
        "down":  { "uv": [ 0, 0, 16, 16 ], "texture": "#wool_colored_brown" },
        "up":    { "uv": [ 0, 0, 16, 16 ], "texture": "#wool_colored_brown" },
        "north": { "uv": [ 0, 0, 16, 16 ], "texture": "#wool_colored_brown" },
        "south": { "uv": [ 0, 0, 16, 16 ], "texture": "#wool_colored_brown" },
        "west":  { "uv": [ 0, 0, 16, 16 ], "texture": "#wool_colored_brown" },
        "east":  { "uv": [ 0, 0, 16, 16 ], "texture": "#wool_colored_brown" }
    }
},
{
    "from": [ 2.5, 9, 11.5 ],
    "to": [ 6.5, 10, 14 ],
    "rotation": { "origin": [ 2.5, 10, 11.5 ], "axis": "z", "angle": -22.5 },
    "faces": {
        "down":  { "uv": [ 0, 0, 16, 16 ], "texture": "#wool_colored_brown" },
        "up":    { "uv": [ 0, 0, 16, 16 ], "texture": "#wool_colored_brown" },
        "north": { "uv": [ 0, 0, 16, 16 ], "texture": "#wool_colored_brown" },
        "south": { "uv": [ 0, 0, 16, 16 ], "texture": "#wool_colored_brown" },
        "west":  { "uv": [ 0, 0, 16, 16 ], "texture": "#wool_colored_brown" },
        "east":  { "uv": [ 0, 0, 16, 16 ], "texture": "#wool_colored_brown" }
    }
},
{
    "from": [ 2.5, 6, 11.5 ],
    "to": [ 6.5, 7, 14 ],
    "rotation": { "origin": [ 2.5, 7, 11.5 ], "axis": "z", "angle": 22.5 },
    "faces": {
        "down":  { "uv": [ 0, 0, 16, 16 ], "texture": "#wool_colored_brown" },
        "up":    { "uv": [ 0, 0, 16, 16 ], "texture": "#wool_colored_brown" },
        "north": { "uv": [ 0, 0, 16, 16 ], "texture": "#wool_colored_brown" },
        "south": { "uv": [ 0, 0, 16, 16 ], "texture": "#wool_colored_brown" },
        "west":  { "uv": [ 0, 0, 16, 16 ], "texture": "#wool_colored_brown" },
        "east":  { "uv": [ 0, 0, 16, 16 ], "texture": "#wool_colored_brown" }
    }
}
],
"display": {
    "thirdperson_righthand": {
        "rotation": [ 143, -69, 169 ],
        "translation": [ 0, -10.58, 0 ],
        "scale": [ -0.47, 1.76, -0.82 ]
    },
    "thirdperson_lefthand": {
        "rotation": [ 62, 40, -61 ],
        "translation": [ 6.43, 10.58, -9.6 ],
        "scale": [ 1.67, 0.22, 1.64 ]
    },
    "head": {
        "rotation": [ 0, 180, 0 ],
        "translation": [ 0, -17, -6 ],
        "scale": [ 1, 1, 1 ]
    },
    "ground": {
        "rotation": [ 132, 0, -72 ],
        "translation": [ 0, -24, 0 ],
        "scale": [ -0.22, 3.75, 0.09 ]
    },
    "fixed": {
        "rotation": [ 180, 0, 0 ],
        "translation": [ 0, 0, 0 ],
        "scale": [ 1, 1, 1 ]
    },
    "firstperson_righthand": {
        "rotation": [ 98, -116, 0 ],
        "translation": [ 24, -11.15, 9.6 ],
        "scale": [ 0.19, 1.45, -1.2 ]
    },
    "firstperson_lefthand": {
        "rotation": [ 54, -120, 96 ],
        "translation": [ 0, 13.8, 24 ],
        "scale": [ 1, 1, 1 ]
    },
    "gui": {
        "rotation": [ 84, 0, 0 ],
        "translation": [ 0, 0, 0 ],
        "scale": [ 0.5, 0.5, 0.5 ]
    }
}
}