{
"parent": "item/generated",
"textures": {
"layer0": "item/golden_horse_armor"
},

"overrides": [
{"predicate": {"custom_model_data":1}, "model":"s/custom_ha g/1"},
{"predicate": {"custom_model_data":2}, "model":"s/custom_ha g/2"},
{"predicate": {"custom_model_data":3}, "model":"s/custom_ha g/3"},
{"predicate": {"custom_model_data":4}, "model":"s/custom_ha g/4"},
{"predicate": {"custom_model_data":5}, "model":"s/custom_ha g/5"},
{"predicate": {"custom_model_data":6}, "model":"s/custom_ha g/6"},
{"predicate": {"custom_model_data":7}, "model":"s/custom_ha g/7"},
{"predicate": {"custom_model_data":8}, "model":"s/custom_ha g/8"},
{"predicate": {"custom_model_data":9}, "model":"s/custom_ha g/9"},
{"predicate": {"custom_model_data":10}, "model":"s/custom_ha g/10"},
{"predicate": {"custom_model_data":11}, "model":"s/custom_ha g/11"},
{"predicate": {"custom_model_data":12}, "model":"s/custom_ha g/12"},
{"predicate": {"custom_model_data":13}, "model":"s/custom_ha g/13"},
{"predicate": {"custom_model_data":14}, "model":"s/custom_ha g/14"},
{"predicate": {"custom_model_data":15}, "model":"s/custom_ha g/15"},
{"predicate": {"custom_model_data":16}, "model":"s/custom_ha g/16"},
{"predicate": {"custom_model_data":17}, "model":"s/custom_ha g/17"},
{"predicate": {"custom_model_data":18}, "model":"s/custom_ha g/18"},
{"predicate": {"custom_model_data":19}, "model":"s/custom_ha g/19"},
{"predicate": {"custom_model_data":20}, "model":"s/custom_ha g/20"},
{"predicate": {"custom_model_data":21}, "model":"s/custom_ha g/21"},
{"predicate": {"custom_model_data":22}, "model":"s/custom_ha g/22"},
{"predicate": {"custom_model_data":23}, "model":"s/custom_ha g/23"},
{"predicate": {"custom_model_data":24}, "model":"s/custom_ha g/24"},
{"predicate": {"custom_model_data":25}, "model":"s/custom_ha g/25"},
{"predicate": {"custom_model_data":26}, "model":"s/custom_ha g/26"},
{"predicate": {"custom_model_data":27}, "model":"s/custom_ha g/27"},
{"predicate": {"custom_model_data":28}, "model":"s/custom_ha g/28"},
{"predicate": {"custom_model_data":29}, "model":"s/custom_ha g/29"},
{"predicate": {"custom_model_data":30}, "model":"s/custom_ha g/30"},
{"predicate": {"custom_model_data":31}, "model":"s/custom_ha g/31"},
{"predicate": {"custom_model_data":32}, "model":"s/custom_ha g/32"},
{"predicate": {"custom_model_data":33}, "model":"s/custom_ha g/33"},
{"predicate": {"custom_model_data":34}, "model":"s/custom_ha g/34"},
{"predicate": {"custom_model_data":35}, "model":"s/custom_ha g/35"},
{"predicate": {"custom_model_data":36}, "model":"s/custom_ha g/36"},
{"predicate": {"custom_model_data":37}, "model":"s/custom_ha g/37"},
{"predicate": {"custom_model_data":38}, "model":"s/custom_ha g/38"},
{"predicate": {"custom_model_data":39}, "model":"s/custom_ha g/39"},
{"predicate": {"custom_model_data":40}, "model":"s/custom_ha g/40"},
{"predicate": {"custom_model_data":41}, "model":"s/custom_ha g/41"},
{"predicate": {"custom_model_data":42}, "model":"s/custom_ha g/42"},
{"predicate": {"custom_model_data":43}, "model":"s/custom_ha g/49"},
{"predicate": {"custom_model_data":44}, "model":"s/custom_ha g/45"},
{"predicate": {"custom_model_data":45}, "model":"s/custom_ha g/43"},
{"predicate": {"custom_model_data":46}, "model":"s/custom_ha g/44"},
{"predicate": {"custom_model_data":47}, "model":"s/custom_ha g/48"},
{"predicate": {"custom_model_data":48}, "model":"s/custom_ha g/47"},
{"predicate": {"custom_model_data":49}, "model":"s/custom_ha g/46"},
{"predicate": {"custom_model_data":50}, "model":"s/custom_ha g/55"},
{"predicate": {"custom_model_data":51}, "model":"s/custom_ha g/54"},
{"predicate": {"custom_model_data":52}, "model":"s/custom_ha g/56"},
{"predicate": {"custom_model_data":53}, "model":"s/custom_ha g/53"},
{"predicate": {"custom_model_data":54}, "model":"s/custom_ha g/57"},
{"predicate": {"custom_model_data":55}, "model":"s/custom_ha g/52"},
{"predicate": {"custom_model_data":56}, "model":"s/custom_ha g/58"},
{"predicate": {"custom_model_data":57}, "model":"s/custom_ha g/51"},
{"predicate": {"custom_model_data":58}, "model":"s/custom_ha g/59"},
{"predicate": {"custom_model_data":59}, "model":"s/custom_ha g/50"},
{"predicate": {"custom_model_data":60}, "model":"s/custom_ha g/60"},
{"predicate": {"custom_model_data":61}, "model":"s/custom_ha g/67"},
{"predicate": {"custom_model_data":62}, "model":"s/custom_ha g/68"},
{"predicate": {"custom_model_data":63}, "model":"s/custom_ha g/69"},
{"predicate": {"custom_model_data":64}, "model":"s/custom_ha g/70"},
{"predicate": {"custom_model_data":65}, "model":"s/custom_ha g/75"},
{"predicate": {"custom_model_data":66}, "model":"s/custom_ha g/76"},
{"predicate": {"custom_model_data":67}, "model":"s/custom_ha g/77"},
{"predicate": {"custom_model_data":68}, "model":"s/custom_ha g/78"},
{"predicate": {"custom_model_data":69}, "model":"s/custom_ha g/66"},
{"predicate": {"custom_model_data":70}, "model":"s/custom_ha g/79"},
{"predicate": {"custom_model_data":71}, "model":"s/custom_ha g/73"},
{"predicate": {"custom_model_data":72}, "model":"s/custom_ha g/74"},
{"predicate": {"custom_model_data":73}, "model":"s/custom_ha g/72"},
{"predicate": {"custom_model_data":74}, "model":"s/custom_ha g/63"},
{"predicate": {"custom_model_data":75}, "model":"s/custom_ha g/64"},
{"predicate": {"custom_model_data":76}, "model":"s/custom_ha g/65"},
{"predicate": {"custom_model_data":77}, "model":"s/custom_ha g/71"},
{"predicate": {"custom_model_data":78}, "model":"s/custom_ha g/62"},
{"predicate": {"custom_model_data":79}, "model":"s/custom_ha g/61"},
{"predicate": {"custom_model_data":80}, "model":"s/custom_ha g/80"},
{"predicate": {"custom_model_data":81}, "model":"s/custom_ha g/81"},
{"predicate": {"custom_model_data":82}, "model":"s/custom_ha g/82"},
{"predicate": {"custom_model_data":83}, "model":"s/custom_ha g/83"},
{"predicate": {"custom_model_data":84}, "model":"s/custom_ha g/84"},
{"predicate": {"custom_model_data":85}, "model":"s/custom_ha g/85"},
{"predicate": {"custom_model_data":86}, "model":"s/custom_ha g/86"},
{"predicate": {"custom_model_data":87}, "model":"s/custom_ha g/87"},
{"predicate": {"custom_model_data":88}, "model":"s/custom_ha g/88"},
{"predicate": {"custom_model_data":89}, "model":"s/custom_ha g/89"},
{"predicate": {"custom_model_data":90}, "model":"s/custom_ha g/90"},
{"predicate": {"custom_model_data":91}, "model":"s/custom_ha g/91"},
{"predicate": {"custom_model_data":92}, "model":"s/custom_ha g/92"},
{"predicate": {"custom_model_data":93}, "model":"s/custom_ha g/93"},
{"predicate": {"custom_model_data":94}, "model":"s/custom_ha g/101"},
{"predicate": {"custom_model_data":95}, "model":"s/custom_ha g/95"},
{"predicate": {"custom_model_data":96}, "model":"s/custom_ha g/96"},
{"predicate": {"custom_model_data":97}, "model":"s/custom_ha g/102"},
{"predicate": {"custom_model_data":98}, "model":"s/custom_ha g/103"},
{"predicate": {"custom_model_data":99}, "model":"s/custom_ha g/104"},
{"predicate": {"custom_model_data":100}, "model":"s/custom_ha g/105"},
{"predicate": {"custom_model_data":101}, "model":"s/custom_ha g/97"},
{"predicate": {"custom_model_data":102}, "model":"s/custom_ha g/106"},
{"predicate": {"custom_model_data":103}, "model":"s/custom_ha g/98"},
{"predicate": {"custom_model_data":104}, "model":"s/custom_ha g/99"},
{"predicate": {"custom_model_data":105}, "model":"s/custom_ha g/100"},
{"predicate": {"custom_model_data":106}, "model":"s/custom_ha g/94"},
{"predicate": {"custom_model_data":107}, "model":"s/custom_ha g/110"},
{"predicate": {"custom_model_data":108}, "model":"s/custom_ha g/111"},
{"predicate": {"custom_model_data":109}, "model":"s/custom_ha g/108"},
{"predicate": {"custom_model_data":110}, "model":"s/custom_ha g/109"},
{"predicate": {"custom_model_data":111}, "model":"s/custom_ha g/112"},
{"predicate": {"custom_model_data":112}, "model":"s/custom_ha g/107"},
{"predicate": {"custom_model_data":113}, "model":"s/custom_ha g/113"},
{"predicate": {"custom_model_data":114}, "model":"s/custom_ha g/114"},
{"predicate": {"custom_model_data":115}, "model":"s/custom_ha g/116"},
{"predicate": {"custom_model_data":116}, "model":"s/custom_ha g/117"},
{"predicate": {"custom_model_data":117}, "model":"s/custom_ha g/118"},
{"predicate": {"custom_model_data":118}, "model":"s/custom_ha g/115"},
{"predicate": {"custom_model_data":119}, "model":"s/custom_ha g/123"},
{"predicate": {"custom_model_data":120}, "model":"s/custom_ha g/122"},
{"predicate": {"custom_model_data":121}, "model":"s/custom_ha g/121"},
{"predicate": {"custom_model_data":122}, "model":"s/custom_ha g/120"},
{"predicate": {"custom_model_data":123}, "model":"s/custom_ha g/119"},
{"predicate": {"custom_model_data":124}, "model":"s/custom_ha g/124"},
{"predicate": {"custom_model_data":125}, "model":"s/custom_ha g/126"},
{"predicate": {"custom_model_data":126}, "model":"s/custom_ha g/127"},
{"predicate": {"custom_model_data":127}, "model":"s/custom_ha g/128"},
{"predicate": {"custom_model_data":128}, "model":"s/custom_ha g/125"},
{"predicate": {"custom_model_data":129}, "model":"s/custom_ha g/129"},
{"predicate": {"custom_model_data":130}, "model":"s/custom_ha g/132"},
{"predicate": {"custom_model_data":131}, "model":"s/custom_ha g/131"},
{"predicate": {"custom_model_data":132}, "model":"s/custom_ha g/130"},
{"predicate": {"custom_model_data":133}, "model":"s/custom_ha g/133"},
{"predicate": {"custom_model_data":134}, "model":"s/custom_ha g/135"},
{"predicate": {"custom_model_data":135}, "model":"s/custom_ha g/134"},
{"predicate": {"custom_model_data":136}, "model":"s/custom_ha g/136"},

{"predicate": {"custom_model_data":137}, "model":"s/custom_ha g/137"},
{"predicate": {"custom_model_data":138}, "model":"s/custom_ha g/138"},
{"predicate": {"custom_model_data":139}, "model":"s/custom_ha g/139"},
{"predicate": {"custom_model_data":140}, "model":"s/custom_ha g/140"},
{"predicate": {"custom_model_data":141}, "model":"s/custom_ha g/141"},
{"predicate": {"custom_model_data":142}, "model":"s/custom_ha g/142"},
{"predicate": {"custom_model_data":143}, "model":"s/custom_ha g/143"},
{"predicate": {"custom_model_data":144}, "model":"s/custom_ha g/144"},
{"predicate": {"custom_model_data":145}, "model":"s/custom_ha g/145"},
{"predicate": {"custom_model_data":146}, "model":"s/custom_ha g/146"},
{"predicate": {"custom_model_data":147}, "model":"s/custom_ha g/147"},
{"predicate": {"custom_model_data":148}, "model":"s/custom_ha g/148"},
{"predicate": {"custom_model_data":149}, "model":"s/custom_ha g/149"},
{"predicate": {"custom_model_data":150}, "model":"s/custom_ha g/150"},
{"predicate": {"custom_model_data":151}, "model":"s/custom_ha g/151"},
{"predicate": {"custom_model_data":152}, "model":"s/custom_ha g/152"},
{"predicate": {"custom_model_data":153}, "model":"s/custom_ha g/153"},
{"predicate": {"custom_model_data":154}, "model":"s/custom_ha g/154"},
{"predicate": {"custom_model_data":155}, "model":"s/custom_ha g/155"},
{"predicate": {"custom_model_data":156}, "model":"s/custom_ha g/156"},
{"predicate": {"custom_model_data":157}, "model":"s/custom_ha g/157"},
{"predicate": {"custom_model_data":158}, "model":"s/custom_ha g/158"},
{"predicate": {"custom_model_data":159}, "model":"s/custom_ha g/159"},
{"predicate": {"custom_model_data":160}, "model":"s/custom_ha g/160"},
{"predicate": {"custom_model_data":161}, "model":"s/custom_ha g/161"},
{"predicate": {"custom_model_data":162}, "model":"s/custom_ha g/162"},
{"predicate": {"custom_model_data":163}, "model":"s/custom_ha g/163"},
{"predicate": {"custom_model_data":164}, "model":"s/custom_ha g/164"},
{"predicate": {"custom_model_data":165}, "model":"s/custom_ha g/165"},
{"predicate": {"custom_model_data":166}, "model":"s/custom_ha g/166"},
{"predicate": {"custom_model_data":167}, "model":"s/custom_ha g/167"},
{"predicate": {"custom_model_data":168}, "model":"s/custom_ha g/168"},
{"predicate": {"custom_model_data":169}, "model":"s/custom_ha g/169"},
{"predicate": {"custom_model_data":170}, "model":"s/custom_ha g/170"},
{"predicate": {"custom_model_data":171}, "model":"s/custom_ha g/171"},
{"predicate": {"custom_model_data":172}, "model":"s/custom_ha g/172"},
{"predicate": {"custom_model_data":173}, "model":"s/custom_ha g/173"},
{"predicate": {"custom_model_data":174}, "model":"s/custom_ha g/174"},
{"predicate": {"custom_model_data":175}, "model":"s/custom_ha g/175"},
{"predicate": {"custom_model_data":176}, "model":"s/custom_ha g/176"},
{"predicate": {"custom_model_data":177}, "model":"s/custom_ha g/177"},
{"predicate": {"custom_model_data":178}, "model":"s/custom_ha g/178"},
{"predicate": {"custom_model_data":179}, "model":"s/custom_ha g/179"},
{"predicate": {"custom_model_data":180}, "model":"s/custom_ha g/180"},
{"predicate": {"custom_model_data":181}, "model":"s/custom_ha g/181"},
{"predicate": {"custom_model_data":182}, "model":"s/custom_ha g/182"},
{"predicate": {"custom_model_data":183}, "model":"s/custom_ha g/183"},
{"predicate": {"custom_model_data":184}, "model":"s/custom_ha g/184"},
{"predicate": {"custom_model_data":185}, "model":"s/custom_ha g/185"},
{"predicate": {"custom_model_data":186}, "model":"s/custom_ha g/186"},
{"predicate": {"custom_model_data":187}, "model":"s/custom_ha g/187"},
{"predicate": {"custom_model_data":188}, "model":"s/custom_ha g/188"},
{"predicate": {"custom_model_data":189}, "model":"s/custom_ha g/189"},
{"predicate": {"custom_model_data":190}, "model":"s/custom_ha g/190"},
{"predicate": {"custom_model_data":191}, "model":"s/custom_ha g/191"},
{"predicate": {"custom_model_data":192}, "model":"s/custom_ha g/192"},
{"predicate": {"custom_model_data":193}, "model":"s/custom_ha g/193"},
{"predicate": {"custom_model_data":194}, "model":"s/custom_ha g/194"},
{"predicate": {"custom_model_data":195}, "model":"s/custom_ha g/195"},
{"predicate": {"custom_model_data":196}, "model":"s/custom_ha g/196"},
{"predicate": {"custom_model_data":197}, "model":"s/custom_ha g/197"},
{"predicate": {"custom_model_data":198}, "model":"s/custom_ha g/198"},
{"predicate": {"custom_model_data":199}, "model":"s/custom_ha g/199"},
{"predicate": {"custom_model_data":200}, "model":"s/custom_ha g/200"}
]
}