{
"__comment": "Designed in the where Naoxia with PRO 0.9999",
"textures": {
    "skeleton": "items/skeleton"
},
"elements": [ 
{
    "__comment": "head",
    "from": [ 6, 2.5, -0.5 ],
    "to": [ 10, 6.5, 3.5 ],
    "rotation": { "origin": [ 6, 6.5, -0.5 ], "axis": "x", "angle": -45 },
    "faces": {
        "down":  { "uv": [ 6, 2, 4, 0 ], "rotation": 90, "texture": "#skeleton" },
        "up":    { "uv": [ 2, 0, 4, 2 ], "rotation": 270, "texture": "#skeleton" },
        "north": { "uv": [ 0, 2, 2, 4 ], "texture": "#skeleton" },
        "south": { "uv": [ 4, 2, 6, 4 ], "texture": "#skeleton" },
        "west":  { "uv": [ 2, 2, 4, 4 ], "texture": "#skeleton" },
        "east":  { "uv": [ 6, 2, 8, 4 ], "texture": "#skeleton" }
    }
},
{
    "__comment": "body",
    "from": [ 5.5, 5, 8 ],
    "to": [ 10.5, 7.5, 10.5 ],
    "faces": {
        "down":  { "uv": [ 1.5, 4.5, 1, 4 ], "rotation": 180, "texture": "#skeleton" },
        "up":    { "uv": [ 0.5, 4, 1, 4.5 ], "rotation": 180, "texture": "#skeleton" },
        "north": { "uv": [ 1, 4.5, 1.5, 6 ], "texture": "#skeleton" },
        "south": { "uv": [ 0.5, 4.5, 1, 6 ], "texture": "#skeleton" },
        "west":  { "uv": [ 0, 4.5, 0.5, 6 ], "texture": "#skeleton" },
        "east":  { "uv": [ 1.5, 4.5, 2, 6 ], "texture": "#skeleton" }
    }
},
{
    "__comment": "body",
    "from": [ 5.5, 5, 4.5 ],
    "to": [ 10.5, 7.5, 8 ],
    "faces": {
        "down":  { "uv": [ 1.5, 4.5, 1, 4 ], "rotation": 180, "texture": "#skeleton" },
        "up":    { "uv": [ 0.5, 4, 1, 4.5 ], "rotation": 180, "texture": "#skeleton" },
        "north": { "uv": [ 1, 4.5, 1.5, 6 ], "texture": "#skeleton" },
        "south": { "uv": [ 0.5, 4.5, 1, 6 ], "texture": "#skeleton" },
        "west":  { "uv": [ 0, 4.5, 0.5, 6 ], "texture": "#skeleton" },
        "east":  { "uv": [ 1.5, 4.5, 2, 6 ], "texture": "#skeleton" }
    }
},
{
    "__comment": "arm",
    "from": [ 10.5, 4.5, -2 ],
    "to": [ 11.5, 5.5, 2 ],
    "faces": {
        "down":  { "uv": [ 1.5, 4.5, 1, 4 ], "rotation": 180, "texture": "#skeleton" },
        "up":    { "uv": [ 0.5, 4, 1, 4.5 ], "rotation": 180, "texture": "#skeleton" },
        "north": { "uv": [ 1, 4.5, 1.5, 6 ], "texture": "#skeleton" },
        "south": { "uv": [ 0.5, 4.5, 1, 6 ], "texture": "#skeleton" },
        "west":  { "uv": [ 0, 4.5, 0.5, 6 ], "texture": "#skeleton" },
        "east":  { "uv": [ 1.5, 4.5, 2, 6 ], "texture": "#skeleton" }
    }
},
{
    "__comment": "arm",
    "from": [ 10.5, 5, 2 ],
    "to": [ 11.5, 6, 6 ],
    "faces": {
        "down":  { "uv": [ 11, 6, 11.5, 7.5 ], "texture": "#skeleton" },
        "up":    { "uv": [ 10.5, 6, 11, 7.5 ], "rotation": 180, "texture": "#skeleton" },
        "north": { "uv": [ 11.5, 4.5, 11, 4 ], "rotation": 180, "texture": "#skeleton" },
        "south": { "uv": [ 10.5, 4, 11, 4.5 ], "texture": "#skeleton" },
        "west":  { "uv": [ 11.5, 6, 12, 7.5 ], "rotation": 90, "texture": "#skeleton" },
        "east":  { "uv": [ 10, 6, 10.5, 7.5 ], "rotation": 270, "texture": "#skeleton" }
    }
},
{
    "__comment": "arm*",
    "from": [ 4.5, 4, 2 ],
    "to": [ 5.5, 5, 6 ],
    "faces": {
        "down":  { "uv": [ 1.5, 4.5, 1, 4 ], "rotation": 180, "texture": "#skeleton" },
        "up":    { "uv": [ 0.5, 4, 1, 4.5 ], "rotation": 180, "texture": "#skeleton" },
        "north": { "uv": [ 1, 4.5, 1.5, 6 ], "texture": "#skeleton" },
        "south": { "uv": [ 0.5, 4.5, 1, 6 ], "texture": "#skeleton" },
        "west":  { "uv": [ 0, 4.5, 0.5, 6 ], "texture": "#skeleton" },
        "east":  { "uv": [ 1.5, 4.5, 2, 6 ], "texture": "#skeleton" }
    }
},
{
    "__comment": "arm*",
    "from": [ 4, 4, 1.5 ],
    "to": [ 8, 5, 2.5 ],
    "rotation": { "origin": [ 4, 4, 1.5 ], "axis": "y", "angle": 45 },
    "faces": {
        "down":  { "uv": [ 11, 6, 11.5, 7.5 ], "texture": "#skeleton" },
        "up":    { "uv": [ 10.5, 6, 11, 7.5 ], "rotation": 180, "texture": "#skeleton" },
        "north": { "uv": [ 11.5, 4.5, 11, 4 ], "rotation": 180, "texture": "#skeleton" },
        "south": { "uv": [ 10.5, 4, 11, 4.5 ], "texture": "#skeleton" },
        "west":  { "uv": [ 11.5, 6, 12, 7.5 ], "rotation": 90, "texture": "#skeleton" },
        "east":  { "uv": [ 10, 6, 10.5, 7.5 ], "rotation": 270, "texture": "#skeleton" }
    }
},
{
    "__comment": "leg",
    "from": [ 9, 6.5, 10.4452 ],
    "to": [ 10, 7.5, 14.4452 ],
    "rotation": { "origin": [ 9, 7.5, 10.4452 ], "axis": "x", "angle": 22.5 },
    "faces": {
        "down":  { "uv": [ 1.5, 4.5, 1, 4 ], "rotation": 180, "texture": "#skeleton" },
        "up":    { "uv": [ 0.5, 4, 1, 4.5 ], "rotation": 180, "texture": "#skeleton" },
        "north": { "uv": [ 1, 4.5, 1.5, 6 ], "texture": "#skeleton" },
        "south": { "uv": [ 0.5, 4.5, 1, 6 ], "texture": "#skeleton" },
        "west":  { "uv": [ 0, 4.5, 0.5, 6 ], "texture": "#skeleton" },
        "east":  { "uv": [ 1.5, 4.5, 2, 6 ], "texture": "#skeleton" }
    }
},
{
    "__comment": "leg",
    "from": [ 9, 5, 14 ],
    "to": [ 10, 6, 18 ],
    "faces": {
        "down":  { "uv": [ 1.5, 4.5, 1, 4 ], "rotation": 180, "texture": "#skeleton" },
        "up":    { "uv": [ 0.5, 4, 1, 4.5 ], "rotation": 180, "texture": "#skeleton" },
        "north": { "uv": [ 1, 5.5, 1.5, 7.5 ], "texture": "#skeleton" },
        "south": { "uv": [ 0.5, 5.5, 1, 7.5 ], "texture": "#skeleton" },
        "west":  { "uv": [ 0, 5.5, 0.5, 7.5 ], "texture": "#skeleton" },
        "east":  { "uv": [ 1.5, 5.5, 2, 7.5 ], "texture": "#skeleton" }
    }
},
{
    "__comment": "leg*",
    "from": [ 6, 5.5, 10.4452 ],
    "to": [ 7, 6.5, 14.4452 ],
    "rotation": { "origin": [ 6, 6.5, 10.4452 ], "axis": "x", "angle": 22.5 },
    "faces": {
        "down":  { "uv": [ 1.5, 4.5, 1, 4 ], "rotation": 180, "texture": "#skeleton" },
        "up":    { "uv": [ 0.5, 4, 1, 4.5 ], "rotation": 180, "texture": "#skeleton" },
        "north": { "uv": [ 1, 4.5, 1.5, 6 ], "texture": "#skeleton" },
        "south": { "uv": [ 0.5, 4.5, 1, 6 ], "texture": "#skeleton" },
        "west":  { "uv": [ 0, 4.5, 0.5, 6 ], "texture": "#skeleton" },
        "east":  { "uv": [ 1.5, 4.5, 2, 6 ], "texture": "#skeleton" }
    }
},
{
    "__comment": "leg*",
    "from": [ 6, 4, 13.5 ],
    "to": [ 7, 5, 17.5 ],
    "rotation": { "origin": [ 6, 4, 13.5 ], "axis": "y", "angle": -22.5 },
    "faces": {
        "down":  { "uv": [ 1.5, 4.5, 1, 4 ], "rotation": 180, "texture": "#skeleton" },
        "up":    { "uv": [ 0.5, 4, 1, 4.5 ], "rotation": 180, "texture": "#skeleton" },
        "north": { "uv": [ 1, 5, 1.5, 7 ], "texture": "#skeleton" },
        "south": { "uv": [ 0.5, 5, 1, 7 ], "texture": "#skeleton" },
        "west":  { "uv": [ 0, 5.5, 0.5, 7.5 ], "texture": "#skeleton" },
        "east":  { "uv": [ 1.5, 5.5, 2, 7.5 ], "texture": "#skeleton" }
    }
}
],
"display": {
    "thirdperson_righthand": {
        "rotation": [ 0, 0, 0 ],
        "translation": [ 0, 0, 0 ],
        "scale": [ 1, 1, 1 ]
    },
    "thirdperson_lefthand": {
        "rotation": [ 67, 34, 0 ],
        "translation": [ -8.31, -5.67, 0 ],
        "scale": [ 2, 2, 2 ]
    },
    "head": {
        "rotation": [ 0, 0, 0 ],
        "translation": [ -2.27, -25, -10.39 ],
        "scale": [ 3, 3, 3 ]
    },
    "ground": {
        "rotation": [ 0, 0, 0 ],
        "translation": [ 0, 0, 0 ],
        "scale": [ 1, 1, 1 ]
    },
    "firstperson_lefthand": {
        "rotation": [ 0, 0, 0 ],
        "translation": [ 0, 0, 0 ],
        "scale": [ 1, 1, 1 ]
    }
}
}