{
"__comment": "Designed in the where Naoxia with PRO 0.9999",
"textures": {
    "prismarine_rough": "blocks/prismarine_rough",
    "repeating_command_block_back": "blocks/repeating_command_block_back",
    "iron_block": "blocks/iron_block",
    "door_iron_lower": "blocks/door_iron_lower",
    "lava_flow": "blocks/lava_flow",
    "ice_packed": "blocks/ice_packed"
},
"elements": [ 
{
    "__comment": "RightArm",
    "from": [ -2.5, 9, 9.5 ],
    "to": [ -1.5, 9.5, 19 ],
    "rotation": { "origin": [ -2.5, 9.5, 9.5 ], "axis": "x", "angle": 22.5 },
    "faces": {
        "up":    { "uv": [ 0, 0, 9.5, 1.5 ], "rotation": 270, "texture": "#iron_block" },
        "north": { "uv": [ 0, 0, 0, 0 ], "rotation": 90, "texture": "#iron_block" },
        "south": { "uv": [ 0, 0.5, 16, 0 ], "rotation": 270, "texture": "#iron_block" },
        "west":  { "uv": [ 0, 0, 0, 0.5 ], "rotation": 270, "texture": "#iron_block" },
        "east":  { "uv": [ 0, 0, 12.5, 0.5 ], "rotation": 90, "texture": "#iron_block" }
    }
},
{
    "__comment": "RightArm",
    "from": [ -1.5, 9, 10.5 ],
    "to": [ -0.5, 9.5, 19 ],
    "rotation": { "origin": [ -1.5, 9.5, 10.5 ], "axis": "x", "angle": 22.5 },
    "faces": {
        "up":    { "uv": [ 0, 0, 9.5, 1.5 ], "rotation": 270, "texture": "#iron_block" },
        "north": { "uv": [ 0, 0, 0, 0 ], "rotation": 90, "texture": "#iron_block" },
        "south": { "uv": [ 0, 0.5, 16, 0 ], "rotation": 270, "texture": "#iron_block" },
        "west":  { "uv": [ 0, 0, 0, 0.5 ], "rotation": 270, "texture": "#iron_block" },
        "east":  { "uv": [ 0, 0, 12.5, 0.5 ], "rotation": 90, "texture": "#iron_block" }
    }
},
{
    "__comment": "RightArm",
    "from": [ -0.5, 8, 11.5 ],
    "to": [ 0.5, 8.5, 18 ],
    "rotation": { "origin": [ -0.5, 8.5, 11.5 ], "axis": "x", "angle": 22.5 },
    "faces": {
        "up":    { "uv": [ 0, 8, 0, 16 ], "texture": "#iron_block" },
        "north": { "uv": [ 16, 5.5, 16, 6.5 ], "texture": "#iron_block" },
        "south": { "uv": [ 0, 5.5, 0, 6.5 ], "texture": "#iron_block" },
        "west":  { "uv": [ 8, 5.5, 16, 6.5 ], "texture": "#iron_block" },
        "east":  { "uv": [ 0, 5.5, 8, 6.5 ], "texture": "#iron_block" }
    }
},
{
    "__comment": "RightArm",
    "from": [ -3.5, 8, 11 ],
    "to": [ -2.5, 8.5, 19 ],
    "rotation": { "origin": [ -3.5, 8.5, 11 ], "axis": "x", "angle": 22.5 },
    "faces": {
        "up":    { "uv": [ 0, 0, 9.5, 1.5 ], "rotation": 270, "texture": "#iron_block" },
        "north": { "uv": [ 0, 0, 0, 0 ], "rotation": 90, "texture": "#iron_block" },
        "south": { "uv": [ 0, 0.5, 16, 0 ], "rotation": 270, "texture": "#iron_block" },
        "west":  { "uv": [ 0, 0, 0, 0.5 ], "rotation": 270, "texture": "#iron_block" },
        "east":  { "uv": [ 0, 0, 12.5, 0.5 ], "rotation": 90, "texture": "#iron_block" }
    }
},
{
    "__comment": "RightArm",
    "from": [ -4, 8.5, 7.5 ],
    "to": [ -3.5, 9.5, 17 ],
    "rotation": { "origin": [ -4, 9.5, 7.5 ], "axis": "x", "angle": 22.5 },
    "faces": {
        "up":    { "uv": [ 0, 0, 9.5, 1.5 ], "rotation": 270, "texture": "#iron_block" },
        "north": { "uv": [ 0, 0, 0, 0 ], "rotation": 90, "texture": "#iron_block" },
        "south": { "uv": [ 0, 0.5, 16, 0 ], "rotation": 270, "texture": "#iron_block" },
        "west":  { "uv": [ 0, 0, 0, 0.5 ], "rotation": 270, "texture": "#iron_block" },
        "east":  { "uv": [ 0, 0, 12.5, 0.5 ], "rotation": 90, "texture": "#iron_block" }
    }
},
{
    "__comment": "RightArm",
    "from": [ -4.5, 8.5, 3 ],
    "to": [ -4, 9.5, 17 ],
    "rotation": { "origin": [ -4.5, 9.5, 3 ], "axis": "x", "angle": 22.5 },
    "faces": {
        "up":    { "uv": [ 0, 0, 9.5, 1.5 ], "rotation": 270, "texture": "#iron_block" },
        "north": { "uv": [ 0, 0, 0, 0 ], "rotation": 90, "texture": "#iron_block" },
        "south": { "uv": [ 0, 0.5, 16, 0 ], "rotation": 270, "texture": "#iron_block" },
        "west":  { "uv": [ 0, 0, 0, 0.5 ], "rotation": 270, "texture": "#iron_block" },
        "east":  { "uv": [ 0, 0, 12.5, 0.5 ], "rotation": 90, "texture": "#iron_block" }
    }
},
{
    "__comment": "RightArm",
    "from": [ -4.5, 7, 4.5 ],
    "to": [ -4, 8, 13 ],
    "rotation": { "origin": [ -4.5, 8, 4.5 ], "axis": "x", "angle": 22.5 },
    "faces": {
        "up":    { "uv": [ 0, 8, 0, 16 ], "texture": "#iron_block" },
        "north": { "uv": [ 16, 5.5, 16, 6.5 ], "texture": "#iron_block" },
        "south": { "uv": [ 0, 5.5, 0, 6.5 ], "texture": "#iron_block" },
        "west":  { "uv": [ 8, 5.5, 16, 6.5 ], "texture": "#iron_block" },
        "east":  { "uv": [ 0, 5.5, 8, 6.5 ], "texture": "#iron_block" }
    }
},
{
    "__comment": "RightArm",
    "from": [ -4, 8.5, 5 ],
    "to": [ -3.5, 9.5, 14.5 ],
    "rotation": { "origin": [ -4, 9.5, 5 ], "axis": "x", "angle": 22.5 },
    "faces": {
        "up":    { "uv": [ 0, 0, 9.5, 1.5 ], "rotation": 270, "texture": "#iron_block" },
        "north": { "uv": [ 0, 0, 0, 0 ], "rotation": 90, "texture": "#iron_block" },
        "south": { "uv": [ 0, 0.5, 16, 0 ], "rotation": 270, "texture": "#iron_block" },
        "west":  { "uv": [ 0, 0, 0, 0.5 ], "rotation": 270, "texture": "#iron_block" },
        "east":  { "uv": [ 0, 0, 12.5, 0.5 ], "rotation": 90, "texture": "#iron_block" }
    }
},
{
    "__comment": "RightArm",
    "from": [ -4, 8, -0.5 ],
    "to": [ -3.5, 9.5, 18 ],
    "rotation": { "origin": [ -4, 9.5, -0.5 ], "axis": "x", "angle": 22.5 },
    "faces": {
        "up":    { "uv": [ 0, 8, 0, 16 ], "texture": "#iron_block" },
        "north": { "uv": [ 16, 5.5, 16, 6.5 ], "texture": "#iron_block" },
        "south": { "uv": [ 0, 5.5, 0, 6.5 ], "texture": "#iron_block" },
        "west":  { "uv": [ 8, 5.5, 16, 6.5 ], "texture": "#iron_block" },
        "east":  { "uv": [ 0, 5.5, 8, 6.5 ], "texture": "#iron_block" }
    }
},
{
    "__comment": "RightArm",
    "from": [ -1.5, 5, 6 ],
    "to": [ -0.5, 5.5, 15.5 ],
    "rotation": { "origin": [ -1.5, 5.5, 6 ], "axis": "x", "angle": 22.5 },
    "faces": {
        "up":    { "uv": [ 0, 0, 9.5, 1.5 ], "rotation": 270, "texture": "#iron_block" },
        "north": { "uv": [ 0, 0, 0, 0 ], "rotation": 90, "texture": "#iron_block" },
        "south": { "uv": [ 0, 0.5, 16, 0 ], "rotation": 270, "texture": "#iron_block" },
        "west":  { "uv": [ 0, 0, 0, 0.5 ], "rotation": 270, "texture": "#iron_block" },
        "east":  { "uv": [ 0, 0, 12.5, 0.5 ], "rotation": 90, "texture": "#iron_block" }
    }
},
{
    "__comment": "RightArm",
    "from": [ -3.5, 6.5, 2 ],
    "to": [ -2.5, 7, 19 ],
    "rotation": { "origin": [ -3.5, 7, 2 ], "axis": "x", "angle": 22.5 },
    "faces": {
        "up":    { "uv": [ 0, 8, 0, 16 ], "texture": "#iron_block" },
        "north": { "uv": [ 16, 5.5, 16, 6.5 ], "texture": "#iron_block" },
        "south": { "uv": [ 0, 5.5, 0, 6.5 ], "texture": "#iron_block" },
        "west":  { "uv": [ 8, 5.5, 16, 6.5 ], "texture": "#iron_block" },
        "east":  { "uv": [ 0, 5.5, 8, 6.5 ], "texture": "#iron_block" }
    }
},
{
    "__comment": "RightArm",
    "from": [ -2.5, 6, 3.5 ],
    "to": [ -1.5, 6.5, 14 ],
    "rotation": { "origin": [ -2.5, 6.5, 3.5 ], "axis": "x", "angle": 22.5 },
    "faces": {
        "up":    { "uv": [ 0, 8, 0, 16 ], "texture": "#iron_block" },
        "north": { "uv": [ 16, 5.5, 16, 6.5 ], "texture": "#iron_block" },
        "south": { "uv": [ 0, 5.5, 0, 6.5 ], "texture": "#iron_block" },
        "west":  { "uv": [ 8, 5.5, 16, 6.5 ], "texture": "#iron_block" },
        "east":  { "uv": [ 0, 5.5, 8, 6.5 ], "texture": "#iron_block" }
    }
},
{
    "__comment": "RightArm",
    "from": [ -0.5, 5, 5.5 ],
    "to": [ 0.5, 5.5, 15 ],
    "rotation": { "origin": [ -0.5, 5.5, 5.5 ], "axis": "x", "angle": 22.5 },
    "faces": {
        "up":    { "uv": [ 0, 0, 9.5, 1.5 ], "rotation": 270, "texture": "#iron_block" },
        "north": { "uv": [ 0, 0, 0, 0 ], "rotation": 90, "texture": "#iron_block" },
        "south": { "uv": [ 0, 0.5, 16, 0 ], "rotation": 270, "texture": "#iron_block" },
        "west":  { "uv": [ 0, 0, 0, 0.5 ], "rotation": 270, "texture": "#iron_block" },
        "east":  { "uv": [ 0, 0, 12.5, 0.5 ], "rotation": 90, "texture": "#iron_block" }
    }
},
{
    "__comment": "RightArm",
    "from": [ -9.5, 9.5, 16.125 ],
    "to": [ -5, 10, 16.625 ],
    "rotation": { "origin": [ -9.5, 10, 16.125 ], "axis": "z", "angle": -45 },
    "faces": {
        "down":  { "uv": [ 0, 0, 16, 0 ], "rotation": 270, "texture": "#ice_packed" },
        "up":    { "uv": [ 0, 0, 9.5, 1.5 ], "rotation": 270, "texture": "#ice_packed" },
        "north": { "uv": [ 0, 0, 0, 0 ], "rotation": 90, "texture": "#ice_packed" },
        "south": { "uv": [ 0, 0.5, 16, 0 ], "rotation": 270, "texture": "#ice_packed" },
        "west":  { "uv": [ 0, 0, 0, 0.5 ], "rotation": 270, "texture": "#ice_packed" }
    }
},
{
    "__comment": "RightArm",
    "from": [ -0.5, 13.5, 5 ],
    "to": [ 4, 18, 9.5 ],
    "faces": {
        "down":  { "uv": [ 16, 9.5, 12, 5 ], "texture": "#prismarine_rough" },
        "up":    { "uv": [ 0, 5, 4, 9.5 ], "texture": "#prismarine_rough" },
        "north": { "uv": [ 12, 0, 16, 2.5 ], "texture": "#prismarine_rough" },
        "south": { "uv": [ 0, 0, 4, 2.5 ], "texture": "#prismarine_rough" },
        "west":  { "uv": [ 5, 0, 9.5, 2.5 ], "texture": "#prismarine_rough" },
        "east":  { "uv": [ 6.5, 0, 11, 2.5 ], "texture": "#prismarine_rough" }
    }
},
{
    "__comment": "RightArm",
    "from": [ -3, 1.5, 15 ],
    "to": [ 2.5, 5.5, 19.5 ],
    "faces": {
        "down":  { "uv": [ 0, 0, 16, 16 ], "rotation": 270, "texture": "#prismarine_rough" },
        "up":    { "uv": [ 0, 0, 16, 16 ], "rotation": 270, "texture": "#prismarine_rough" },
        "north": { "uv": [ 0, 0, 16, 16 ], "rotation": 90, "texture": "#prismarine_rough" },
        "south": { "uv": [ 0, 0.5, 16, 16 ], "rotation": 270, "texture": "#prismarine_rough" },
        "west":  { "uv": [ 0, 5.5, 3, 9 ], "rotation": 270, "texture": "#prismarine_rough" },
        "east":  { "uv": [ 16, 9, 13, 5.5 ], "rotation": 270, "texture": "#prismarine_rough" }
    }
},
{
    "__comment": "RightArm",
    "from": [ -3, 9.5, 6 ],
    "to": [ 0.5, 12.5, 8 ],
    "rotation": { "origin": [ -3, 12.5, 6 ], "axis": "z", "angle": -22.5 },
    "faces": {
        "down":  { "uv": [ 0, 0, 16, 16 ], "texture": "#ice_packed" },
        "up":    { "uv": [ 0, 0, 16, 16 ], "texture": "#ice_packed" },
        "north": { "uv": [ 0, 0, 16, 16 ], "texture": "#ice_packed" },
        "south": { "uv": [ 0, 0, 16, 16 ], "texture": "#ice_packed" },
        "west":  { "uv": [ 0, 0, 16, 16 ], "texture": "#ice_packed" }
    }
},
{
    "__comment": "RightArm",
    "from": [ -1, 11, 5.5 ],
    "to": [ 3, 17, 9 ],
    "rotation": { "origin": [ -1, 17, 5.5 ], "axis": "z", "angle": -22.5 },
    "faces": {
        "down":  { "uv": [ 0, 0, 16, 0 ], "rotation": 270, "texture": "#prismarine_rough" },
        "up":    { "uv": [ 0, 0, 9.5, 1.5 ], "rotation": 270, "texture": "#prismarine_rough" },
        "north": { "uv": [ 0, 0, 0, 0 ], "rotation": 90, "texture": "#prismarine_rough" },
        "south": { "uv": [ 0, 0.5, 16, 0 ], "rotation": 270, "texture": "#prismarine_rough" },
        "west":  { "uv": [ 0, 0, 0, 0.5 ], "rotation": 270, "texture": "#prismarine_rough" },
        "east":  { "uv": [ 0, 0, 12.5, 0.5 ], "rotation": 90, "texture": "#prismarine_rough" }
    }
},
{
    "__comment": "RightArm",
    "from": [ -3.5, 18, 9.5 ],
    "to": [ -2, 19.5, 10.5 ],
    "rotation": { "origin": [ -3.5, 19.5, 9.5 ], "axis": "z", "angle": -45 },
    "faces": {
        "down":  { "uv": [ 16, 9, 13, 5.5 ], "texture": "#door_iron_lower" },
        "up":    { "uv": [ 0, 5.5, 3, 9 ], "texture": "#door_iron_lower" },
        "south": { "uv": [ 0, 0.5, 16, 16 ], "texture": "#door_iron_lower" },
        "west":  { "uv": [ 0, 0, 16, 16 ], "texture": "#door_iron_lower" },
        "east":  { "uv": [ 0, 0, 16, 16 ], "texture": "#door_iron_lower" }
    }
},
{
    "__comment": "RightArm",
    "from": [ -3.5, 14, 9.6875 ],
    "to": [ -2, 16.5, 10.6875 ],
    "rotation": { "origin": [ -3.5, 16.5, 9.6875 ], "axis": "z", "angle": 22.5 },
    "faces": {
        "down":  { "uv": [ 16, 9, 13, 5.5 ], "texture": "#door_iron_lower" },
        "up":    { "uv": [ 0, 5.5, 3, 9 ], "texture": "#door_iron_lower" },
        "south": { "uv": [ 0, 0.5, 16, 16 ], "texture": "#door_iron_lower" },
        "west":  { "uv": [ 0, 0, 16, 16 ], "texture": "#door_iron_lower" },
        "east":  { "uv": [ 0, 0, 16, 16 ], "texture": "#door_iron_lower" }
    }
},
{
    "__comment": "RightArm",
    "from": [ -3.5, 16.5, 9.6875 ],
    "to": [ 4, 18.5, 10.6875 ],
    "faces": {
        "down":  { "uv": [ 0, 0, 16, 0 ], "rotation": 270, "texture": "#door_iron_lower" },
        "up":    { "uv": [ 0, 0, 9.5, 1.5 ], "rotation": 270, "texture": "#door_iron_lower" },
        "south": { "uv": [ 0, 0.5, 16, 0 ], "rotation": 270, "texture": "#iron_block" },
        "west":  { "uv": [ 0, 0, 0, 0.5 ], "rotation": 270, "texture": "#door_iron_lower" },
        "east":  { "uv": [ 0, 0, 12.5, 0.5 ], "rotation": 90, "texture": "#door_iron_lower" }
    }
},
{
    "__comment": "RightArm",
    "from": [ -2, 14, 10.1875 ],
    "to": [ 3.5, 16.5, 11.1875 ],
    "faces": {
        "down":  { "uv": [ 16, 9, 13, 5.5 ], "texture": "#door_iron_lower" },
        "up":    { "uv": [ 0, 5.5, 3, 9 ], "texture": "#door_iron_lower" },
        "south": { "uv": [ 0, 9, 16, 16 ], "texture": "#iron_block" },
        "west":  { "uv": [ 0, 0, 16, 2.5 ], "texture": "#door_iron_lower" },
        "east":  { "uv": [ 0, 0, 16, 3 ], "texture": "#door_iron_lower" }
    }
},
{
    "__comment": "RightArm",
    "from": [ -3.5, 19, 4.75 ],
    "to": [ -1.5, 19.5, 9.75 ],
    "rotation": { "origin": [ -3.5, 19.5, 4.75 ], "axis": "z", "angle": -22.5 },
    "faces": {
        "up":    { "uv": [ 0, 0, 8.5, 16 ], "texture": "#iron_block" },
        "north": { "uv": [ 0, 5.5, 3, 9 ], "rotation": 180, "texture": "#door_iron_lower" },
        "south": { "uv": [ 16, 9, 13, 5.5 ], "texture": "#door_iron_lower" },
        "west":  { "uv": [ 0, 0, 16, 4 ], "rotation": 270, "texture": "#door_iron_lower" },
        "east":  { "uv": [ 0, 0, 16, 4 ], "rotation": 90, "texture": "#door_iron_lower" }
    }
},
{
    "__comment": "RightArm",
    "from": [ 1.5, 18.5, 4.75 ],
    "to": [ 5, 19, 9.75 ],
    "rotation": { "origin": [ 1.5, 19, 4.75 ], "axis": "z", "angle": -22.5 },
    "faces": {
        "up":    { "uv": [ 0, 0, 8.5, 16 ], "texture": "#iron_block" },
        "north": { "uv": [ 0, 5.5, 3, 9 ], "rotation": 180, "texture": "#door_iron_lower" },
        "south": { "uv": [ 16, 9, 13, 5.5 ], "texture": "#door_iron_lower" },
        "west":  { "uv": [ 0, 0, 16, 4 ], "rotation": 270, "texture": "#door_iron_lower" },
        "east":  { "uv": [ 0, 0, 16, 4 ], "rotation": 90, "texture": "#door_iron_lower" }
    }
},
{
    "__comment": "RightArm",
    "from": [ -2.5, 18.5, 4.75 ],
    "to": [ 1.5, 19, 9.75 ],
    "faces": {
        "up":    { "uv": [ 0, 0, 8.5, 16 ], "texture": "#iron_block" },
        "north": { "uv": [ 0, 5.5, 3, 9 ], "rotation": 180, "texture": "#door_iron_lower" },
        "south": { "uv": [ 16, 9, 13, 5.5 ], "texture": "#door_iron_lower" },
        "west":  { "uv": [ 0, 0, 16, 4 ], "rotation": 270, "texture": "#door_iron_lower" },
        "east":  { "uv": [ 0, 0, 16, 4 ], "rotation": 90, "texture": "#door_iron_lower" }
    }
},
{
    "__comment": "RightArm",
    "from": [ -3.5, 15.5, 4.75 ],
    "to": [ -2.5, 18.5, 9.75 ],
    "rotation": { "origin": [ -3.5, 18.5, 4.75 ], "axis": "z", "angle": 22.5 },
    "faces": {
        "up":    { "uv": [ 0, 0, 8.5, 16 ], "texture": "#iron_block" },
        "north": { "uv": [ 0, 5.5, 3, 9 ], "rotation": 180, "texture": "#door_iron_lower" },
        "south": { "uv": [ 16, 9, 13, 5.5 ], "texture": "#door_iron_lower" },
        "west":  { "uv": [ 0, 0, 16, 4 ], "rotation": 270, "texture": "#door_iron_lower" },
        "east":  { "uv": [ 0, 0, 16, 4 ], "rotation": 90, "texture": "#door_iron_lower" }
    }
},
{
    "__comment": "RightArm",
    "from": [ -3.5, 18, 4 ],
    "to": [ -2, 19.5, 5 ],
    "rotation": { "origin": [ -3.5, 19.5, 4 ], "axis": "z", "angle": -45 },
    "faces": {
        "down":  { "uv": [ 16, 9, 13, 5.5 ], "texture": "#door_iron_lower" },
        "up":    { "uv": [ 0, 5.5, 3, 9 ], "texture": "#door_iron_lower" },
        "north": { "uv": [ 0, 0, 16, 16 ], "texture": "#door_iron_lower" },
        "west":  { "uv": [ 0, 0, 16, 16 ], "texture": "#door_iron_lower" },
        "east":  { "uv": [ 0, 0, 16, 16 ], "texture": "#door_iron_lower" }
    }
},
{
    "__comment": "RightArm",
    "from": [ -3.5, 14.1135, 3.5 ],
    "to": [ -2, 16.6135, 4.5 ],
    "rotation": { "origin": [ -3.5, 16.6135, 3.5 ], "axis": "z", "angle": 22.5 },
    "faces": {
        "down":  { "uv": [ 16, 9, 13, 5.5 ], "texture": "#door_iron_lower" },
        "up":    { "uv": [ 0, 5.5, 3, 9 ], "texture": "#door_iron_lower" },
        "north": { "uv": [ 0, 0, 16, 16 ], "texture": "#door_iron_lower" },
        "west":  { "uv": [ 0, 0, 16, 16 ], "texture": "#door_iron_lower" },
        "east":  { "uv": [ 0, 0, 16, 16 ], "texture": "#door_iron_lower" }
    }
},
{
    "__comment": "RightArm",
    "from": [ -3.5, 16.5, 3.6875 ],
    "to": [ 4, 18.5, 4.6875 ],
    "faces": {
        "down":  { "uv": [ 0, 0, 16, 0 ], "rotation": 270, "texture": "#door_iron_lower" },
        "up":    { "uv": [ 0, 0, 9.5, 1.5 ], "rotation": 270, "texture": "#door_iron_lower" },
        "north": { "uv": [ 0, 0, 0, 0 ], "rotation": 90, "texture": "#iron_block" },
        "west":  { "uv": [ 0, 0, 0, 0.5 ], "rotation": 270, "texture": "#door_iron_lower" },
        "east":  { "uv": [ 0, 0, 12.5, 0.5 ], "rotation": 90, "texture": "#door_iron_lower" }
    }
},
{
    "__comment": "RightArm",
    "from": [ -2, 14, 3.6875 ],
    "to": [ 3.5, 16.5, 4.6875 ],
    "faces": {
        "down":  { "uv": [ 16, 9, 13, 5.5 ], "texture": "#door_iron_lower" },
        "up":    { "uv": [ 0, 5.5, 3, 9 ], "texture": "#door_iron_lower" },
        "north": { "uv": [ 0, 9, 16, 16 ], "texture": "#iron_block" },
        "west":  { "uv": [ 0, 0, 16, 2.5 ], "texture": "#door_iron_lower" },
        "east":  { "uv": [ 0, 0, 16, 3 ], "texture": "#door_iron_lower" }
    }
},
{
    "__comment": "RightArm",
    "from": [ -4, 2, 15.5 ],
    "to": [ -3, 5, 18.5 ],
    "faces": {
        "down":  { "uv": [ 0, 0, 16, 0 ], "rotation": 270, "texture": "#ice_packed" },
        "up":    { "uv": [ 0, 0, 9.5, 1.5 ], "rotation": 270, "texture": "#ice_packed" },
        "north": { "uv": [ 0, 0, 0, 0 ], "rotation": 90, "texture": "#ice_packed" },
        "south": { "uv": [ 0, 0.5, 16, 0 ], "rotation": 270, "texture": "#ice_packed" },
        "west":  { "uv": [ 0, 0, 0, 0.5 ], "rotation": 270, "texture": "#ice_packed" }
    }
},
{
    "__comment": "RightArm",
    "from": [ -3.5, 6, 6 ],
    "to": [ 0, 10.5, 20.5 ],
    "rotation": { "origin": [ -3.5, 10.5, 6 ], "axis": "x", "angle": 22.5 },
    "faces": {
        "down":  { "uv": [ 0, 0, 16, 0 ], "rotation": 270, "texture": "#prismarine_rough" },
        "up":    { "uv": [ 0, 0, 9.5, 1.5 ], "rotation": 270, "texture": "#prismarine_rough" },
        "north": { "uv": [ 0, 0, 0, 0 ], "rotation": 90, "texture": "#prismarine_rough" },
        "south": { "uv": [ 0, 0.5, 16, 0 ], "rotation": 270, "texture": "#prismarine_rough" },
        "west":  { "uv": [ 0, 0, 0, 0.5 ], "rotation": 270, "texture": "#prismarine_rough" },
        "east":  { "uv": [ 0, 0, 12.5, 0.5 ], "rotation": 90, "texture": "#prismarine_rough" }
    }
},
{
    "__comment": "RightArm",
    "from": [ -2.5, 1.5, 17 ],
    "to": [ 0.5, 3, 18.5 ],
    "rotation": { "origin": [ -2.5, 3, 17 ], "axis": "z", "angle": -22.5 },
    "faces": {
        "down":  { "uv": [ 0, 0, 16, 16 ], "texture": "#ice_packed" },
        "up":    { "uv": [ 0, 0, 16, 16 ], "texture": "#ice_packed" },
        "north": { "uv": [ 0, 0, 16, 16 ], "texture": "#ice_packed" },
        "south": { "uv": [ 0, 0, 16, 16 ], "texture": "#ice_packed" },
        "west":  { "uv": [ 0, 0, 16, 16 ], "texture": "#ice_packed" }
    }
},
{
    "__comment": "RightArm",
    "from": [ -6.5, 6, 15.625 ],
    "to": [ -1.5, 7.5, 17.125 ],
    "rotation": { "origin": [ -6.5, 7.5, 15.625 ], "axis": "z", "angle": -45 },
    "faces": {
        "down":  { "uv": [ 0, 0, 16, 0 ], "rotation": 270, "texture": "#ice_packed" },
        "up":    { "uv": [ 0, 0, 9.5, 1.5 ], "rotation": 270, "texture": "#ice_packed" },
        "north": { "uv": [ 0, 0, 0, 0 ], "rotation": 90, "texture": "#ice_packed" },
        "south": { "uv": [ 0, 0.5, 16, 0 ], "rotation": 270, "texture": "#ice_packed" },
        "west":  { "uv": [ 0, 0, 0, 0.5 ], "rotation": 270, "texture": "#ice_packed" }
    }
},
{
    "__comment": "hand*",
    "from": [ 2.5, -0.5, 17 ],
    "to": [ 12.5, 6.5, 21.5 ],
    "faces": {
        "down":  { "uv": [ 5, 0, 11, 16 ], "rotation": 180, "texture": "#iron_block" },
        "up":    { "uv": [ 4.5, 0, 11.5, 16 ], "texture": "#iron_block" },
        "north": { "uv": [ 4.5, 0, 11.5, 16 ], "rotation": 180, "texture": "#iron_block" },
        "south": { "uv": [ 4.5, 0, 12, 16 ], "texture": "#iron_block" },
        "west":  { "uv": [ 0, 0, 16, 16 ], "rotation": 270, "texture": "#iron_block" },
        "east":  { "uv": [ 3, 4, 13, 12 ], "rotation": 90, "texture": "#repeating_command_block_back" }
    }
},
{
    "__comment": "crow1",
    "from": [ 12.25, 4.5, 19.8125 ],
    "to": [ 17.25, 6, 22.3125 ],
    "rotation": { "origin": [ 12.25, 4.5, 19.8125 ], "axis": "y", "angle": -45 },
    "faces": {
        "down":  { "uv": [ 0, 0, 16, 0 ], "rotation": 270, "texture": "#door_iron_lower" },
        "up":    { "uv": [ 0, 0, 9.5, 1.5 ], "rotation": 270, "texture": "#door_iron_lower" },
        "north": { "uv": [ 0, 0, 0, 0 ], "rotation": 90, "texture": "#door_iron_lower" },
        "south": { "uv": [ 0, 0.5, 16, 0 ], "rotation": 270, "texture": "#door_iron_lower" },
        "west":  { "uv": [ 0, 0, 0, 0.5 ], "rotation": 270, "texture": "#door_iron_lower" },
        "east":  { "uv": [ 0, 0, 12.5, 0.5 ], "rotation": 90, "texture": "#door_iron_lower" }
    }
},
{
    "__comment": "crow1",
    "from": [ 12, 0, 19.5 ],
    "to": [ 17, 1.5, 22 ],
    "rotation": { "origin": [ 12, 0, 19.5 ], "axis": "y", "angle": -45 },
    "faces": {
        "down":  { "uv": [ 0, 0, 16, 16 ], "rotation": 270, "texture": "#door_iron_lower" },
        "up":    { "uv": [ 0, 0.5, 16, 16 ], "rotation": 270, "texture": "#door_iron_lower" },
        "north": { "uv": [ 0, 0, 16, 16 ], "rotation": 90, "texture": "#door_iron_lower" },
        "south": { "uv": [ 0, 0, 16, 16 ], "rotation": 270, "texture": "#door_iron_lower" },
        "west":  { "uv": [ 2, 0, 13, 11 ], "rotation": 180, "texture": "#door_iron_lower" },
        "east":  { "uv": [ 2, 0, 13.5, 11 ], "texture": "#door_iron_lower" }
    }
},
{
    "__comment": "crow1",
    "from": [ 10, 2.5, 21 ],
    "to": [ 12.5, 3.5, 26 ],
    "rotation": { "origin": [ 10, 2.5, 21 ], "axis": "y", "angle": 22.5 },
    "faces": {
        "down":  { "uv": [ 0, 0, 16, 0 ], "rotation": 270, "texture": "#door_iron_lower" },
        "up":    { "uv": [ 0, 0, 9.5, 1.5 ], "rotation": 270, "texture": "#door_iron_lower" },
        "north": { "uv": [ 0, 0, 0, 0 ], "rotation": 90, "texture": "#door_iron_lower" },
        "south": { "uv": [ 0, 0.5, 16, 0 ], "rotation": 270, "texture": "#door_iron_lower" },
        "west":  { "uv": [ 0, 0, 0, 0.5 ], "rotation": 270, "texture": "#door_iron_lower" },
        "east":  { "uv": [ 0, 0, 12.5, 0.5 ], "rotation": 90, "texture": "#door_iron_lower" }
    }
},
{
    "__comment": "crow2",
    "from": [ 10, 3.5, 13 ],
    "to": [ 15, 4.5, 14 ],
    "rotation": { "origin": [ 10, 3.5, 13 ], "axis": "y", "angle": 22.5 },
    "faces": {
        "down":  { "uv": [ 0, 0, 16, 16 ], "rotation": 270, "texture": "#iron_block" },
        "up":    { "uv": [ 0, 0.5, 16, 16 ], "rotation": 270, "texture": "#iron_block" },
        "north": { "uv": [ 0, 0, 16, 16 ], "rotation": 90, "texture": "#iron_block" },
        "south": { "uv": [ 0, 0, 16, 16 ], "rotation": 270, "texture": "#iron_block" },
        "west":  { "uv": [ 0, 5.5, 3, 9 ], "rotation": 180, "texture": "#iron_block" },
        "east":  { "uv": [ 16, 9, 13, 5.5 ], "texture": "#iron_block" }
    }
},
{
    "__comment": "crow2",
    "from": [ 10.5, 1.5, 12.5 ],
    "to": [ 15, 2.5, 13.5 ],
    "faces": {
        "down":  { "uv": [ 0, 0, 16, 0 ], "rotation": 270, "texture": "#iron_block" },
        "up":    { "uv": [ 0, 0, 9.5, 1.5 ], "rotation": 270, "texture": "#iron_block" },
        "north": { "uv": [ 0, 0, 0, 0 ], "rotation": 90, "texture": "#iron_block" },
        "south": { "uv": [ 0, 0.5, 16, 0 ], "rotation": 270, "texture": "#iron_block" },
        "west":  { "uv": [ 0, 0, 0, 0.5 ], "rotation": 270, "texture": "#iron_block" },
        "east":  { "uv": [ 0, 0, 12.5, 0.5 ], "rotation": 90, "texture": "#iron_block" }
    }
},
{
    "__comment": "crow1",
    "from": [ 14.5, 4.5, 23.5 ],
    "to": [ 18, 6, 24.5 ],
    "rotation": { "origin": [ 14.5, 4.5, 23.5 ], "axis": "y", "angle": 22.5 },
    "faces": {
        "down":  { "uv": [ 0, 0, 16, 16 ], "rotation": 270, "texture": "#door_iron_lower" },
        "up":    { "uv": [ 0, 0.5, 16, 16 ], "rotation": 270, "texture": "#door_iron_lower" },
        "north": { "uv": [ 0, 0, 16, 16 ], "rotation": 90, "texture": "#door_iron_lower" },
        "south": { "uv": [ 0, 0, 16, 16 ], "rotation": 270, "texture": "#door_iron_lower" },
        "west":  { "uv": [ 0, 0, 16, 16 ], "rotation": 180, "texture": "#door_iron_lower" },
        "east":  { "uv": [ 0, 0, 16, 16 ], "texture": "#door_iron_lower" }
    }
},
{
    "__comment": "crow1",
    "from": [ 17, 0, 20.5 ],
    "to": [ 18, 1.5, 24 ],
    "rotation": { "origin": [ 17, 0, 20.5 ], "axis": "y", "angle": -45 },
    "faces": {
        "down":  { "uv": [ 0, 0, 16, 16 ], "rotation": 270, "texture": "#door_iron_lower" },
        "up":    { "uv": [ 0, 0.5, 16, 16 ], "rotation": 270, "texture": "#door_iron_lower" },
        "north": { "uv": [ 0, 0, 16, 16 ], "rotation": 90, "texture": "#door_iron_lower" },
        "south": { "uv": [ 0, 0, 16, 16 ], "rotation": 270, "texture": "#door_iron_lower" },
        "west":  { "uv": [ 0, 0, 16, 16 ], "rotation": 180, "texture": "#door_iron_lower" },
        "east":  { "uv": [ 0, 0, 16, 16 ], "texture": "#door_iron_lower" }
    }
},
{
    "__comment": "crow1",
    "from": [ 16, 2.5, 22.5 ],
    "to": [ 17, 3.5, 26 ],
    "rotation": { "origin": [ 16, 2.5, 22.5 ], "axis": "y", "angle": -45 },
    "faces": {
        "down":  { "uv": [ 0, 0, 16, 0 ], "rotation": 270, "texture": "#door_iron_lower" },
        "up":    { "uv": [ 0, 0, 9.5, 1.5 ], "rotation": 270, "texture": "#door_iron_lower" },
        "north": { "uv": [ 0, 0, 0, 0 ], "rotation": 90, "texture": "#door_iron_lower" },
        "south": { "uv": [ 0, 0.5, 16, 0 ], "rotation": 270, "texture": "#door_iron_lower" },
        "west":  { "uv": [ 0, 0, 0, 0.5 ], "rotation": 270, "texture": "#door_iron_lower" },
        "east":  { "uv": [ 0, 0, 12.5, 0.5 ], "rotation": 90, "texture": "#door_iron_lower" }
    }
},
{
    "__comment": "crow2",
    "from": [ 10, 3.5, 13 ],
    "to": [ 11.5, 4.5, 16.5 ],
    "rotation": { "origin": [ 10, 3.5, 13 ], "axis": "y", "angle": -22.5 },
    "faces": {
        "down":  { "uv": [ 0, 0, 16, 16 ], "rotation": 270, "texture": "#iron_block" },
        "up":    { "uv": [ 0, 0.5, 16, 16 ], "rotation": 270, "texture": "#iron_block" },
        "north": { "uv": [ 0, 0, 16, 16 ], "rotation": 90, "texture": "#iron_block" },
        "south": { "uv": [ 0, 0, 16, 16 ], "rotation": 270, "texture": "#iron_block" },
        "west":  { "uv": [ 0, 5.5, 3, 9 ], "rotation": 180, "texture": "#iron_block" },
        "east":  { "uv": [ 16, 9, 13, 5.5 ], "texture": "#iron_block" }
    }
},
{
    "__comment": "crow2",
    "from": [ 9.5, 1.5, 13 ],
    "to": [ 11.5, 2.5, 16 ],
    "faces": {
        "down":  { "uv": [ 0, 0, 16, 0 ], "rotation": 270, "texture": "#iron_block" },
        "up":    { "uv": [ 0, 0, 9.5, 1.5 ], "rotation": 270, "texture": "#iron_block" },
        "north": { "uv": [ 0, 0, 0, 0 ], "rotation": 90, "texture": "#iron_block" },
        "south": { "uv": [ 0, 0.5, 16, 0 ], "rotation": 270, "texture": "#iron_block" },
        "west":  { "uv": [ 0, 0, 0, 0.5 ], "rotation": 270, "texture": "#iron_block" },
        "east":  { "uv": [ 0, 0, 12.5, 0.5 ], "rotation": 90, "texture": "#iron_block" }
    }
},
{
    "__comment": "hand*",
    "from": [ 1.5, 1, 16 ],
    "to": [ 11, 5.5, 20.5 ],
    "faces": {
        "down":  { "uv": [ 0, 0, 16, 16 ], "rotation": 270, "texture": "#prismarine_rough" },
        "up":    { "uv": [ 0, 0.5, 16, 16 ], "rotation": 270, "texture": "#prismarine_rough" },
        "north": { "uv": [ 0, 0, 16, 16 ], "rotation": 90, "texture": "#prismarine_rough" },
        "south": { "uv": [ 0, 0, 16, 16 ], "rotation": 270, "texture": "#prismarine_rough" },
        "west":  { "uv": [ 0, 5.5, 3, 9 ], "rotation": 180, "texture": "#prismarine_rough" },
        "east":  { "uv": [ 16, 9, 13, 5.5 ], "texture": "#prismarine_rough" }
    }
}
],
"display": {
    "thirdperson_righthand": {
        "rotation": [ 65, 180, 0 ],
        "translation": [ -6.61, -2.46, 11.53 ],
        "scale": [ 2.67, 2.67, 2.67 ]
    },
    "thirdperson_lefthand": {
        "rotation": [ 65, 0, 0 ],
        "translation": [ -6.05, -2.46, 11.53 ],
        "scale": [ 2.67, 2.67, 2.67 ]
    },
    "head": {
        "rotation": [ 0, 0, 0 ],
        "translation": [ 0, -8.13, 0 ],
        "scale": [ 4, 4, 4 ]
    }
}
}