{
"__comment": "Designed in the where Naoxia with PRO 0.9999",
"textures": {
    "prismarine_rough": "blocks/prismarine_rough",
    "sea_lantern": "blocks/sea_lantern",
    "water_still": "blocks/water_still",
    "glowstone": "blocks/glowstone",
    "fire_layer_0": "blocks/fire_layer_0",
    "cobblestone_mossy": "blocks/cobblestone_mossy",
    "log_oak": "blocks/log_oak",
    "log_oak_top": "blocks/log_oak_top",
    "leaves_big_oakII": "items/leaves_big_oakII",
    "fernII": "items/fernII",
    "emerald": "items/emerald"
},
"elements": [ 
{
    "from": [ 7, 9, 5.875 ],
    "to": [ 8, 13.125, 6.875 ],
    "faces": {
        "down":  { "uv": [ 0, 0, 16, 16 ], "texture": "#log_oak_top" },
        "up":    { "uv": [ 0, 0, 16, 16 ], "texture": "#log_oak_top" },
        "north": { "uv": [ 0, 0, 16, 16 ], "texture": "#log_oak" },
        "south": { "uv": [ 0, 0, 16, 16 ], "texture": "#log_oak" },
        "west":  { "uv": [ 0, 0, 16, 16 ], "texture": "#log_oak" },
        "east":  { "uv": [ 0, 0, 16, 16 ], "texture": "#log_oak" }
    }
},
{
    "from": [ 6.875, 5.5, 5.875 ],
    "to": [ 8.125, 9, 7.125 ],
    "rotation": { "origin": [ 6.875, 9, 5.875 ], "axis": "x", "angle": -22.5 },
    "faces": {
        "down":  { "uv": [ 0, 0, 16, 16 ], "texture": "#log_oak_top" },
        "up":    { "uv": [ 0, 0, 16, 16 ], "texture": "#log_oak_top" },
        "north": { "uv": [ 0, 0, 16, 16 ], "texture": "#log_oak" },
        "south": { "uv": [ 0, 0, 16, 16 ], "texture": "#log_oak" },
        "west":  { "uv": [ 0, 0, 16, 16 ], "texture": "#log_oak" },
        "east":  { "uv": [ 0, 0, 16, 16 ], "texture": "#log_oak" }
    }
},
{
    "from": [ 6.75, 3.75, 7.375 ],
    "to": [ 8.25, 7.25, 8.875 ],
    "rotation": { "origin": [ 6.75, 7.25, 7.375 ], "axis": "x", "angle": 45 },
    "faces": {
        "down":  { "uv": [ 0, 0, 16, 16 ], "texture": "#log_oak_top" },
        "up":    { "uv": [ 0, 0, 16, 16 ], "texture": "#log_oak_top" },
        "north": { "uv": [ 0, 0, 16, 16 ], "texture": "#log_oak" },
        "south": { "uv": [ 0, 0, 16, 16 ], "texture": "#log_oak" },
        "west":  { "uv": [ 0, 0, 16, 16 ], "texture": "#log_oak" },
        "east":  { "uv": [ 0, 0, 16, 16 ], "texture": "#log_oak" }
    }
},
{
    "from": [ 7, 13.125, 5.875 ],
    "to": [ 8, 17.25, 6.875 ],
    "faces": {
        "down":  { "uv": [ 0, 0, 16, 16 ], "texture": "#log_oak_top" },
        "up":    { "uv": [ 0, 0, 16, 16 ], "texture": "#log_oak_top" },
        "north": { "uv": [ 0, 0, 16, 16 ], "texture": "#log_oak" },
        "south": { "uv": [ 0, 0, 16, 16 ], "texture": "#log_oak" },
        "west":  { "uv": [ 0, 0, 16, 16 ], "texture": "#log_oak" },
        "east":  { "uv": [ 0, 0, 16, 16 ], "texture": "#log_oak" }
    }
},
{
    "from": [ 7, 17, 7 ],
    "to": [ 8, 19.5, 8 ],
    "rotation": { "origin": [ 7, 19.5, 7 ], "axis": "x", "angle": 22.5 },
    "faces": {
        "down":  { "uv": [ 0, 0, 16, 16 ], "texture": "#log_oak_top" },
        "up":    { "uv": [ 0, 0, 16, 16 ], "texture": "#log_oak_top" },
        "north": { "uv": [ 0, 0, 16, 16 ], "texture": "#log_oak" },
        "south": { "uv": [ 0, 0, 16, 16 ], "texture": "#log_oak" },
        "west":  { "uv": [ 0, 0, 16, 16 ], "texture": "#log_oak" },
        "east":  { "uv": [ 0, 0, 16, 16 ], "texture": "#log_oak" }
    }
},
{
    "from": [ 7, 16, 4 ],
    "to": [ 8, 21.5, 5 ],
    "rotation": { "origin": [ 7, 21.5, 4 ], "axis": "x", "angle": -22.5 },
    "faces": {
        "down":  { "uv": [ 0, 0, 16, 16 ], "texture": "#log_oak_top" },
        "up":    { "uv": [ 0, 0, 16, 16 ], "texture": "#log_oak_top" },
        "north": { "uv": [ 0, 0, 16, 16 ], "texture": "#log_oak" },
        "south": { "uv": [ 0, 0, 16, 16 ], "texture": "#log_oak" },
        "west":  { "uv": [ 0, 0, 16, 16 ], "texture": "#log_oak" },
        "east":  { "uv": [ 0, 0, 16, 16 ], "texture": "#log_oak" }
    }
},
{
    "from": [ 7.5, 20.5, 6 ],
    "to": [ 8.5, 21.5, 7 ],
    "rotation": { "origin": [ 7.5, 21.5, 6 ], "axis": "z", "angle": -45 },
    "faces": {
        "down":  { "uv": [ 0, 0, 16, 16 ], "texture": "#cobblestone_mossy" },
        "up":    { "uv": [ 0, 0, 16, 16 ], "texture": "#cobblestone_mossy" },
        "north": { "uv": [ 0, 0, 16, 16 ], "texture": "#cobblestone_mossy" },
        "south": { "uv": [ 0, 0, 16, 16 ], "texture": "#cobblestone_mossy" },
        "west":  { "uv": [ 0, 0, 16, 16 ], "texture": "#cobblestone_mossy" },
        "east":  { "uv": [ 0, 0, 16, 16 ], "texture": "#cobblestone_mossy" }
    }
},
{
    "from": [ 8, 15, 5.5 ],
    "to": [ 8.0625, 17, 7.5 ],
    "rotation": { "origin": [ 8, 17, 5.5 ], "axis": "z", "angle": 22.5 },
    "faces": {
        "east":  { "uv": [ 0, 0, 16, 16 ], "rotation": 180, "texture": "#fernII" }
    }
},
{
    "from": [ 7, 15, 5.5 ],
    "to": [ 7.0625, 17, 7.5 ],
    "rotation": { "origin": [ 7, 17, 5.5 ], "axis": "z", "angle": -22.5 },
    "faces": {
        "east":  { "uv": [ 0, 0, 16, 16 ], "rotation": 180, "texture": "#fernII" }
    }
},
{
    "from": [ 6.5, 15, 7 ],
    "to": [ 8.5, 17, 7.0625 ],
    "rotation": { "origin": [ 6.5, 17, 7 ], "axis": "x", "angle": -22.5 },
    "faces": {
        "south": { "uv": [ 0, 0, 16, 16 ], "rotation": 180, "texture": "#fernII" }
    }
},
{
    "from": [ 6.5, 15, 5.70287 ],
    "to": [ 8.5, 17, 5.76537 ],
    "rotation": { "origin": [ 6.5, 17, 5.70287 ], "axis": "x", "angle": 22.5 },
    "faces": {
        "south": { "uv": [ 0, 0, 16, 16 ], "rotation": 180, "texture": "#fernII" }
    }
}
],
"display": {
    "thirdperson_righthand": {
        "rotation": [ 54, -51, -1 ],
        "translation": [ -1.51, -4.72, -0.57 ],
        "scale": [ 1.5, 1.5, 1.5 ]
    },
    "thirdperson_lefthand": {
        "rotation": [ 54, -51, -1 ],
        "translation": [ -1.51, -4.72, -0.57 ],
        "scale": [ 1.5, 1.5, 1.5 ]
    },
    "head": {
        "rotation": [ -45, 0, 0 ],
        "translation": [ 0, 5.67, -3.4 ],
        "scale": [ 1, 1, 1 ]
    },
    "ground": {
        "rotation": [ 0, 0, 0 ],
        "translation": [ 0, 0, 0 ],
        "scale": [ 1, 1, 1 ]
    },
    "fixed": {
        "rotation": [ 27, 68, -10 ],
        "translation": [ 2.83, -14.17, 5.09 ],
        "scale": [ 3, 3, 3 ]
    },
    "firstperson_righthand": {
        "rotation": [ -11, 18, 11 ],
        "translation": [ 0, -1.89, 0 ],
        "scale": [ 1, 1, 1 ]
    },
    "firstperson_lefthand": {
        "rotation": [ -11, 18, 11 ],
        "translation": [ 0, -1.89, 0 ],
        "scale": [ 1, 1, 1 ]
    },
    "gui": {
        "rotation": [ 103, 45, -95 ],
        "translation": [ -2.65, -5.1, 0 ],
        "scale": [ 1, 1, 1 ]
    }
}
}