{
"__comment": "Designed in the where Flashtt with BDcraft Cubik PRO 0.9999",
"textures": {
    "iron_block": "blocks/iron_block",
    "gold_block": "blocks/gold_block",
    "emerald_block": "blocks/emerald_block",
    "diamond_block": "blocks/diamond_block",
    "planks_big_oak": "blocks/planks_big_oak",
    "fence_oak": "blocks/door_spruce_lower"
},
"elements": [ 
{
    "__comment": "box_buttomside",
    "from": [ 1, 0, 3.5 ],
    "to": [ 8, 1, 13 ],
    "faces": {
        "down":  { "uv": [ 15.5, 8, 1, 1 ], "texture": "#fence_oak" },
        "up":    { "uv": [ 1, 1, 15, 8 ], "texture": "#fence_oak" },
        "north": { "uv": [ 1.5, 5, 15.5, 6 ], "texture": "#fence_oak" },
        "south": { "uv": [ 1, 5, 15, 6 ], "texture": "#fence_oak" },
        "west":  { "uv": [ 4, 5, 13.5, 6 ], "texture": "#fence_oak" },
        "east":  { "uv": [ 3, 5, 12.5, 6 ], "texture": "#fence_oak" }
    }
},
{
    "__comment": "box_buttomside",
    "from": [ 8, 0, 3.5 ],
    "to": [ 15, 1, 13 ],
    "faces": {
        "down":  { "uv": [ 15.5, 8, 1, 1 ], "texture": "#fence_oak" },
        "up":    { "uv": [ 1, 1, 15, 8 ], "texture": "#fence_oak" },
        "north": { "uv": [ 1.5, 5, 15.5, 6 ], "texture": "#fence_oak" },
        "south": { "uv": [ 1, 5, 15, 6 ], "texture": "#fence_oak" },
        "west":  { "uv": [ 4, 5, 13.5, 6 ], "texture": "#fence_oak" },
        "east":  { "uv": [ 3, 5, 12.5, 6 ], "texture": "#fence_oak" }
    }
},
{
    "__comment": "box_buttomside",
    "from": [ 0, 0, 2.5 ],
    "to": [ 1.5, 7, 4 ],
    "faces": {
        "down":  { "uv": [ 13.5, 4, 12, 2.5 ], "texture": "#gold_block" },
        "up":    { "uv": [ 2.5, 2.5, 4, 4 ], "texture": "#gold_block" },
        "north": { "uv": [ 3, 4.5, 4.5, 11.5 ], "texture": "#gold_block" },
        "south": { "uv": [ 11.5, 4.5, 13, 11.5 ], "texture": "#gold_block" },
        "west":  { "uv": [ 2.5, 4, 4, 11 ], "texture": "#gold_block" },
        "east":  { "uv": [ 12, 4.5, 13.5, 11.5 ], "texture": "#gold_block" }
    }
},
{
    "__comment": "box_buttomside",
    "from": [ 14.5, 0, 2.5 ],
    "to": [ 16, 7, 4 ],
    "faces": {
        "down":  { "uv": [ 13.5, 4, 12, 2.5 ], "texture": "#gold_block" },
        "up":    { "uv": [ 2.5, 2.5, 4, 4 ], "texture": "#gold_block" },
        "north": { "uv": [ 3, 4.5, 4.5, 11.5 ], "texture": "#gold_block" },
        "south": { "uv": [ 11.5, 4.5, 13, 11.5 ], "texture": "#gold_block" },
        "west":  { "uv": [ 2.5, 4, 4, 11 ], "texture": "#gold_block" },
        "east":  { "uv": [ 12, 4.5, 13.5, 11.5 ], "texture": "#gold_block" }
    }
},
{
    "__comment": "box_buttomside",
    "from": [ 14.5, 0, 13 ],
    "to": [ 16, 7, 14.5 ],
    "faces": {
        "down":  { "uv": [ 13.5, 4, 12, 2.5 ], "texture": "#gold_block" },
        "up":    { "uv": [ 2.5, 2.5, 4, 4 ], "texture": "#gold_block" },
        "north": { "uv": [ 3, 4.5, 4.5, 11.5 ], "texture": "#gold_block" },
        "south": { "uv": [ 11.5, 4.5, 13, 11.5 ], "texture": "#gold_block" },
        "west":  { "uv": [ 2.5, 4, 4, 11 ], "texture": "#gold_block" },
        "east":  { "uv": [ 12, 4.5, 13.5, 11.5 ], "texture": "#gold_block" }
    }
},
{
    "__comment": "box_buttomside",
    "from": [ 0, 0, 13 ],
    "to": [ 1.5, 7, 14.5 ],
    "faces": {
        "down":  { "uv": [ 13.5, 4, 12, 2.5 ], "texture": "#gold_block" },
        "up":    { "uv": [ 2.5, 2.5, 4, 4 ], "texture": "#gold_block" },
        "north": { "uv": [ 3, 4.5, 4.5, 11.5 ], "texture": "#gold_block" },
        "south": { "uv": [ 11.5, 4.5, 13, 11.5 ], "texture": "#gold_block" },
        "west":  { "uv": [ 2.5, 4, 4, 11 ], "texture": "#gold_block" },
        "east":  { "uv": [ 12, 4.5, 13.5, 11.5 ], "texture": "#gold_block" }
    }
},
{
    "__comment": "box_buttomside",
    "from": [ 1.5, 0, 13 ],
    "to": [ 8, 3, 14 ],
    "faces": {
        "down":  { "uv": [ 12, 12, 16, 16 ], "texture": "#fence_oak" },
        "up":    { "uv": [ 12, 12, 16, 16 ], "rotation": 180, "texture": "#fence_oak" },
        "north": { "uv": [ 16, 8, 0, 5 ], "rotation": 180, "texture": "#fence_oak" },
        "south": { "uv": [ 0, 5, 16, 8 ], "texture": "#fence_oak" }
    }
},
{
    "__comment": "box_buttomside",
    "from": [ 8, 0, 13 ],
    "to": [ 14.5, 3, 14 ],
    "faces": {
        "down":  { "uv": [ 12, 12, 16, 16 ], "texture": "#fence_oak" },
        "up":    { "uv": [ 12, 12, 16, 16 ], "rotation": 180, "texture": "#fence_oak" },
        "north": { "uv": [ 16, 8, 0, 5 ], "rotation": 180, "texture": "#fence_oak" },
        "south": { "uv": [ 0, 5, 16, 8 ], "texture": "#fence_oak" }
    }
},
{
    "__comment": "box_buttomside",
    "from": [ 1.5, 3, 13 ],
    "to": [ 8, 6, 14 ],
    "faces": {
        "down":  { "uv": [ 12, 12, 16, 16 ], "texture": "#fence_oak" },
        "up":    { "uv": [ 12, 12, 16, 16 ], "rotation": 180, "texture": "#fence_oak" },
        "north": { "uv": [ 16, 8, 0, 5 ], "rotation": 180, "texture": "#fence_oak" },
        "south": { "uv": [ 0, 5, 16, 8 ], "texture": "#fence_oak" }
    }
},
{
    "__comment": "box_buttomside",
    "from": [ 8, 3, 13 ],
    "to": [ 14.5, 6, 14 ],
    "faces": {
        "down":  { "uv": [ 12, 12, 16, 16 ], "texture": "#fence_oak" },
        "up":    { "uv": [ 12, 12, 16, 16 ], "rotation": 180, "texture": "#fence_oak" },
        "north": { "uv": [ 16, 8, 0, 5 ], "rotation": 180, "texture": "#fence_oak" },
        "south": { "uv": [ 0, 5, 16, 8 ], "texture": "#fence_oak" }
    }
},
{
    "__comment": "box_buttomside",
    "from": [ 1.5, 0, 3 ],
    "to": [ 8, 3, 4 ],
    "faces": {
        "down":  { "uv": [ 12, 12, 16, 16 ], "texture": "#fence_oak" },
        "up":    { "uv": [ 12, 12, 16, 16 ], "rotation": 180, "texture": "#fence_oak" },
        "north": { "uv": [ 16, 8, 0, 5 ], "rotation": 180, "texture": "#fence_oak" },
        "south": { "uv": [ 0, 5, 16, 8 ], "texture": "#fence_oak" }
    }
},
{
    "__comment": "box_buttomside",
    "from": [ 8, 0, 3 ],
    "to": [ 14.5, 3, 4 ],
    "faces": {
        "down":  { "uv": [ 12, 12, 16, 16 ], "texture": "#fence_oak" },
        "up":    { "uv": [ 12, 12, 16, 16 ], "rotation": 180, "texture": "#fence_oak" },
        "north": { "uv": [ 16, 8, 0, 5 ], "rotation": 180, "texture": "#fence_oak" },
        "south": { "uv": [ 0, 5, 16, 8 ], "texture": "#fence_oak" }
    }
},
{
    "__comment": "box_buttomside",
    "from": [ 1.5, 3, 3 ],
    "to": [ 8, 6, 4 ],
    "faces": {
        "down":  { "uv": [ 12, 12, 16, 16 ], "texture": "#fence_oak" },
        "up":    { "uv": [ 12, 12, 16, 16 ], "rotation": 180, "texture": "#fence_oak" },
        "north": { "uv": [ 16, 8, 0, 5 ], "rotation": 180, "texture": "#fence_oak" },
        "south": { "uv": [ 0, 5, 16, 8 ], "texture": "#fence_oak" }
    }
},
{
    "__comment": "box_buttomside",
    "from": [ 8, 3, 3 ],
    "to": [ 14.5, 6, 4 ],
    "faces": {
        "down":  { "uv": [ 12, 12, 16, 16 ], "texture": "#fence_oak" },
        "up":    { "uv": [ 12, 12, 16, 16 ], "rotation": 180, "texture": "#fence_oak" },
        "north": { "uv": [ 16, 8, 0, 5 ], "rotation": 180, "texture": "#fence_oak" },
        "south": { "uv": [ 0, 5, 16, 8 ], "texture": "#fence_oak" }
    }
},
{
    "__comment": "box_buttomside",
    "from": [ 10.5, 0, 14 ],
    "to": [ 12.5, 6, 14.5 ],
    "faces": {
        "down":  { "uv": [ 12, 12, 16, 16 ], "texture": "#fence_oak" },
        "up":    { "uv": [ 12, 12, 16, 16 ], "rotation": 180, "texture": "#fence_oak" },
        "south": { "uv": [ 6, 0, 10, 16 ], "texture": "#fence_oak" },
        "west":  { "uv": [ 2, 10, 4, 16 ], "rotation": 90, "texture": "#fence_oak" },
        "east":  { "uv": [ 0, 10, 2, 16 ], "rotation": 270, "texture": "#fence_oak" }
    }
},
{
    "__comment": "box_buttomside",
    "from": [ 3.5, 0, 14 ],
    "to": [ 5.5, 6, 14.5 ],
    "faces": {
        "down":  { "uv": [ 12, 12, 16, 16 ], "texture": "#fence_oak" },
        "up":    { "uv": [ 12, 12, 16, 16 ], "rotation": 180, "texture": "#fence_oak" },
        "south": { "uv": [ 6, 0, 10, 16 ], "texture": "#fence_oak" },
        "west":  { "uv": [ 2, 10, 4, 16 ], "rotation": 90, "texture": "#fence_oak" },
        "east":  { "uv": [ 0, 10, 2, 16 ], "rotation": 270, "texture": "#fence_oak" }
    }
},
{
    "__comment": "box_buttomside",
    "from": [ 3.5, 0, 2.5 ],
    "to": [ 5.5, 6, 3 ],
    "faces": {
        "down":  { "uv": [ 12, 12, 16, 16 ], "texture": "#fence_oak" },
        "up":    { "uv": [ 12, 12, 16, 16 ], "rotation": 180, "texture": "#fence_oak" },
        "north": { "uv": [ 10, 16, 6, 0 ], "rotation": 180, "texture": "#fence_oak" },
        "west":  { "uv": [ 2, 10, 4, 16 ], "rotation": 90, "texture": "#fence_oak" },
        "east":  { "uv": [ 0, 10, 2, 16 ], "rotation": 270, "texture": "#fence_oak" }
    }
},
{
    "__comment": "box_buttomside",
    "from": [ 10.5, 0, 2.5 ],
    "to": [ 12.5, 6, 3 ],
    "faces": {
        "down":  { "uv": [ 12, 12, 16, 16 ], "texture": "#fence_oak" },
        "up":    { "uv": [ 12, 12, 16, 16 ], "rotation": 180, "texture": "#fence_oak" },
        "north": { "uv": [ 10, 16, 6, 0 ], "rotation": 180, "texture": "#fence_oak" },
        "west":  { "uv": [ 2, 10, 4, 16 ], "rotation": 90, "texture": "#fence_oak" },
        "east":  { "uv": [ 0, 10, 2, 16 ], "rotation": 270, "texture": "#fence_oak" }
    }
},
{
    "__comment": "box_buttomside",
    "from": [ 15, 3, 4 ],
    "to": [ 16, 6, 13 ],
    "faces": {
        "down":  { "uv": [ 12, 12, 16, 16 ], "rotation": 90, "texture": "#fence_oak" },
        "up":    { "uv": [ 12, 12, 16, 16 ], "rotation": 90, "texture": "#fence_oak" },
        "west":  { "uv": [ 16, 8, 10, 5 ], "rotation": 180, "texture": "#fence_oak" },
        "east":  { "uv": [ 0, 5, 6, 8 ], "texture": "#fence_oak" }
    }
},
{
    "__comment": "box_buttomside",
    "from": [ 15, 0, 4 ],
    "to": [ 16, 3, 13 ],
    "faces": {
        "down":  { "uv": [ 12, 12, 16, 16 ], "rotation": 90, "texture": "#fence_oak" },
        "up":    { "uv": [ 12, 12, 16, 16 ], "rotation": 90, "texture": "#fence_oak" },
        "west":  { "uv": [ 16, 8, 10, 5 ], "rotation": 180, "texture": "#fence_oak" },
        "east":  { "uv": [ 0, 5, 6, 8 ], "texture": "#fence_oak" }
    }
},
{
    "__comment": "box_buttomside",
    "from": [ 0, 3, 4 ],
    "to": [ 1, 6, 13 ],
    "faces": {
        "down":  { "uv": [ 12, 12, 16, 16 ], "rotation": 90, "texture": "#fence_oak" },
        "up":    { "uv": [ 12, 12, 16, 16 ], "rotation": 90, "texture": "#fence_oak" },
        "west":  { "uv": [ 16, 8, 10, 5 ], "rotation": 180, "texture": "#fence_oak" },
        "east":  { "uv": [ 0, 5, 6, 8 ], "texture": "#fence_oak" }
    }
},
{
    "__comment": "box_buttomside",
    "from": [ 0, 0, 4 ],
    "to": [ 1, 3, 13 ],
    "faces": {
        "down":  { "uv": [ 12, 12, 16, 16 ], "rotation": 90, "texture": "#fence_oak" },
        "up":    { "uv": [ 12, 12, 16, 16 ], "rotation": 90, "texture": "#fence_oak" },
        "west":  { "uv": [ 16, 8, 10, 5 ], "rotation": 180, "texture": "#fence_oak" },
        "east":  { "uv": [ 0, 5, 6, 8 ], "texture": "#fence_oak" }
    }
},
{
    "__comment": "box_buttomside",
    "from": [ 1.5, 6, 2.5 ],
    "to": [ 14.5, 6.5, 3.5 ],
    "faces": {
        "up":    { "uv": [ 2.5, 2.5, 4, 4 ], "texture": "#gold_block" },
        "north": { "uv": [ 3, 4.5, 4.5, 11.5 ], "texture": "#gold_block" },
        "south": { "uv": [ 11.5, 4.5, 13, 11.5 ], "texture": "#gold_block" },
        "west":  { "uv": [ 2.5, 4, 4, 11 ], "texture": "#gold_block" },
        "east":  { "uv": [ 12, 4.5, 13.5, 11.5 ], "texture": "#gold_block" }
    }
},
{
    "__comment": "box_buttomside",
    "from": [ 15.5, 6, 4 ],
    "to": [ 16, 6.5, 13 ],
    "faces": {
        "up":    { "uv": [ 2.5, 2.5, 4, 4 ], "texture": "#gold_block" },
        "north": { "uv": [ 3, 4.5, 4.5, 11.5 ], "texture": "#gold_block" },
        "south": { "uv": [ 11.5, 4.5, 13, 11.5 ], "texture": "#gold_block" },
        "west":  { "uv": [ 2.5, 4, 4, 11 ], "texture": "#gold_block" },
        "east":  { "uv": [ 12, 4.5, 13.5, 11.5 ], "texture": "#gold_block" }
    }
},
{
    "__comment": "box_buttomside",
    "from": [ 0, 6, 4 ],
    "to": [ 0.5, 6.5, 13 ],
    "faces": {
        "up":    { "uv": [ 2.5, 2.5, 4, 4 ], "texture": "#gold_block" },
        "north": { "uv": [ 3, 4.5, 4.5, 11.5 ], "texture": "#gold_block" },
        "south": { "uv": [ 11.5, 4.5, 13, 11.5 ], "texture": "#gold_block" },
        "west":  { "uv": [ 2.5, 4, 4, 11 ], "texture": "#gold_block" },
        "east":  { "uv": [ 12, 4.5, 13.5, 11.5 ], "texture": "#gold_block" }
    }
}
],
"display": {
    "thirdperson_righthand": {
        "rotation": [ 180, 64, 0 ],
        "translation": [ 0.38, -4.54, 0 ],
        "scale": [ 1, 1, 1 ]
    },
    "thirdperson_lefthand": {
        "rotation": [ 65, 180, 0 ],
        "translation": [ -6.43, -8.88, -1.32 ],
        "scale": [ 1, 1, 1 ]
    },
    "head": {
        "rotation": [ 0, 180, 0 ],
        "translation": [ 0, -30, 0 ],
        "scale": [ 1.5, 1.5, 1.5 ]
    },
    "ground": {
        "rotation": [ 0, 0, 0 ],
        "translation": [ 0, 10.2, 0 ],
        "scale": [ 1, 1, 1 ]
    },
    "firstperson_righthand": {
        "rotation": [ -44, -67, -14 ],
        "translation": [ 0.19, 4.34, 0 ],
        "scale": [ 0.5, 0.5, 0.5 ]
    },
    "firstperson_lefthand": {
        "rotation": [ -51, -67, -14 ],
        "translation": [ 0.19, 4.34, 0 ],
        "scale": [ 0.5, 0.5, 0.5 ]
    },
    "gui": {
        "rotation": [ 30, -26, 0 ],
        "translation": [ 0.19, 2.65, -1.51 ],
        "scale": [ 0.8, 0.8, 0.8 ]
    }
}
}