{
"__comment": "Designed in the where Naoxia with PRO 0.9999",
"textures": {
    "skeleton": "items/skeleton"
},
"elements": [ 
{
    "__comment": "head",
    "from": [ 6, 9, 10 ],
    "to": [ 10, 13, 14 ],
    "rotation": { "origin": [ 6, 13, 10 ], "axis": "x", "angle": -22.5 },
    "faces": {
        "down":  { "uv": [ 6, 2, 4, 0 ], "texture": "#skeleton" },
        "up":    { "uv": [ 2, 0, 4, 2 ], "texture": "#skeleton" },
        "north": { "uv": [ 2, 2, 4, 4 ], "texture": "#skeleton" },
        "south": { "uv": [ 6, 2, 8, 4 ], "texture": "#skeleton" },
        "west":  { "uv": [ 4, 2, 6, 4 ], "texture": "#skeleton" },
        "east":  { "uv": [ 0, 2, 2, 4 ], "texture": "#skeleton" }
    }
},
{
    "__comment": "body",
    "from": [ 5.5, 5, 12.5 ],
    "to": [ 10.5, 7.5, 15 ],
    "rotation": { "origin": [ 5.5, 7.5, 12.5 ], "axis": "x", "angle": 22.5 },
    "faces": {
        "down":  { "uv": [ 7, 5, 5, 4 ], "texture": "#skeleton" },
        "up":    { "uv": [ 7, 4, 9, 5 ], "texture": "#skeleton" },
        "north": { "uv": [ 5, 7, 7, 8 ], "texture": "#skeleton" },
        "south": { "uv": [ 8, 7, 10, 8 ], "texture": "#skeleton" },
        "west":  { "uv": [ 7, 7, 8, 8 ], "texture": "#skeleton" },
        "east":  { "uv": [ 4, 7, 5, 8 ], "texture": "#skeleton" }
    }
},
{
    "__comment": "body",
    "from": [ 5.5, 6.5, 12.5 ],
    "to": [ 10.5, 10, 15 ],
    "faces": {
        "down":  { "uv": [ 9.5, 5, 7.5, 4 ], "texture": "#skeleton" },
        "up":    { "uv": [ 5, 4, 7, 5 ], "texture": "#skeleton" },
        "north": { "uv": [ 5, 5, 7, 7 ], "texture": "#skeleton" },
        "south": { "uv": [ 8, 5, 10, 7 ], "texture": "#skeleton" },
        "west":  { "uv": [ 7, 5, 8, 7 ], "texture": "#skeleton" },
        "east":  { "uv": [ 4, 5, 5, 7 ], "texture": "#skeleton" }
    }
},
{
    "__comment": "arm",
    "from": [ 10.5, 6, 12.5 ],
    "to": [ 11.5, 10, 13.5 ],
    "faces": {
        "down":  { "uv": [ 11.5, 4.5, 11, 4 ], "texture": "#skeleton" },
        "up":    { "uv": [ 10.5, 4, 11, 4.5 ], "texture": "#skeleton" },
        "north": { "uv": [ 10.5, 4.5, 11, 6.5 ], "texture": "#skeleton" },
        "south": { "uv": [ 11, 4.5, 11.5, 6.5 ], "texture": "#skeleton" },
        "west":  { "uv": [ 11.5, 4.5, 12, 6.5 ], "texture": "#skeleton" },
        "east":  { "uv": [ 10, 4.5, 10.5, 6.5 ], "texture": "#skeleton" }
    }
},
{
    "__comment": "arm",
    "from": [ 10.5, 2.5, 12.5 ],
    "to": [ 11.5, 6.5, 13.5 ],
    "rotation": { "origin": [ 10.5, 6.5, 12.5 ], "axis": "x", "angle": 22.5 },
    "faces": {
        "down":  { "uv": [ 11.5, 4.5, 11, 4 ], "texture": "#skeleton" },
        "up":    { "uv": [ 10.5, 4, 11, 4.5 ], "texture": "#skeleton" },
        "north": { "uv": [ 10.5, 6, 11, 7.5 ], "texture": "#skeleton" },
        "south": { "uv": [ 11, 6, 11.5, 7.5 ], "texture": "#skeleton" },
        "west":  { "uv": [ 11.5, 6, 12, 7.5 ], "texture": "#skeleton" },
        "east":  { "uv": [ 10, 6, 10.5, 7.5 ], "texture": "#skeleton" }
    }
},
{
    "__comment": "arm*",
    "from": [ 4.5, 6, 13.5 ],
    "to": [ 5.5, 10, 14.5 ],
    "rotation": { "origin": [ 4.5, 10, 13.5 ], "axis": "x", "angle": 22.5 },
    "faces": {
        "down":  { "uv": [ 11.5, 4.5, 11, 4 ], "texture": "#skeleton" },
        "up":    { "uv": [ 10.5, 4, 11, 4.5 ], "texture": "#skeleton" },
        "north": { "uv": [ 10.5, 4.5, 11, 6.5 ], "texture": "#skeleton" },
        "south": { "uv": [ 11, 4.5, 11.5, 6.5 ], "texture": "#skeleton" },
        "west":  { "uv": [ 11.5, 4.5, 12, 6.5 ], "texture": "#skeleton" },
        "east":  { "uv": [ 10, 4.5, 10.5, 6.5 ], "texture": "#skeleton" }
    }
},
{
    "__comment": "arm*",
    "from": [ 4.5, 5.5, 11.4375 ],
    "to": [ 8.5, 6.5, 12.4375 ],
    "rotation": { "origin": [ 4.5, 6.5, 11.4375 ], "axis": "z", "angle": 22.5 },
    "faces": {
        "down":  { "uv": [ 11.5, 4.5, 11, 4 ], "texture": "#skeleton" },
        "up":    { "uv": [ 10.5, 4, 11, 4.5 ], "texture": "#skeleton" },
        "north": { "uv": [ 10.5, 6, 11, 7.5 ], "texture": "#skeleton" },
        "south": { "uv": [ 11, 6, 11.5, 7.5 ], "texture": "#skeleton" },
        "west":  { "uv": [ 11.5, 6, 12, 7.5 ], "texture": "#skeleton" },
        "east":  { "uv": [ 10, 6, 10.5, 7.5 ], "texture": "#skeleton" }
    }
},
{
    "__comment": "leg",
    "from": [ 6.5, 5, 8 ],
    "to": [ 7.5, 6, 12 ],
    "rotation": { "origin": [ 6.5, 6, 8 ], "axis": "x", "angle": 22.5 },
    "faces": {
        "down":  { "uv": [ 1.5, 4.5, 1, 4 ], "texture": "#skeleton" },
        "up":    { "uv": [ 0.5, 4, 1, 4.5 ], "texture": "#skeleton" },
        "north": { "uv": [ 0.5, 4.5, 1, 6 ], "texture": "#skeleton" },
        "south": { "uv": [ 1, 4.5, 1.5, 6 ], "texture": "#skeleton" },
        "west":  { "uv": [ 1.5, 4.5, 2, 6 ], "texture": "#skeleton" },
        "east":  { "uv": [ 0, 4.5, 0.5, 6 ], "texture": "#skeleton" }
    }
},
{
    "__comment": "leg",
    "from": [ 6.5, 3.5, 4.5 ],
    "to": [ 7.5, 4.5, 8.5 ],
    "rotation": { "origin": [ 6.5, 4.5, 4.5 ], "axis": "x", "angle": -22.5 },
    "faces": {
        "down":  { "uv": [ 1.5, 4.5, 1, 4 ], "texture": "#skeleton" },
        "up":    { "uv": [ 0.5, 4, 1, 4.5 ], "texture": "#skeleton" },
        "north": { "uv": [ 0.5, 5.5, 1, 7.5 ], "texture": "#skeleton" },
        "south": { "uv": [ 1, 5.5, 1.5, 7.5 ], "texture": "#skeleton" },
        "west":  { "uv": [ 1.5, 5.5, 2, 7.5 ], "texture": "#skeleton" },
        "east":  { "uv": [ 0, 5.5, 0.5, 7.5 ], "texture": "#skeleton" }
    }
},
{
    "__comment": "leg*",
    "from": [ 10.5, 3.5, 7.5 ],
    "to": [ 11.5, 4.5, 11.5 ],
    "rotation": { "origin": [ 10.5, 3.5, 7.5 ], "axis": "y", "angle": -22.5 },
    "faces": {
        "down":  { "uv": [ 1.5, 4.5, 1, 4 ], "texture": "#skeleton" },
        "up":    { "uv": [ 0.5, 4, 1, 4.5 ], "texture": "#skeleton" },
        "north": { "uv": [ 0.5, 4.5, 1, 6 ], "texture": "#skeleton" },
        "south": { "uv": [ 1, 4.5, 1.5, 6 ], "texture": "#skeleton" },
        "west":  { "uv": [ 1.5, 4.5, 2, 6 ], "texture": "#skeleton" },
        "east":  { "uv": [ 0, 4.5, 0.5, 6 ], "texture": "#skeleton" }
    }
},
{
    "__comment": "leg*",
    "from": [ 12, 3.5, 4 ],
    "to": [ 13, 4.5, 8 ],
    "rotation": { "origin": [ 12, 3.5, 4 ], "axis": "y", "angle": -22.5 },
    "faces": {
        "down":  { "uv": [ 1.5, 4.5, 1, 4 ], "texture": "#skeleton" },
        "up":    { "uv": [ 0.5, 4, 1, 4.5 ], "texture": "#skeleton" },
        "north": { "uv": [ 0.5, 5.5, 1, 7.5 ], "texture": "#skeleton" },
        "south": { "uv": [ 1, 5.5, 1.5, 7.5 ], "texture": "#skeleton" },
        "west":  { "uv": [ 1.5, 5.5, 2, 7.5 ], "texture": "#skeleton" },
        "east":  { "uv": [ 0, 5.5, 0.5, 7.5 ], "texture": "#skeleton" }
    }
}
],
"display": {
    "thirdperson_righthand": {
        "rotation": [ 0, 0, 0 ],
        "translation": [ 0, 0, 0 ],
        "scale": [ 1, 1, 1 ]
    },
    "thirdperson_lefthand": {
        "rotation": [ 0, 0, 0 ],
        "translation": [ 0, 0, 0 ],
        "scale": [ 1, 1, 1 ]
    },
    "head": {
        "rotation": [ 0, 0, 0 ],
        "translation": [ -2.27, -25, -10.39 ],
        "scale": [ 3, 3, 3 ]
    },
    "ground": {
        "rotation": [ 0, 0, 0 ],
        "translation": [ 0, 0, 0 ],
        "scale": [ 1, 1, 1 ]
    },
    "firstperson_lefthand": {
        "rotation": [ 0, 0, 0 ],
        "translation": [ 0, 0, 0 ],
        "scale": [ 1, 1, 1 ]
    }
}
}