{
"__comment": "Designed by Flashtt with BDcraft Cubik PRO 0.96 Beta - http://bdcraft.net",
"textures": {
    "log_oak": "blocks/log_oak",
    "log_oak_top": "blocks/log_oak_top",
    "leaves_oak": "blocks/leaves_oak",
    "obsidian": "blocks/obsidian"
},
"elements": [ 
{
    "__comment": "side01",
    "from": [ 0, 0, 0 ],
    "to": [ 16, 1.5, 16 ],
    "faces": {
        "down":  { "uv": [ 0, 0, 16, 16 ], "rotation": 90, "texture": "#log_oak" },
        "up":    { "uv": [ 0, 0, 16, 16 ], "texture": "#log_oak_top" },
        "north": { "uv": [ 0, 0, 16, 3 ], "texture": "#log_oak" },
        "south": { "uv": [ 0, 0, 16, 3.5 ], "texture": "#log_oak" },
        "west":  { "uv": [ 0, 0, 16, 3 ], "texture": "#log_oak" },
        "east":  { "uv": [ 0, 0, 16, 3.5 ], "texture": "#log_oak" }
    }
},
{
    "__comment": "side01",
    "from": [ 1.5, 1.5, 1.5 ],
    "to": [ 14.5, 2.5, 14.5 ],
    "faces": {
        "up":    { "uv": [ 0, 0, 16, 16 ], "texture": "#leaves_oak" },
        "north": { "uv": [ 0, 9, 16, 10 ], "texture": "#leaves_oak" },
        "south": { "uv": [ 0, 7.5, 16, 8.5 ], "texture": "#leaves_oak" },
        "west":  { "uv": [ 0, 8.5, 16, 9.5 ], "texture": "#leaves_oak" },
        "east":  { "uv": [ 0, 8, 16, 9 ], "texture": "#leaves_oak" }
    }
}
],
"display": {
    "head": {
        "rotation": [ 0, 0, 0 ],
        "translation": [ 0, -9.26, 0 ],
        "scale": [ 4, 4, 4 ]
    }
}
}