{
    "parent": "item/handheld",
    "textures": {
        "layer0": "items/diamond_hoe"
    },
	"overrides": [		
		{"predicate":{ "damage": 0.0000000000000000},"model": "item/diamond_hoe"},
		{"predicate":{ "damage": 0.1281229980781550},"model": "item/No0277"},
		{"predicate":{ "damage": 0.1287636130685458},"model": "item/No0118"},
		{"predicate":{ "damage": 0.1294042280589366},"model": "item/No0237"},
		{"predicate":{ "damage": 0.1300448430493273},"model": "item/No0334"},
		{"predicate":{ "damage": 0.1306854580397181},"model": "item/No0204※"},
		{"predicate":{ "damage": 0.1313260730301089},"model": "item/No0205※"},
		{"predicate":{ "damage": 0.1319666880204997},"model": "item/No0238"},
		{"predicate":{ "damage": 0.1326073030108905},"model": "item/No1002"},
		{"predicate":{ "damage": 0.1332479180012812},"model": "item/No0360"},
		{"predicate":{ "damage": 0.1338885329916720},"model": "item/No0007"},
		{"predicate":{ "damage": 0.1345291479820628},"model": "item/No0037"},
		{"predicate":{ "damage": 0.1351697629724536},"model": "item/No0046"},
		{"predicate":{ "damage": 0.1358103779628444},"model": "item/No0130"},
		{"predicate":{ "damage": 0.1364509929532351},"model": "item/No0213※"},
		{"predicate":{ "damage": 0.1370916079436259},"model": "item/No0214※"},
		{"predicate":{ "damage": 0.1377322229340167},"model": "item/No0215※"},
		{"predicate":{ "damage": 0.1383728379244075},"model": "item/No0361"},
		{"predicate":{ "damage": 0.1390134529147983},"model": "item/No0086"},
		{"predicate":{ "damage": 0.1396540679051890},"model": "item/No0218※"},
		{"predicate":{ "damage": 0.1402946828955798},"model": "item/No0092"},
		{"predicate":{ "damage": 0.1409352978859706},"model": "item/No0107"},
		{"predicate":{ "damage": 0.1415759128763614},"model": "item/No0221※"},
		{"predicate":{ "damage": 0.1422165278667522},"model": "item/No0222※"},
		{"predicate":{ "damage": 0.142857142857143},"model": "item/No0223※"},
		{"predicate":{ "damage": 0.1434977578475337},"model": "item/No0224※"},
		{"predicate":{ "damage": 0.1441383728379245},"model": "item/No0225※"},
		{"predicate":{ "damage": 0.1447789878283153},"model": "item/No1021"},
		{"predicate":{ "damage": 0.1454196028187061},"model": "item/No0712"},
		{"predicate":{ "damage": 0.1460602178090969},"model": "item/No0228※"},
		{"predicate":{ "damage": 0.1467008327994876},"model": "item/No0229※"},
		{"predicate":{ "damage": 0.1473414477898784},"model": "item/No0921"},
		{"predicate":{ "damage": 0.1479820627802692},"model": "item/No0231※"},
		{"predicate":{ "damage": 0.1486226777706600},"model": "item/No0306"},
		{"predicate":{ "damage": 0.1492632927610508},"model": "item/No1121"},
		{"predicate":{ "damage": 0.1499039077514415},"model": "item/No0234※"},
		{"predicate":{ "damage": 0.1505445227418323},"model": "item/No0121"},
		{"predicate":{ "damage": 0.1511851377322231},"model": "item/No0137"},
		{"predicate":{ "damage": 0.1518257527226139},"model": "item/No0192"},
		{"predicate":{ "damage": 0.1524663677130047},"model": "item/No0146"},
		{"predicate":{ "damage": 0.1531069827033954},"model": "item/No0167"},
		{"predicate":{ "damage": 0.1537475976937862},"model": "item/No0200"},
		{"predicate":{ "damage": 0.1543882126841770},"model": "item/No1221"},
		{"predicate":{ "damage": 0.1550288276745678},"model": "item/No1232"},
		{"predicate":{ "damage": 0.1556694426649586},"model": "item/No0243※"},
		{"predicate":{ "damage": 0.1563100576553494},"model": "item/No0244※"},
		{"predicate":{ "damage": 0.1569506726457401},"model": "item/No0245※"},
		{"predicate":{ "damage": 0.1575912876361309},"model": "item/No0246※"},
		{"predicate":{ "damage": 0.1582319026265217},"model": "item/No0247※"},
		{"predicate":{ "damage": 0.1588725176169125},"model": "item/No0291"},
		{"predicate":{ "damage": 0.1595131326073033},"model": "item/No0249※"},
		{"predicate":{ "damage": 0.1601537475976940},"model": "item/No0250※"},
		{"predicate":{ "damage": 0.1607943625880848},"model": "item/No0236"},
		{"predicate":{ "damage": 0.1614349775784756},"model": "item/No0564"},
		{"predicate":{ "damage": 0.1620755925688664},"model": "item/No0233"},
		{"predicate":{ "damage": 0.1627162075592572},"model": "item/No0254※"},
		{"predicate":{ "damage": 0.1633568225496479},"model": "item/No0255※"},
		{"predicate":{ "damage": 0.1639974375400387},"model": "item/No0350"},
		{"predicate":{ "damage": 0.1646380525304295},"model": "item/No0235"},
		{"predicate":{ "damage": 0.1652786675208203},"model": "item/No0258※"},
		{"predicate":{ "damage": 0.1659192825112111},"model": "item/No0370"},
		{"predicate":{ "damage": 0.1665598975016018},"model": "item/No0260※"},
		{"predicate":{ "damage": 0.1672005124919926},"model": "item/No0261※"},
		{"predicate":{ "damage": 0.1678411274823834},"model": "item/No0262※"},
		{"predicate":{ "damage": 0.1684817424727742},"model": "item/No0263※"},
		{"predicate":{ "damage": 0.169122357463165},"model": "item/No0366"},
		{"predicate":{ "damage": 0.1697629724535558},"model": "item/No0363"},
		{"predicate":{ "damage": 0.1704035874439465},"model": "item/No0392"},
		{"predicate":{ "damage": 0.1710442024343373},"model": "item/No0351"},
		{"predicate":{ "damage": 0.1716848174247281},"model": "item/No0268※"},
		{"predicate":{ "damage": 0.1723254324151189},"model": "item/No0376"},
		{"predicate":{ "damage": 0.1729660474055097},"model": "item/No0336"},
		{"predicate":{ "damage": 0.1736066623959004},"model": "item/No0375"},
		{"predicate":{ "damage": 0.1742472773862912},"model": "item/No0393"},
		{"predicate":{ "damage": 0.1748878923766820},"model": "item/No0273※"},
		{"predicate":{ "damage": 0.1755285073670728},"model": "item/No0373"},
		{"predicate":{ "damage": 0.1761691223574636},"model": "item/No0275※"},
		{"predicate":{ "damage": 0.1768097373478543},"model": "item/No0276※"},
		{"predicate":{ "damage": 0.1774503523382451},"model": "item/No0277※"},
		{"predicate":{ "damage": 0.1780909673286359},"model": "item/No0335"},
		{"predicate":{ "damage": 0.1787315823190267},"model": "item/No0152"},
		{"predicate":{ "damage": 0.1793721973094175},"model": "item/No0280※"},
		{"predicate":{ "damage": 0.1800128122998082},"model": "item/No0281※"},
		{"predicate":{ "damage": 0.1806534272901990},"model": "item/No0282※"},
		{"predicate":{ "damage": 0.1812940422805898},"model": "item/No0283※"},
		{"predicate":{ "damage": 0.1819346572709806},"model": "item/No0284※"},
		{"predicate":{ "damage": 0.1825752722613714},"model": "item/No0903"},
		{"predicate":{ "damage": 0.1832158872517622},"model": "item/No0322"},
		{"predicate":{ "damage": 0.1838565022421529},"model": "item/No0287※"},
		{"predicate":{ "damage": 0.1844971172325437},"model": "item/No0288※"},
		{"predicate":{ "damage": 0.1851377322229345},"model": "item/No0289※"},
		{"predicate":{ "damage": 0.1857783472133253},"model": "item/No0290※"},
		{"predicate":{ "damage": 0.1864189622037161},"model": "item/No0533"},
		{"predicate":{ "damage": 0.1870595771941068},"model": "item/No0292※"},
		{"predicate":{ "damage": 0.1877001921844976},"model": "item/No0293※"},
		{"predicate":{ "damage": 0.1883408071748884},"model": "item/No0294※"},
		{"predicate":{ "damage": 0.1889814221652792},"model": "item/No0390"},
		{"predicate":{ "damage": 0.18962203715567},"model": "item/No0974"},
		{"predicate":{ "damage": 0.1902626521460607},"model": "item/No0297※"},
		{"predicate":{ "damage": 0.1909032671364515},"model": "item/No0412"},
		{"predicate":{ "damage": 0.1915438821268423},"model": "item/No0299※"},
		{"predicate":{ "damage": 0.1921844971172331},"model": "item/No0300※"},
		{"predicate":{ "damage": 0.1928251121076239},"model": "item/No0301※"},
		{"predicate":{ "damage": 0.1934657270980146},"model": "item/No0302※"},
		{"predicate":{ "damage": 0.1941063420884054},"model": "item/No0303※"},
		{"predicate":{ "damage": 0.1947469570787962},"model": "item/No0304※"},
		{"predicate":{ "damage": 0.1953875720691870},"model": "item/No0415"},
		{"predicate":{ "damage": 0.1960281870595778},"model": "item/No0306※"},
		{"predicate":{ "damage": 0.1966688020499686},"model": "item/No0425"},
		{"predicate":{ "damage": 0.1973094170403593},"model": "item/No0308※"},
		{"predicate":{ "damage": 0.1979500320307501},"model": "item/No0418"},
		{"predicate":{ "damage": 0.1985906470211409},"model": "item/No0512"},
		{"predicate":{ "damage": 0.1992312620115317},"model": "item/No0421"},
		{"predicate":{ "damage": 0.1998718770019225},"model": "item/No0672"},
		{"predicate":{ "damage": 0.2005124919923132},"model": "item/No0313※"},
		{"predicate":{ "damage": 0.2011531069827040},"model": "item/No0314※"},
		{"predicate":{ "damage": 0.2017937219730948},"model": "item/No0315※"},
		{"predicate":{ "damage": 0.2024343369634856},"model": "item/No0428"},
		{"predicate":{ "damage": 0.2030749519538764},"model": "item/No0317※"},
		{"predicate":{ "damage": 0.2037155669442671},"model": "item/No0214"},
		{"predicate":{ "damage": 0.2043561819346579},"model": "item/No0612"},
		{"predicate":{ "damage": 0.2049967969250487},"model": "item/No0365"},
		{"predicate":{ "damage": 0.2056374119154395},"model": "item/No0592"},
		{"predicate":{ "damage": 0.2062780269058303},"model": "item/No0678"},
		{"predicate":{ "damage": 0.2069186418962210},"model": "item/No0323※"},
		{"predicate":{ "damage": 0.2075592568866118},"model": "item/No0435"},
		{"predicate":{ "damage": 0.2081998718770026},"model": "item/No0325※"},
		{"predicate":{ "damage": 0.2088404868673934},"model": "item/No0127"},
		{"predicate":{ "damage": 0.2094811018577842},"model": "item/No0432"},
		{"predicate":{ "damage": 0.210121716848175},"model": "item/No0337"},
		{"predicate":{ "damage": 0.2107623318385657},"model": "item/No0126"},
		{"predicate":{ "damage": 0.2114029468289565},"model": "item/No0187"},
		{"predicate":{ "damage": 0.2120435618193473},"model": "item/No0778"},
		{"predicate":{ "damage": 0.2126841768097381},"model": "item/No0332※"},
		{"predicate":{ "damage": 0.2133247918001289},"model": "item/No0333※"},
		{"predicate":{ "damage": 0.2139654067905196},"model": "item/No0385"},
		{"predicate":{ "damage": 0.2146060217809104},"model": "item/No0335※"},
		{"predicate":{ "damage": 0.2152466367713012},"model": "item/No0336※"},
		{"predicate":{ "damage": 0.2158872517616920},"model": "item/No0171"},
		{"predicate":{ "damage": 0.2165278667520828},"model": "item/No0338※"},
		{"predicate":{ "damage": 0.2171684817424735},"model": "item/No0339※"},
		{"predicate":{ "damage": 0.2178090967328643},"model": "item/No0340※"},
		{"predicate":{ "damage": 0.2184497117232551},"model": "item/No0022"},
		{"predicate":{ "damage": 0.2190903267136459},"model": "item/No0342※"},
		{"predicate":{ "damage": 0.2197309417040367},"model": "item/No0343※"},
		{"predicate":{ "damage": 0.22037155669442748},"model": "item/No0344※"},
		{"predicate":{ "damage": 0.22101217168481826},"model": "item/No0345※"},
		{"predicate":{ "damage": 0.22165278667520905},"model": "item/No0186"},
		{"predicate":{ "damage": 0.22229340166559983},"model": "item/No0347※"},
		{"predicate":{ "damage": 0.2229340166559906},"model": "item/No0348※"},
		{"predicate":{ "damage": 0.2235746316463814},"model": "item/No0349※"},
		{"predicate":{ "damage": 0.22421524663677217},"model": "item/No0350※"},
		{"predicate":{ "damage": 0.22485586162716295},"model": "item/No0351※"},
		{"predicate":{ "damage": 0.22549647661755373},"model": "item/No0352※"},
		{"predicate":{ "damage": 0.2261370916079445},"model": "item/No0353※"},
		{"predicate":{ "damage": 0.2267777065983353},"model": "item/No0354※"},
		{"predicate":{ "damage": 0.22741832158872607},"model": "item/No0355※"},
		{"predicate":{ "damage": 0.22805893657911686},"model": "item/No0356※"},
		{"predicate":{ "damage": 0.22869955156950764},"model": "item/No0357※"},
		{"predicate":{ "damage": 0.22934016655989842},"model": "item/No0358※"},
		{"predicate":{ "damage": 0.2299807815502892},"model": "item/No0359※"},
		{"predicate":{ "damage": 0.23062139654067998},"model": "item/No0360※"},
		{"predicate":{ "damage": 0.23126201153107076},"model": "item/No0361※"},
		{"predicate":{ "damage": 0.23190262652146154},"model": "item/No0362※"},
		{"predicate":{ "damage": 0.23254324151185232},"model": "item/No0623"},
		{"predicate":{ "damage": 0.2331838565022431},"model": "item/No0364※"},
		{"predicate":{ "damage": 0.23382447149263388},"model": "item/No0365※"},
		{"predicate":{ "damage": 0.23446508648302467},"model": "item/No0366※"},
		{"predicate":{ "damage": 0.23510570147341545},"model": "item/No0367※"},
		{"predicate":{ "damage": 0.23574631646380623},"model": "item/No0368※"},
		{"predicate":{ "damage": 0.236386931454197},"model": "item/No0369※"},
		{"predicate":{ "damage": 0.2370275464445878},"model": "item/No0370※"},
		{"predicate":{ "damage": 0.23766816143497857},"model": "item/No0371※"},
		{"predicate":{ "damage": 0.23830877642536935},"model": "item/No0372※"},
		{"predicate":{ "damage": 0.23894939141576013},"model": "item/No0373※"},
		{"predicate":{ "damage": 0.2395900064061509},"model": "item/No0374※"},
		{"predicate":{ "damage": 0.2402306213965417},"model": "item/No0375※"},
		{"predicate":{ "damage": 0.24087123638693247},"model": "item/No0376※"},
		{"predicate":{ "damage": 0.24151185137732326},"model": "item/No0377※"},
		{"predicate":{ "damage": 0.24215246636771404},"model": "item/No0378※"},
		{"predicate":{ "damage": 0.24279308135810482},"model": "item/No0379※"},
		{"predicate":{ "damage": 0.2434336963484956},"model": "item/No0380※"},
		{"predicate":{ "damage": 0.24407431133888638},"model": "item/No0381※"},
		{"predicate":{ "damage": 0.24471492632927716},"model": "item/No0382※"},
		{"predicate":{ "damage": 0.24535554131966794},"model": "item/No0383※"},
		{"predicate":{ "damage": 0.24599615631005872},"model": "item/No0384※"},
		{"predicate":{ "damage": 0.2466367713004495},"model": "item/No0385※"},
		{"predicate":{ "damage": 0.24727738629084028},"model": "item/No0386※"},
		{"predicate":{ "damage": 0.24791800128123107},"model": "item/No0387※"},
		{"predicate":{ "damage": 0.24855861627162185},"model": "item/No0388※"},
		{"predicate":{ "damage": 0.24919923126201263},"model": "item/No0389※"},
		{"predicate":{ "damage": 0.2498398462524034},"model": "item/No0390※"},
		{"predicate":{ "damage": 0.25048046124279416},"model": "item/No0391※"},
		{"predicate":{ "damage": 0.2511210762331849},"model": "item/No0392※"},
		{"predicate":{ "damage": 0.25176169122357567},"model": "item/No0393※"},
		{"predicate":{ "damage": 0.2524023062139664},"model": "item/No0394※"},
		{"predicate":{ "damage": 0.2530429212043572},"model": "item/No0395※"},
		{"predicate":{ "damage": 0.2536835361947479},"model": "item/No0396※"},
		{"predicate":{ "damage": 0.2543241511851387},"model": "item/No0397※"},
		{"predicate":{ "damage": 0.25496476617552943},"model": "item/No0398※"},
		{"predicate":{ "damage": 0.2556053811659202},"model": "item/No0399※"},
		{"predicate":{ "damage": 0.25624599615631094},"model": "item/No0400※"},
		{"predicate":{ "damage": 0.2568866111467017},"model": "item/No0401※"},
		{"predicate":{ "damage": 0.25752722613709245},"model": "item/No0402※"},
		{"predicate":{ "damage": 0.2581678411274832},"model": "item/No0492"},
		{"predicate":{ "damage": 0.25880845611787395},"model": "item/No0404※"},
		{"predicate":{ "damage": 0.2594490711082647},"model": "item/No0562"},
		{"predicate":{ "damage": 0.26008968609865546},"model": "item/No0406※"},
		{"predicate":{ "damage": 0.2607303010890462},"model": "item/No0407※"},
		{"predicate":{ "damage": 0.26137091607943697},"model": "item/No0408※"},
		{"predicate":{ "damage": 0.2620115310698277},"model": "item/No0409※"},
		{"predicate":{ "damage": 0.26265214606021847},"model": "item/No0462"},
		{"predicate":{ "damage": 0.2632927610506092},"model": "item/No0482"},
		{"predicate":{ "damage": 0.263933376041},"model": "item/No0062"},
		{"predicate":{ "damage": 0.26457399103139073},"model": "item/No0382"},
		{"predicate":{ "damage": 0.2652146060217815},"model": "item/No0633"},
		{"predicate":{ "damage": 0.26585522101217224},"model": "item/No0398"},
		{"predicate":{ "damage": 0.266495836002563},"model": "item/No0416※"},
		{"predicate":{ "damage": 0.26713645099295374},"model": "item/No0340"},
		{"predicate":{ "damage": 0.2677770659833445},"model": "item/No0418※"},
		{"predicate":{ "damage": 0.26841768097373525},"model": "item/No0419※"},
		{"predicate":{ "damage": 0.269058295964126},"model": "item/No0420※"},
		{"predicate":{ "damage": 0.26969891095451676},"model": "item/No0311"},
		{"predicate":{ "damage": 0.2703395259449075},"model": "item/No0422※"},
		{"predicate":{ "damage": 0.27098014093529826},"model": "item/No0423※"},
		{"predicate":{ "damage": 0.271620755925689},"model": "item/No0424※"},
		{"predicate":{ "damage": 0.27226137091607977},"model": "item/No0425※"},
		{"predicate":{ "damage": 0.2729019859064705},"model": "item/No0426※"},
		{"predicate":{ "damage": 0.2735426008968613},"model": "item/No0427※"},
		{"predicate":{ "damage": 0.27418321588725203},"model": "item/No0428※"},
		{"predicate":{ "damage": 0.2748238308776428},"model": "item/No0429※"},
		{"predicate":{ "damage": 0.27546444586803354},"model": "item/No0430※"},
		{"predicate":{ "damage": 0.2761050608584243},"model": "item/No0431※"},
		{"predicate":{ "damage": 0.27674567584881504},"model": "item/No0531"},
		{"predicate":{ "damage": 0.2773862908392058},"model": "item/No0813"},
		{"predicate":{ "damage": 0.27802690582959655},"model": "item/No0434※"},
		{"predicate":{ "damage": 0.2786675208199873},"model": "item/No0435※"},
		{"predicate":{ "damage": 0.27930813581037806},"model": "item/No2093"},
		{"predicate":{ "damage": 0.2799487508007688},"model": "item/No0437※"},
		{"predicate":{ "damage": 0.28058936579115956},"model": "item/No0438※"},
		{"predicate":{ "damage": 0.2812299807815503},"model": "item/No0439※"},
		{"predicate":{ "damage": 0.28187059577194107},"model": "item/No0440※"},
		{"predicate":{ "damage": 0.2825112107623318},"model": "item/No0441※"},
		{"predicate":{ "damage": 0.2831518257527226},"model": "item/No0442※"},
		{"predicate":{ "damage": 0.28379244074311333},"model": "item/No0443※"},
		{"predicate":{ "damage": 0.2844330557335041},"model": "item/No0444※"},
		{"predicate":{ "damage": 0.28507367072389483},"model": "item/No0445※"},
		{"predicate":{ "damage": 0.2857142857142856},"model": "item/No0446※"},
		{"predicate":{ "damage": 0.28635490070467634},"model": "item/No0447※"},
		{"predicate":{ "damage": 0.2869955156950671},"model": "item/No0448※"},
		{"predicate":{ "damage": 0.28763613068545785},"model": "item/No0437"},
		{"predicate":{ "damage": 0.2882767456758486},"model": "item/No0450※"},
		{"predicate":{ "damage": 0.28891736066623935},"model": "item/No0451※"},
		{"predicate":{ "damage": 0.2895579756566301},"model": "item/No2076"},
		{"predicate":{ "damage": 0.29019859064702086},"model": "item/No0453※"},
		{"predicate":{ "damage": 0.2908392056374116},"model": "item/No0454※"},
		{"predicate":{ "damage": 0.29147982062780237},"model": "item/No0455※"},
		{"predicate":{ "damage": 0.2921204356181931},"model": "item/No0456※"},
		{"predicate":{ "damage": 0.2927610506085839},"model": "item/No0275"},
		{"predicate":{ "damage": 0.2934016655989746},"model": "item/No0458※"},
		{"predicate":{ "damage": 0.2940422805893654},"model": "item/No0459※"},
		{"predicate":{ "damage": 0.29468289557975613},"model": "item/No0460※"},
		{"predicate":{ "damage": 0.2953235105701469},"model": "item/No0554"},
		{"predicate":{ "damage": 0.29596412556053764},"model": "item/No0072"},
		{"predicate":{ "damage": 0.2966047405509284},"model": "item/No0463※"},
		{"predicate":{ "damage": 0.29724535554131915},"model": "item/No0551"},
		{"predicate":{ "damage": 0.2978859705317099},"model": "item/No0465※"},
		{"predicate":{ "damage": 0.29852658552210065},"model": "item/No0466※"},
		{"predicate":{ "damage": 0.2991672005124914},"model": "item/No0467※"},
		{"predicate":{ "damage": 0.29980781550288216},"model": "item/No0468※"},
		{"predicate":{ "damage": 0.3004484304932729},"model": "item/No0469※"},
		{"predicate":{ "damage": 0.30108904548366366},"model": "item/No0470※"},
		{"predicate":{ "damage": 0.3017296604740544},"model": "item/No0471※"},
		{"predicate":{ "damage": 0.30237027546444517},"model": "item/No0472※"},
		{"predicate":{ "damage": 0.3030108904548359},"model": "item/No0473※"},
		{"predicate":{ "damage": 0.3036515054452267},"model": "item/No1003"},
		{"predicate":{ "damage": 0.30429212043561743},"model": "item/No0475※"},
		{"predicate":{ "damage": 0.3049327354260082},"model": "item/No0153"},
		{"predicate":{ "damage": 0.30557335041639894},"model": "item/No0477※"},
		{"predicate":{ "damage": 0.3062139654067897},"model": "item/No2027"},
		{"predicate":{ "damage": 0.30685458039718044},"model": "item/No0479※"},
		{"predicate":{ "damage": 0.3074951953875712},"model": "item/No0480※"},
		{"predicate":{ "damage": 0.30813581037796195},"model": "item/No0481※"},
		{"predicate":{ "damage": 0.3087764253683527},"model": "item/No0482※"},
		{"predicate":{ "damage": 0.30941704035874346},"model": "item/No0483※"},
		{"predicate":{ "damage": 0.3100576553491342},"model": "item/No0484※"},
		{"predicate":{ "damage": 0.31069827033952496},"model": "item/No0485※"},
		{"predicate":{ "damage": 0.3113388853299157},"model": "item/No0486"},
		{"predicate":{ "damage": 0.31197950032030647},"model": "item/No0487※"},
		{"predicate":{ "damage": 0.3126201153106972},"model": "item/No0488※"},
		{"predicate":{ "damage": 0.313260730301088},"model": "item/No0489※"},
		{"predicate":{ "damage": 0.31390134529147873},"model": "item/No0490※"},
		{"predicate":{ "damage": 0.3145419602818695},"model": "item/No0902"},
		{"predicate":{ "damage": 0.31518257527226023},"model": "item/No0492※"},
		{"predicate":{ "damage": 0.315823190262651},"model": "item/No0493※"},
		{"predicate":{ "damage": 0.31646380525304174},"model": "item/No0494※"},
		{"predicate":{ "damage": 0.3171044202434325},"model": "item/No0495※"},
		{"predicate":{ "damage": 0.31774503523382325},"model": "item/No0496※"},
		{"predicate":{ "damage": 0.318385650224214},"model": "item/No0497※"},
		{"predicate":{ "damage": 0.31902626521460475},"model": "item/No0498※"},
		{"predicate":{ "damage": 0.3196668802049955},"model": "item/No0280"},
		{"predicate":{ "damage": 0.32030749519538626},"model": "item/No0406"},
		{"predicate":{ "damage": 0.320948110185777},"model": "item/No0501※"},
		{"predicate":{ "damage": 0.32158872517616777},"model": "item/No0502※"},
		{"predicate":{ "damage": 0.3222293401665585},"model": "item/No0503※"},
		{"predicate":{ "damage": 0.3228699551569493},"model": "item/No0913"},
		{"predicate":{ "damage": 0.32351057014734},"model": "item/No0505※"},
		{"predicate":{ "damage": 0.3241511851377308},"model": "item/No0560"},
		{"predicate":{ "damage": 0.32479180012812153},"model": "item/No0507※"},
		{"predicate":{ "damage": 0.3254324151185123},"model": "item/No0958"},
		{"predicate":{ "damage": 0.32607303010890304},"model": "item/No0509※"},
		{"predicate":{ "damage": 0.3267136450992938},"model": "item/No0510※"},
		{"predicate":{ "damage": 0.32735426008968455},"model": "item/No0557"},
		{"predicate":{ "damage": 0.3279948750800753},"model": "item/No0512※"},
		{"predicate":{ "damage": 0.32863549007046605},"model": "item/No0513※"},
		{"predicate":{ "damage": 0.3292761050608568},"model": "item/No0514※"},
		{"predicate":{ "damage": 0.32991672005124756},"model": "item/No0515※"},
		{"predicate":{ "damage": 0.3305573350416383},"model": "item/No0516※"},
		{"predicate":{ "damage": 0.33119795003202906},"model": "item/No0517※"},
		{"predicate":{ "damage": 0.3318385650224198},"model": "item/No0518※"},
		{"predicate":{ "damage": 0.33247918001281057},"model": "item/No0519※"},
		{"predicate":{ "damage": 0.3331197950032013},"model": "item/No0520※"},
		{"predicate":{ "damage": 0.3337604099935921},"model": "item/No0570"},
		{"predicate":{ "damage": 0.33440102498398283},"model": "item/No0522※"},
		{"predicate":{ "damage": 0.3350416399743736},"model": "item/No0173"},
		{"predicate":{ "damage": 0.33568225496476434},"model": "item/No0524※"},
		{"predicate":{ "damage": 0.3363228699551551},"model": "item/No0525※"},
		{"predicate":{ "damage": 0.33696348494554584},"model": "item/No0526※"},
		{"predicate":{ "damage": 0.3376040999359366},"model": "item/No0527※"},
		{"predicate":{ "damage": 0.33824471492632735},"model": "item/No0528※"},
		{"predicate":{ "damage": 0.3388853299167181},"model": "item/No0529※"},
		{"predicate":{ "damage": 0.33952594490710886},"model": "item/No0561"},
		{"predicate":{ "damage": 0.3401665598974996},"model": "item/No0531※"},
		{"predicate":{ "damage": 0.34080717488789036},"model": "item/No0532"},
		{"predicate":{ "damage": 0.3414477898782811},"model": "item/No0533※"},
		{"predicate":{ "damage": 0.34208840486867187},"model": "item/No0534※"},
		{"predicate":{ "damage": 0.3427290198590626},"model": "item/No0905"},
		{"predicate":{ "damage": 0.3433696348494534},"model": "item/No0536※"},
		{"predicate":{ "damage": 0.34401024983984413},"model": "item/No0573"},
		{"predicate":{ "damage": 0.3446508648302349},"model": "item/No0538※"},
		{"predicate":{ "damage": 0.34529147982062564},"model": "item/No0542"},
		{"predicate":{ "damage": 0.3459320948110164},"model": "item/No0025"},
		{"predicate":{ "damage": 0.34657270980140714},"model": "item/No0541※"},
		{"predicate":{ "damage": 0.3472133247917979},"model": "item/No0542※"},
		{"predicate":{ "damage": 0.34785393978218865},"model": "item/No0543※"},
		{"predicate":{ "damage": 0.3484945547725794},"model": "item/No0544※"},
		{"predicate":{ "damage": 0.34913516976297015},"model": "item/No0577"},
		{"predicate":{ "damage": 0.3497757847533609},"model": "item/No0456"},
		{"predicate":{ "damage": 0.35041639974375166},"model": "item/No0028"},
		{"predicate":{ "damage": 0.3510570147341424},"model": "item/No0856"},
		{"predicate":{ "damage": 0.35169762972453317},"model": "item/No0871"},
		{"predicate":{ "damage": 0.3523382447149239},"model": "item/No0550※"},
		{"predicate":{ "damage": 0.3529788597053147},"model": "item/No0347"},
		{"predicate":{ "damage": 0.3536194746957054},"model": "item/No0552※"},
		{"predicate":{ "damage": 0.3542600896860962},"model": "item/No0553※"},
		{"predicate":{ "damage": 0.35490070467648693},"model": "item/No0554※"},
		{"predicate":{ "damage": 0.3555413196668777},"model": "item/No0555※"},
		{"predicate":{ "damage": 0.35618193465726844},"model": "item/No0556※"},
		{"predicate":{ "damage": 0.3568225496476592},"model": "item/No0557※"},
		{"predicate":{ "damage": 0.35746316463804995},"model": "item/No0558※"},
		{"predicate":{ "damage": 0.3581037796284407},"model": "item/No0559※"},
		{"predicate":{ "damage": 0.35874439461883145},"model": "item/No0560※"},
		{"predicate":{ "damage": 0.3593850096092222},"model": "item/No1041"},
		{"predicate":{ "damage": 0.36002562459961296},"model": "item/No0702"},
		{"predicate":{ "damage": 0.3606662395900037},"model": "item/No0563※"},
		{"predicate":{ "damage": 0.36130685458039447},"model": "item/No0564※"},
		{"predicate":{ "damage": 0.3619474695707852},"model": "item/No0565※"},
		{"predicate":{ "damage": 0.36258808456117597},"model": "item/No0566※"},
		{"predicate":{ "damage": 0.3632286995515667},"model": "item/No0567※"},
		{"predicate":{ "damage": 0.3638693145419575},"model": "item/No0568※"},
		{"predicate":{ "damage": 0.36450992953234823},"model": "item/No0569※"},
		{"predicate":{ "damage": 0.365150544522739},"model": "item/No0570※"},
		{"predicate":{ "damage": 0.36579115951312974},"model": "item/No0571※"},
		{"predicate":{ "damage": 0.3664317745035205},"model": "item/No0572※"},
		{"predicate":{ "damage": 0.36707238949391124},"model": "item/No0573※"},
		{"predicate":{ "damage": 0.367713004484302},"model": "item/No0574※"},
		{"predicate":{ "damage": 0.36835361947469275},"model": "item/No0575※"},
		{"predicate":{ "damage": 0.3689942344650835},"model": "item/No0576※"},
		{"predicate":{ "damage": 0.36963484945547426},"model": "item/No0577※"},
		{"predicate":{ "damage": 0.370275464445865},"model": "item/No0578※"},
		{"predicate":{ "damage": 0.37091607943625576},"model": "item/No0579※"},
		{"predicate":{ "damage": 0.3715566944266465},"model": "item/No0580※"},
		{"predicate":{ "damage": 0.37219730941703727},"model": "item/No0450"},
		{"predicate":{ "damage": 0.372837924407428},"model": "item/No0582※"},
		{"predicate":{ "damage": 0.3734785393978188},"model": "item/No0113"},
		{"predicate":{ "damage": 0.37411915438820953},"model": "item/No0584※"},
		{"predicate":{ "damage": 0.3747597693786003},"model": "item/No0585※"},
		{"predicate":{ "damage": 0.37540038436899104},"model": "item/No0089"},
		{"predicate":{ "damage": 0.3760409993593818},"model": "item/No0587※"},
		{"predicate":{ "damage": 0.37668161434977254},"model": "item/No0588※"},
		{"predicate":{ "damage": 0.3773222293401633},"model": "item/No0589※"},
		{"predicate":{ "damage": 0.37796284433055405},"model": "item/No0833"},
		{"predicate":{ "damage": 0.3786034593209448},"model": "item/No0591※"},
		{"predicate":{ "damage": 0.37924407431133556},"model": "item/No0592※"},
		{"predicate":{ "damage": 0.3798846893017263},"model": "item/No0593※"},
		{"predicate":{ "damage": 0.38052530429211706},"model": "item/No0218"},
		{"predicate":{ "damage": 0.3811659192825078},"model": "item/No0595※"},
		{"predicate":{ "damage": 0.38180653427289857},"model": "item/No0596※"},
		{"predicate":{ "damage": 0.3824471492632893},"model": "item/No0597※"},
		{"predicate":{ "damage": 0.3830877642536801},"model": "item/No0598※"},
		{"predicate":{ "damage": 0.3837283792440708},"model": "item/No0599※"},
		{"predicate":{ "damage": 0.3843689942344616},"model": "item/No0600※"},
		{"predicate":{ "damage": 0.38500960922485233},"model": "item/No0601※"},
		{"predicate":{ "damage": 0.3856502242152431},"model": "item/No0602※"},
		{"predicate":{ "damage": 0.38629083920563384},"model": "item/No0603※"},
		{"predicate":{ "damage": 0.3869314541960246},"model": "item/No0191"},
		{"predicate":{ "damage": 0.38757206918641535},"model": "item/No0093"},
		{"predicate":{ "damage": 0.3882126841768061},"model": "item/No0606※"},
		{"predicate":{ "damage": 0.38885329916719685},"model": "item/No0607※"},
		{"predicate":{ "damage": 0.3894939141575876},"model": "item/No0608※"},
		{"predicate":{ "damage": 0.39013452914797836},"model": "item/No0609※"},
		{"predicate":{ "damage": 0.3907751441383691},"model": "item/No0261"},
		{"predicate":{ "damage": 0.39141575912875987},"model": "item/No0611※"},
		{"predicate":{ "damage": 0.3920563741191506},"model": "item/No1092"},
		{"predicate":{ "damage": 0.3926969891095414},"model": "item/No0613※"},
		{"predicate":{ "damage": 0.3933376040999321},"model": "item/No0614※"},
		{"predicate":{ "damage": 0.3939782190903229},"model": "item/No0298"},
		{"predicate":{ "damage": 0.39461883408071363},"model": "item/No0440"},
		{"predicate":{ "damage": 0.3952594490711044},"model": "item/No0617※"},
		{"predicate":{ "damage": 0.39590006406149514},"model": "item/No0150"},
		{"predicate":{ "damage": 0.3965406790518859},"model": "item/No0619※"},
		{"predicate":{ "damage": 0.39718129404227664},"model": "item/No0620※"},
		{"predicate":{ "damage": 0.3978219090326674},"model": "item/No0304"},
		{"predicate":{ "damage": 0.39846252402305815},"model": "item/No0622※"},
		{"predicate":{ "damage": 0.3991031390134489},"model": "item/No0623※"},
		{"predicate":{ "damage": 0.39974375400383966},"model": "item/No0624※"},
		{"predicate":{ "damage": 0.4003843689942304},"model": "item/No0625※"},
		{"predicate":{ "damage": 0.40102498398462116},"model": "item/No0443"},
		{"predicate":{ "damage": 0.4016655989750119},"model": "item/No0627※"},
		{"predicate":{ "damage": 0.40230621396540267},"model": "item/No0628※"},
		{"predicate":{ "damage": 0.4029468289557934},"model": "item/No0447"},
		{"predicate":{ "damage": 0.4035874439461842},"model": "item/No0630※"},
		{"predicate":{ "damage": 0.40422805893657493},"model": "item/No0631※"},
		{"predicate":{ "damage": 0.4048686739269657},"model": "item/No0632※"},
		{"predicate":{ "damage": 0.40550928891735644},"model": "item/No0094"},
		{"predicate":{ "damage": 0.4061499039077472},"model": "item/No0634※"},
		{"predicate":{ "damage": 0.40679051889813794},"model": "item/No0635※"},
		{"predicate":{ "damage": 0.4074311338885287},"model": "item/No0636※"},
		{"predicate":{ "damage": 0.40807174887891945},"model": "item/No0637※"},
		{"predicate":{ "damage": 0.4087123638693102},"model": "item/No0638※"},
		{"predicate":{ "damage": 0.40935297885970096},"model": "item/No0639※"},
		{"predicate":{ "damage": 0.4099935938500917},"model": "item/No0640※"},
		{"predicate":{ "damage": 0.41063420884048246},"model": "item/No0641※"},
		{"predicate":{ "damage": 0.4112748238308732},"model": "item/No0642※"},
		{"predicate":{ "damage": 0.41191543882126397},"model": "item/No0643※"},
		{"predicate":{ "damage": 0.4125560538116547},"model": "item/No0644※"},
		{"predicate":{ "damage": 0.4131966688020455},"model": "item/No0645※"},
		{"predicate":{ "damage": 0.41383728379243623},"model": "item/No0646※"},
		{"predicate":{ "damage": 0.414477898782827},"model": "item/No0647※"},
		{"predicate":{ "damage": 0.41511851377321773},"model": "item/No0357"},
		{"predicate":{ "damage": 0.4157591287636085},"model": "item/No1332"},
		{"predicate":{ "damage": 0.41639974375399924},"model": "item/No0650※"},
		{"predicate":{ "damage": 0.41704035874439},"model": "item/No0581"},
		{"predicate":{ "damage": 0.41768097373478075},"model": "item/No1245"},
		{"predicate":{ "damage": 0.4183215887251715},"model": "item/No0653※"},
		{"predicate":{ "damage": 0.41896220371556225},"model": "item/No0654※"},
		{"predicate":{ "damage": 0.419602818705953},"model": "item/No0655※"},
		{"predicate":{ "damage": 0.42024343369634376},"model": "item/No0656※"},
		{"predicate":{ "damage": 0.4208840486867345},"model": "item/No0657※"},
		{"predicate":{ "damage": 0.42152466367712527},"model": "item/No0658※"},
		{"predicate":{ "damage": 0.422165278667516},"model": "item/No0659※"},
		{"predicate":{ "damage": 0.4228058936579068},"model": "item/No0660※"},
		{"predicate":{ "damage": 0.4234465086482975},"model": "item/No0661※"},
		{"predicate":{ "damage": 0.4240871236386883},"model": "item/No0662※"},
		{"predicate":{ "damage": 0.42472773862907903},"model": "item/No0663※"},
		{"predicate":{ "damage": 0.4253683536194698},"model": "item/No0664※"},
		{"predicate":{ "damage": 0.42600896860986054},"model": "item/No0665※"},
		{"predicate":{ "damage": 0.4266495836002513},"model": "item/No0666※"},
		{"predicate":{ "damage": 0.42729019859064205},"model": "item/No0667※"},
		{"predicate":{ "damage": 0.4279308135810328},"model": "item/No0668※"},
		{"predicate":{ "damage": 0.42857142857142355},"model": "item/No0669※"},
		{"predicate":{ "damage": 0.4292120435618143},"model": "item/No0670※"},
		{"predicate":{ "damage": 0.42985265855220506},"model": "item/No0671※"},
		{"predicate":{ "damage": 0.4304932735425958},"model": "item/No1152"},
		{"predicate":{ "damage": 0.43113388853298656},"model": "item/No0673※"},
		{"predicate":{ "damage": 0.4317745035233773},"model": "item/No0674※"},
		{"predicate":{ "damage": 0.43241511851376807},"model": "item/No0675※"},
		{"predicate":{ "damage": 0.4330557335041588},"model": "item/No0676※"},
		{"predicate":{ "damage": 0.4336963484945496},"model": "item/No0677※"},
		{"predicate":{ "damage": 0.43433696348494033},"model": "item/No0678※"},
		{"predicate":{ "damage": 0.4349775784753311},"model": "item/No0679※"},
		{"predicate":{ "damage": 0.43561819346572184},"model": "item/No0680※"},
		{"predicate":{ "damage": 0.4362588084561126},"model": "item/No0681※"},
		{"predicate":{ "damage": 0.43689942344650334},"model": "item/No0682※"},
		{"predicate":{ "damage": 0.4375400384368941},"model": "item/No0683※"},
		{"predicate":{ "damage": 0.43818065342728485},"model": "item/No0684※"},
		{"predicate":{ "damage": 0.4388212684176756},"model": "item/No0685※"},
		{"predicate":{ "damage": 0.43946188340806636},"model": "item/No0686※"},
		{"predicate":{ "damage": 0.4401024983984571},"model": "item/No0687※"},
		{"predicate":{ "damage": 0.44074311338884786},"model": "item/No0688※"},
		{"predicate":{ "damage": 0.4413837283792386},"model": "item/No0689※"},
		{"predicate":{ "damage": 0.44202434336962937},"model": "item/No0690※"},
		{"predicate":{ "damage": 0.4426649583600201},"model": "item/No0691※"},
		{"predicate":{ "damage": 0.4433055733504109},"model": "item/No0692※"},
		{"predicate":{ "damage": 0.44394618834080163},"model": "item/No0693※"},
		{"predicate":{ "damage": 0.4445868033311924},"model": "item/No0694※"},
		{"predicate":{ "damage": 0.44522741832158313},"model": "item/No0695※"},
		{"predicate":{ "damage": 0.4458680333119739},"model": "item/No0696※"},
		{"predicate":{ "damage": 0.44650864830236464},"model": "item/No0380"},
		{"predicate":{ "damage": 0.4471492632927554},"model": "item/No0698※"},
		{"predicate":{ "damage": 0.44778987828314615},"model": "item/No0228"},
		{"predicate":{ "damage": 0.4484304932735369},"model": "item/No0700※"},
		{"predicate":{ "damage": 0.44907110826392765},"model": "item/No0701※"},
		{"predicate":{ "damage": 0.4497117232543184},"model": "item/No0045"},
		{"predicate":{ "damage": 0.45035233824470916},"model": "item/No0703※"},
		{"predicate":{ "damage": 0.4509929532350999},"model": "item/No0305"},
		{"predicate":{ "damage": 0.45163356822549067},"model": "item/No0353"},
		{"predicate":{ "damage": 0.4522741832158814},"model": "item/No0219"},
		{"predicate":{ "damage": 0.4529147982062722},"model": "item/No0707※"},
		{"predicate":{ "damage": 0.4535554131966629},"model": "item/No0708※"},
		{"predicate":{ "damage": 0.4541960281870537},"model": "item/No0709※"},
		{"predicate":{ "damage": 0.45483664317744443},"model": "item/No0710※"},
		{"predicate":{ "damage": 0.4554772581678352},"model": "item/No0711※"},
		{"predicate":{ "damage": 0.45611787315822594},"model": "item/No0712※"},
		{"predicate":{ "damage": 0.4567584881486167},"model": "item/No0713※"},
		{"predicate":{ "damage": 0.45739910313900745},"model": "item/No0301"},
		{"predicate":{ "damage": 0.4580397181293982},"model": "item/No0321"},
		{"predicate":{ "damage": 0.45868033311978895},"model": "item/No0716※"},
		{"predicate":{ "damage": 0.4593209481101797},"model": "item/No0717※"},
		{"predicate":{ "damage": 0.45996156310057046},"model": "item/No0718※"},
		{"predicate":{ "damage": 0.4606021780909612},"model": "item/No0377"},
		{"predicate":{ "damage": 0.46124279308135196},"model": "item/No0720※"},
		{"predicate":{ "damage": 0.4618834080717427},"model": "item/No0721"},
		{"predicate":{ "damage": 0.46252402306213347},"model": "item/No0722※"},
		{"predicate":{ "damage": 0.4631646380525242},"model": "item/No0723※"},
		{"predicate":{ "damage": 0.463805253042915},"model": "item/No0724※"},
		{"predicate":{ "damage": 0.46444586803330573},"model": "item/No2026"},
		{"predicate":{ "damage": 0.4650864830236965},"model": "item/No0726※"},
		{"predicate":{ "damage": 0.46572709801408724},"model": "item/No2126"},
		{"predicate":{ "damage": 0.466367713004478},"model": "item/No0728※"},
		{"predicate":{ "damage": 0.46700832799486874},"model": "item/No0180"},
		{"predicate":{ "damage": 0.4676489429852595},"model": "item/No0730※"},
		{"predicate":{ "damage": 0.46828955797565025},"model": "item/No0731※"},
		{"predicate":{ "damage": 0.468930172966041},"model": "item/No0732※"},
		{"predicate":{ "damage": 0.46957078795643176},"model": "item/No0733※"},
		{"predicate":{ "damage": 0.4702114029468225},"model": "item/No0734※"},
		{"predicate":{ "damage": 0.47085201793721326},"model": "item/No0735※"},
		{"predicate":{ "damage": 0.471492632927604},"model": "item/No0736※"},
		{"predicate":{ "damage": 0.47213324791799477},"model": "item/No0175"},
		{"predicate":{ "damage": 0.4727738629083855},"model": "item/No0738※"},
		{"predicate":{ "damage": 0.4734144778987763},"model": "item/No0739※"},
		{"predicate":{ "damage": 0.47405509288916703},"model": "item/No0740※"},
		{"predicate":{ "damage": 0.4746957078795578},"model": "item/No0741※"},
		{"predicate":{ "damage": 0.47533632286994854},"model": "item/No0742※"},
		{"predicate":{ "damage": 0.4759769378603393},"model": "item/No0743※"},
		{"predicate":{ "damage": 0.47661755285073004},"model": "item/No0744※"},
		{"predicate":{ "damage": 0.4772581678411208},"model": "item/No0745※"},
		{"predicate":{ "damage": 0.47789878283151155},"model": "item/No0183"},
		{"predicate":{ "damage": 0.4785393978219023},"model": "item/No0747※"},
		{"predicate":{ "damage": 0.47918001281229305},"model": "item/No0748※"},
		{"predicate":{ "damage": 0.4798206278026838},"model": "item/No0310"},
		{"predicate":{ "damage": 0.48046124279307456},"model": "item/No0185"}
	]
}