{
"__comment": "Designed by 1e938Naoxia with BDcraft Cubik PRO 0.96 Beta - http://bdcraft.net",
"textures": {
    "No0001": "items/No0001",
    "No0121": "items/No0121",
    "No0123": "items/No0123"
},
"elements": [ 
{
    "from": [ 6, 0.5, 4 ],
    "to": [ 9.5, 3.5, 6 ],
    "faces": {
        "down":  { "uv": [ 9, 3, 6, 0 ], "texture": "#No0121" },
        "up":    { "uv": [ 3, 0, 6, 3 ], "texture": "#No0121" },
        "north": { "uv": [ 3, 3, 6, 6 ], "texture": "#No0121" },
        "south": { "uv": [ 9, 3, 12, 6 ], "texture": "#No0121" },
        "west":  { "uv": [ 6, 3, 9, 6 ], "texture": "#No0121" },
        "east":  { "uv": [ 0, 3, 3, 6 ], "texture": "#No0121" }
    }
},
{
    "from": [ 6, 0.5, -3.5 ],
    "to": [ 9.5, 3.5, 4 ],
    "faces": {
        "down":  { "uv": [ 12, 4, 8, 0 ], "texture": "#No0123" },
        "up":    { "uv": [ 0, 0, 4, 4 ], "texture": "#No0123" },
        "north": { "uv": [ 4, 8, 8, 12 ], "texture": "#No0123" },
        "south": { "uv": [ 6, 3, 8, 5.5 ], "texture": "#No0123" },
        "west":  { "uv": [ 0, 4, 4, 8 ], "texture": "#No0123" },
        "east":  { "uv": [ 8, 4, 12, 8 ], "texture": "#No0123" }
    }
},
{
    "from": [ 6.5, 1, 6 ],
    "to": [ 9, 3, 9 ],
    "faces": {
        "down":  { "uv": [ 9, 3, 6, 0 ], "texture": "#No0121" },
        "up":    { "uv": [ 3, 0, 6, 3 ], "texture": "#No0121" },
        "north": { "uv": [ 6, 12, 11, 16 ], "texture": "#No0121" },
        "south": { "uv": [ 11, 6, 16, 10 ], "texture": "#No0121" },
        "west":  { "uv": [ 6, 3, 9, 6 ], "texture": "#No0121" },
        "east":  { "uv": [ 0, 3, 3, 6 ], "texture": "#No0121" }
    }
}
],
"display": {
    "thirdperson_righthand": {
        "rotation": [ -41, 7, 170 ],
        "translation": [ -5.86, -8.13, 10.2 ],
        "scale": [ 0.69, 0.91, 0.82 ]
    },
    "thirdperson_lefthand": {
        "rotation": [ 65, 0, 0 ],
        "translation": [ -6.8, 4.91, 20.22 ],
        "scale": [ 0.66, -0.09, 0.57 ]
    },
    "head": {
        "rotation": [ 0, 0, 0 ],
        "translation": [ 1.13, -19.65, 4.91 ],
        "scale": [ 4, 4, 4 ]
    },
    "ground": {
        "rotation": [ 0, 0, 0 ],
        "translation": [ 0, -6.8, 0 ],
        "scale": [ 0.13, 0.19, 0.32 ]
    },
    "fixed": {
        "rotation": [ 0, 0, 0 ],
        "translation": [ 0, 0, 0 ],
        "scale": [ 0.38, 0.25, 0.16 ]
    },
    "firstperson_righthand": {
        "rotation": [ 0, 0, 0 ],
        "translation": [ 0, -5.29, 0 ],
        "scale": [ 1, 1, 1 ]
    },
    "firstperson_lefthand": {
        "rotation": [ 0, 0, 0 ],
        "translation": [ 0, -5.1, 0 ],
        "scale": [ 1, 1, 1 ]
    },
    "gui": {
        "rotation": [ 0, 0, 0 ],
        "translation": [ 8.31, 7.94, 0 ],
        "scale": [ 0.19, 1, 1 ]
    }
}
}