{
"__comment": "Designed by 1e938Naoxia with BDcraft Cubik PRO 0.96 Beta - http://bdcraft.net",
"textures": {
    "No0001": "items/No0001",
    "No0121": "items/No0121",
    "No0123": "items/No0123"
},
"elements": [ 
{
    "from": [ 6, 1.5, 4 ],
    "to": [ 9.5, 3.5, 6 ],
    "faces": {
        "down":  { "uv": [ 9, 2.5, 7.5, 0.5 ], "texture": "#No0121" },
        "up":    { "uv": [ 3, 0, 5, 2.5 ], "texture": "#No0121" },
        "north": { "uv": [ 3, 3, 5, 5.5 ], "texture": "#No0121" },
        "south": { "uv": [ 9, 3, 12, 6 ], "texture": "#No0121" },
        "west":  { "uv": [ 6, 3, 7.5, 4 ], "texture": "#No0121" },
        "east":  { "uv": [ 0, 3, 3, 4 ], "texture": "#No0121" }
    }
},
{
    "from": [ 6, 0.5, -1.5 ],
    "to": [ 9.5, 3.5, 4 ],
    "faces": {
        "down":  { "uv": [ 11, 8, 8.5, 4.5 ], "texture": "#No0123" },
        "up":    { "uv": [ 0.5, 0, 3.5, 4.5 ], "texture": "#No0123" },
        "north": { "uv": [ 4, 8, 6.5, 10.5 ], "texture": "#No0123" },
        "south": { "uv": [ 7.5, 2, 9.5, 4.5 ], "texture": "#No0123" },
        "west":  { "uv": [ 0, 4, 4, 7 ], "texture": "#No0123" },
        "east":  { "uv": [ 8, 6, 11.5, 8.5 ], "texture": "#No0123" }
    }
},
{
    "from": [ 6.5, 0.5, 6 ],
    "to": [ 9, 3, 8.5 ],
    "faces": {
        "down":  { "uv": [ 9, 3, 7, 1 ], "texture": "#No0121" },
        "up":    { "uv": [ 6, 3, 8.5, 4 ], "texture": "#No0121" },
        "north": { "uv": [ 6, 12, 8.5, 12 ], "rotation": 90, "texture": "#No0121" },
        "south": { "uv": [ 11, 6, 13.5, 7 ], "texture": "#No0121" },
        "west":  { "uv": [ 7, 2.5, 8.5, 6 ], "texture": "#No0121" },
        "east":  { "uv": [ 1, 2, 2.5, 5 ], "texture": "#No0121" }
    }
}
],
"display": {
    "thirdperson_righthand": {
        "rotation": [ 102, 99, 0 ],
        "translation": [ -1.7, 0.76, 2.08 ],
        "scale": [ 0.3, 0.3, 0.3 ]
    },
    "thirdperson_lefthand": {
        "rotation": [ 102, 88, 0 ],
        "translation": [ 2.83, 0.19, 2.46 ],
        "scale": [ 0.3, 0.3, 0.3 ]
    },
    "head": {
        "rotation": [ 24, -61, 17 ],
        "translation": [ 5.86, -18.71, -3.78 ],
        "scale": [ 1, 1, 1 ]
    },
    "ground": {
        "rotation": [ 86, 0, 0 ],
        "translation": [ 0, 4.54, 0 ],
        "scale": [ 1, 1, 1 ]
    },
    "fixed": {
        "rotation": [ 64, -17, -159 ],
        "translation": [ 1.7, 0, 0 ],
        "scale": [ 1, 1, 1 ]
    },
    "firstperson_righthand": {
        "rotation": [ 65, 7, 0 ],
        "translation": [ 0, -0.57, 0 ],
        "scale": [ 1, 1, 1 ]
    },
    "firstperson_lefthand": {
        "rotation": [ 65, 7, 0 ],
        "translation": [ 0, -0.57, 0 ],
        "scale": [ 1, 1, 1 ]
    },
    "gui": {
        "rotation": [ 78, -54, -3 ],
        "translation": [ -3.97, -2.08, 0.19 ],
        "scale": [ 1, 1, 1 ]
    }
}
}