{
"__comment": "Designed by Naoxia with BDcraft Cubik PRO 0.96 Beta - http://bdcraft.net",
"textures": {
    "prismarine_rough": "blocks/prismarine_rough",
    "repeating_command_block_back": "blocks/repeating_command_block_back",
    "iron_block": "blocks/iron_block",
    "door_iron_lower": "blocks/door_iron_lower",
    "lava_flow": "blocks/lava_flow",
    "ice_packed": "blocks/ice_packed"
},
"elements": [ 
{
    "__comment": "body",
    "from": [ 8, -1.5, 8 ],
    "to": [ 8.5, -0.5, 8.5 ],
    "faces": {
        "north": { "uv": [ 0, 0, 16, 16 ], "texture": "#prismarine_rough" },
        "south": { "uv": [ 0, 0, 16, 16 ], "texture": "#prismarine_rough" },
        "west":  { "uv": [ 0, 0, 16, 16 ], "texture": "#prismarine_rough" },
        "east":  { "uv": [ 0, 0, 16, 16 ], "texture": "#prismarine_rough" }
    }
},
{
    "__comment": "body",
    "from": [ 7.5, -0.5, 7.5 ],
    "to": [ 9, 1, 9 ],
    "faces": {
        "north": { "uv": [ 7, 15, 8.5, 16 ], "texture": "#prismarine_rough" },
        "south": { "uv": [ 7.5, 15, 9, 16 ], "texture": "#prismarine_rough" },
        "west":  { "uv": [ 7.5, 15, 9, 16 ], "texture": "#prismarine_rough" },
        "east":  { "uv": [ 7, 15, 8.5, 16 ], "texture": "#prismarine_rough" }
    }
},
{
    "__comment": "body",
    "from": [ 7, 1, 7 ],
    "to": [ 9.5, 2, 9.5 ],
    "faces": {
        "north": { "uv": [ 6.5, 14, 9, 15 ], "texture": "#prismarine_rough" },
        "south": { "uv": [ 7, 14, 9.5, 15 ], "texture": "#prismarine_rough" },
        "west":  { "uv": [ 7, 14, 9.5, 15 ], "texture": "#prismarine_rough" },
        "east":  { "uv": [ 6.5, 14, 9, 15 ], "texture": "#prismarine_rough" }
    }
},
{
    "__comment": "body",
    "from": [ 6.5, 2, 6.5 ],
    "to": [ 10, 3, 10 ],
    "faces": {
        "north": { "uv": [ 6, 13, 9.5, 14 ], "texture": "#prismarine_rough" },
        "south": { "uv": [ 6.5, 13, 10, 14 ], "texture": "#prismarine_rough" },
        "west":  { "uv": [ 6.5, 13, 10, 14 ], "texture": "#prismarine_rough" },
        "east":  { "uv": [ 6, 13, 9.5, 14 ], "texture": "#prismarine_rough" }
    }
},
{
    "__comment": "body",
    "from": [ 4.5, 3, 4.5 ],
    "to": [ 12, 3.5, 12 ],
    "faces": {
        "north": { "uv": [ 4, 12.5, 11.5, 13 ], "texture": "#prismarine_rough" },
        "south": { "uv": [ 4.5, 12.5, 12, 13 ], "texture": "#prismarine_rough" },
        "west":  { "uv": [ 4.5, 12.5, 12, 13 ], "texture": "#prismarine_rough" },
        "east":  { "uv": [ 4, 12.5, 11.5, 13 ], "texture": "#prismarine_rough" }
    }
},
{
    "__comment": "body",
    "from": [ 6, 5.5, 6 ],
    "to": [ 10.5, 9.5, 10.5 ],
    "faces": {
        "down":  { "uv": [ 10, 10.5, 5.5, 6 ], "texture": "#prismarine_rough" },
        "up":    { "uv": [ 6, 6, 10.5, 10.5 ], "texture": "#prismarine_rough" },
        "north": { "uv": [ 5.5, 6.5, 10, 10.5 ], "texture": "#prismarine_rough" },
        "south": { "uv": [ 6, 6.5, 10.5, 10.5 ], "texture": "#prismarine_rough" },
        "west":  { "uv": [ 6, 6.5, 10.5, 10.5 ], "texture": "#prismarine_rough" },
        "east":  { "uv": [ 5.5, 6.5, 10, 10.5 ], "texture": "#prismarine_rough" }
    }
},
{
    "__comment": "body",
    "from": [ 6.5, 9.5, 6 ],
    "to": [ 10, 13, 9 ],
    "faces": {
        "down":  { "uv": [ 9.5, 9, 6, 6 ], "texture": "#prismarine_rough" },
        "up":    { "uv": [ 6.5, 6, 10, 9 ], "texture": "#prismarine_rough" },
        "north": { "uv": [ 6, 3, 9.5, 6.5 ], "texture": "#prismarine_rough" },
        "south": { "uv": [ 6.5, 3, 10, 6.5 ], "texture": "#prismarine_rough" },
        "west":  { "uv": [ 6, 3, 9, 6.5 ], "texture": "#prismarine_rough" },
        "east":  { "uv": [ 7, 3, 10, 6.5 ], "texture": "#prismarine_rough" }
    }
},
{
    "__comment": "body",
    "from": [ 9, 9.5, 9 ],
    "to": [ 12, 12, 10.5 ],
    "rotation": { "origin": [ 9, 12, 9 ], "axis": "z", "angle": -22.5 },
    "faces": {
        "down":  { "uv": [ 10.5, 10.5, 7.5, 9 ], "texture": "#prismarine_rough" },
        "up":    { "uv": [ 5.5, 9, 8.5, 10.5 ], "texture": "#prismarine_rough" },
        "north": { "uv": [ 7.5, 4, 10.5, 6.5 ], "texture": "#prismarine_rough" },
        "south": { "uv": [ 5.5, 4, 8.5, 6.5 ], "texture": "#prismarine_rough" },
        "west":  { "uv": [ 9, 4, 10.5, 6.5 ], "texture": "#prismarine_rough" },
        "east":  { "uv": [ 5.5, 4, 7, 6.5 ], "texture": "#prismarine_rough" }
    }
},
{
    "__comment": "body",
    "from": [ 4.7, 8.4, 9 ],
    "to": [ 7.7, 10.9, 10.5 ],
    "rotation": { "origin": [ 4.7, 10.9, 9 ], "axis": "z", "angle": 22.5 },
    "faces": {
        "down":  { "uv": [ 10.5, 10.5, 7.5, 9 ], "texture": "#prismarine_rough" },
        "up":    { "uv": [ 5.5, 9, 8.5, 10.5 ], "texture": "#prismarine_rough" },
        "north": { "uv": [ 7.5, 4, 10.5, 6.5 ], "texture": "#prismarine_rough" },
        "south": { "uv": [ 5.5, 4, 8.5, 6.5 ], "texture": "#prismarine_rough" },
        "west":  { "uv": [ 9, 4, 10.5, 6.5 ], "texture": "#prismarine_rough" },
        "east":  { "uv": [ 5.5, 4, 7, 6.5 ], "texture": "#prismarine_rough" }
    }
},
{
    "__comment": "body",
    "from": [ 9, 11.4, 9.3 ],
    "to": [ 12, 13.9, 10.8 ],
    "rotation": { "origin": [ 9, 13.9, 9.3 ], "axis": "z", "angle": -22.5 },
    "faces": {
        "down":  { "uv": [ 10.5, 10.5, 7.5, 9 ], "texture": "#prismarine_rough" },
        "up":    { "uv": [ 5.5, 9, 8.5, 10.5 ], "texture": "#prismarine_rough" },
        "north": { "uv": [ 7.5, 4, 10.5, 6.5 ], "texture": "#prismarine_rough" },
        "south": { "uv": [ 5.5, 4, 8.5, 6.5 ], "texture": "#prismarine_rough" },
        "west":  { "uv": [ 9, 4, 10.5, 6.5 ], "texture": "#prismarine_rough" },
        "east":  { "uv": [ 5.5, 4, 7, 6.5 ], "texture": "#prismarine_rough" }
    }
},
{
    "__comment": "body",
    "from": [ 4.7, 10.3, 9.3 ],
    "to": [ 7.7, 12.8, 10.8 ],
    "rotation": { "origin": [ 4.7, 12.8, 9.3 ], "axis": "z", "angle": 22.5 },
    "faces": {
        "down":  { "uv": [ 10.5, 10.5, 7.5, 9 ], "texture": "#prismarine_rough" },
        "up":    { "uv": [ 5.5, 9, 8.5, 10.5 ], "texture": "#prismarine_rough" },
        "north": { "uv": [ 7.5, 4, 10.5, 6.5 ], "texture": "#prismarine_rough" },
        "south": { "uv": [ 5.5, 4, 8.5, 6.5 ], "texture": "#prismarine_rough" },
        "west":  { "uv": [ 9, 4, 10.5, 6.5 ], "texture": "#prismarine_rough" },
        "east":  { "uv": [ 5.5, 4, 7, 6.5 ], "texture": "#prismarine_rough" }
    }
},
{
    "__comment": "body",
    "from": [ 9, 12.7, 9.6 ],
    "to": [ 12, 15.2, 11.1 ],
    "rotation": { "origin": [ 9, 15.2, 9.6 ], "axis": "z", "angle": -22.5 },
    "faces": {
        "down":  { "uv": [ 10.5, 10.5, 7.5, 9 ], "texture": "#prismarine_rough" },
        "up":    { "uv": [ 5.5, 9, 8.5, 10.5 ], "texture": "#prismarine_rough" },
        "north": { "uv": [ 7.5, 4, 10.5, 6.5 ], "texture": "#prismarine_rough" },
        "south": { "uv": [ 5.5, 4, 8.5, 6.5 ], "texture": "#prismarine_rough" },
        "west":  { "uv": [ 9, 4, 10.5, 6.5 ], "texture": "#prismarine_rough" },
        "east":  { "uv": [ 5.5, 4, 7, 6.5 ], "texture": "#prismarine_rough" }
    }
},
{
    "__comment": "body",
    "from": [ 4.7, 11.6, 9.6 ],
    "to": [ 7.7, 14.1, 11.1 ],
    "rotation": { "origin": [ 4.7, 14.1, 9.6 ], "axis": "z", "angle": 22.5 },
    "faces": {
        "down":  { "uv": [ 10.5, 10.5, 7.5, 9 ], "texture": "#prismarine_rough" },
        "up":    { "uv": [ 5.5, 9, 8.5, 10.5 ], "texture": "#prismarine_rough" },
        "north": { "uv": [ 7.5, 4, 10.5, 6.5 ], "texture": "#prismarine_rough" },
        "south": { "uv": [ 5.5, 4, 8.5, 6.5 ], "texture": "#prismarine_rough" },
        "west":  { "uv": [ 9, 4, 10.5, 6.5 ], "texture": "#prismarine_rough" },
        "east":  { "uv": [ 5.5, 4, 7, 6.5 ], "texture": "#prismarine_rough" }
    }
},
{
    "__comment": "body",
    "from": [ 4, 12, 4.5 ],
    "to": [ 12.5, 17.5, 9.5 ],
    "faces": {
        "down":  { "uv": [ 0, 0, 16, 16 ], "texture": "#prismarine_rough" },
        "up":    { "uv": [ 0, 0, 16, 16 ], "texture": "#prismarine_rough" },
        "north": { "uv": [ 0, 0, 16, 16 ], "texture": "#prismarine_rough" },
        "south": { "uv": [ 0, 0, 16, 16 ], "texture": "#prismarine_rough" },
        "west":  { "uv": [ 0, 0, 16, 16 ], "texture": "#prismarine_rough" },
        "east":  { "uv": [ 0, 0, 16, 16 ], "texture": "#prismarine_rough" }
    }
},
{
    "__comment": "body",
    "from": [ 3.4, 15, 8.5 ],
    "to": [ 6.4, 17.5, 11.5 ],
    "rotation": { "origin": [ 3.4, 17.5, 8.5 ], "axis": "z", "angle": -22.5 },
    "faces": {
        "down":  { "uv": [ 13.5, 11.5, 7.5, 8.5 ], "texture": "#prismarine_rough" },
        "up":    { "uv": [ 2.5, 8.5, 8.5, 11.5 ], "texture": "#prismarine_rough" },
        "north": { "uv": [ 7.5, 0, 13.5, 2 ], "texture": "#prismarine_rough" },
        "south": { "uv": [ 2.5, 0, 8.5, 2 ], "texture": "#prismarine_rough" },
        "west":  { "uv": [ 8.5, 0, 11.5, 2 ], "texture": "#prismarine_rough" },
        "east":  { "uv": [ 4.5, 0, 7.5, 2 ], "texture": "#prismarine_rough" }
    }
},
{
    "__comment": "body",
    "from": [ 4.4, 13.8, 8.5 ],
    "to": [ 7.4, 16.3, 11.5 ],
    "rotation": { "origin": [ 4.4, 16.3, 8.5 ], "axis": "z", "angle": 22.5 },
    "faces": {
        "down":  { "uv": [ 13.5, 11.5, 7.5, 8.5 ], "texture": "#prismarine_rough" },
        "up":    { "uv": [ 2.5, 8.5, 8.5, 11.5 ], "texture": "#prismarine_rough" },
        "north": { "uv": [ 7.5, 0, 13.5, 2 ], "texture": "#prismarine_rough" },
        "south": { "uv": [ 2.5, 0, 8.5, 2 ], "texture": "#prismarine_rough" },
        "west":  { "uv": [ 8.5, 0, 11.5, 2 ], "texture": "#prismarine_rough" },
        "east":  { "uv": [ 4.5, 0, 7.5, 2 ], "texture": "#prismarine_rough" }
    }
},
{
    "__comment": "body",
    "from": [ 3, 15.5, 8.5 ],
    "to": [ 8, 17.5, 11.5 ],
    "faces": {
        "down":  { "uv": [ 13.5, 11.5, 7.5, 8.5 ], "texture": "#prismarine_rough" },
        "up":    { "uv": [ 2.5, 8.5, 8.5, 11.5 ], "texture": "#prismarine_rough" },
        "north": { "uv": [ 7.5, 0, 13.5, 2 ], "texture": "#prismarine_rough" },
        "south": { "uv": [ 2.5, 0, 8.5, 2 ], "texture": "#prismarine_rough" },
        "west":  { "uv": [ 8.5, 0, 11.5, 2 ], "texture": "#prismarine_rough" },
        "east":  { "uv": [ 4.5, 0, 7.5, 2 ], "texture": "#prismarine_rough" }
    }
},
{
    "__comment": "body",
    "from": [ 9.1, 15, 8.5 ],
    "to": [ 12.1, 17.5, 11.5 ],
    "rotation": { "origin": [ 9.1, 17.5, 8.5 ], "axis": "z", "angle": -22.5 },
    "faces": {
        "down":  { "uv": [ 13.5, 11.5, 7.5, 8.5 ], "texture": "#prismarine_rough" },
        "up":    { "uv": [ 2.5, 8.5, 8.5, 11.5 ], "texture": "#prismarine_rough" },
        "north": { "uv": [ 7.5, 0, 13.5, 2 ], "texture": "#prismarine_rough" },
        "south": { "uv": [ 2.5, 0, 8.5, 2 ], "texture": "#prismarine_rough" },
        "west":  { "uv": [ 8.5, 0, 11.5, 2 ], "texture": "#prismarine_rough" },
        "east":  { "uv": [ 4.5, 0, 7.5, 2 ], "texture": "#prismarine_rough" }
    }
},
{
    "__comment": "body",
    "from": [ 10.1, 13.8, 8.5 ],
    "to": [ 13.1, 16.3, 11.5 ],
    "rotation": { "origin": [ 10.1, 16.3, 8.5 ], "axis": "z", "angle": 22.5 },
    "faces": {
        "down":  { "uv": [ 13.5, 11.5, 7.5, 8.5 ], "texture": "#prismarine_rough" },
        "up":    { "uv": [ 2.5, 8.5, 8.5, 11.5 ], "texture": "#prismarine_rough" },
        "north": { "uv": [ 7.5, 0, 13.5, 2 ], "texture": "#prismarine_rough" },
        "south": { "uv": [ 2.5, 0, 8.5, 2 ], "texture": "#prismarine_rough" },
        "west":  { "uv": [ 8.5, 0, 11.5, 2 ], "texture": "#prismarine_rough" },
        "east":  { "uv": [ 4.5, 0, 7.5, 2 ], "texture": "#prismarine_rough" }
    }
},
{
    "__comment": "body",
    "from": [ 8.1875, 15.5, 8.5 ],
    "to": [ 13.1875, 17.5, 11.5 ],
    "faces": {
        "down":  { "uv": [ 13.5, 11.5, 7.5, 8.5 ], "texture": "#prismarine_rough" },
        "up":    { "uv": [ 2.5, 8.5, 8.5, 11.5 ], "texture": "#prismarine_rough" },
        "north": { "uv": [ 7.5, 0, 13.5, 2 ], "texture": "#prismarine_rough" },
        "south": { "uv": [ 2.5, 0, 8.5, 2 ], "texture": "#prismarine_rough" },
        "west":  { "uv": [ 8.5, 0, 11.5, 2 ], "texture": "#prismarine_rough" },
        "east":  { "uv": [ 4.5, 0, 7.5, 2 ], "texture": "#prismarine_rough" }
    }
},
{
    "__comment": "armor",
    "from": [ 7, 11, 11 ],
    "to": [ 9, 13, 11.5 ],
    "faces": {
        "down":  { "uv": [ 0, 0, 16, 2 ], "texture": "#iron_block" },
        "up":    { "uv": [ 0, 0, 1.5, 16 ], "rotation": 180, "texture": "#iron_block" },
        "south": { "uv": [ 0, 3.5, 16, 16 ], "texture": "#iron_block" },
        "west":  { "uv": [ 0, 0, 16, 1.5 ], "rotation": 90, "texture": "#iron_block" },
        "east":  { "uv": [ 0, 0, 2, 16 ], "rotation": 270, "texture": "#iron_block" }
    }
},
{
    "__comment": "armor",
    "from": [ 3, 15, 12 ],
    "to": [ 8, 17.5, 12.5 ],
    "faces": {
        "down":  { "uv": [ 0, 0, 16, 2 ], "texture": "#iron_block" },
        "up":    { "uv": [ 0, 0, 1.5, 16 ], "rotation": 180, "texture": "#iron_block" },
        "south": { "uv": [ 0, 0, 16, 16 ], "texture": "#iron_block" },
        "west":  { "uv": [ 0, 0, 16, 1.5 ], "rotation": 90, "texture": "#iron_block" },
        "east":  { "uv": [ 0, 0, 2, 16 ], "rotation": 270, "texture": "#iron_block" }
    }
},
{
    "__comment": "armor",
    "from": [ 8, 15, 12 ],
    "to": [ 13, 17.5, 12.5 ],
    "faces": {
        "down":  { "uv": [ 0, 0, 16, 2 ], "texture": "#iron_block" },
        "up":    { "uv": [ 0, 0, 1.5, 16 ], "rotation": 180, "texture": "#iron_block" },
        "south": { "uv": [ 0, 0, 16, 16 ], "texture": "#iron_block" },
        "west":  { "uv": [ 0, 0, 16, 1.5 ], "rotation": 90, "texture": "#iron_block" },
        "east":  { "uv": [ 0, 0, 2, 16 ], "rotation": 270, "texture": "#iron_block" }
    }
},
{
    "__comment": "armor",
    "from": [ 6, 13, 11.5 ],
    "to": [ 10, 15, 12 ],
    "faces": {
        "down":  { "uv": [ 0, 0, 16, 2 ], "texture": "#iron_block" },
        "up":    { "uv": [ 0, 0, 1.5, 16 ], "rotation": 180, "texture": "#iron_block" },
        "south": { "uv": [ 0, 10, 16, 16 ], "texture": "#iron_block" },
        "west":  { "uv": [ 0, 0, 16, 1.5 ], "rotation": 90, "texture": "#iron_block" },
        "east":  { "uv": [ 0, 0, 2, 16 ], "rotation": 270, "texture": "#iron_block" }
    }
},
{
    "__comment": "armor",
    "from": [ 6, 6.5, 11 ],
    "to": [ 10, 9.5, 11.5 ],
    "rotation": { "origin": [ 6, 9.5, 11 ], "axis": "x", "angle": -22.5 },
    "faces": {
        "down":  { "uv": [ 0, 0, 16, 2 ], "texture": "#iron_block" },
        "up":    { "uv": [ 0, 0, 1.5, 16 ], "rotation": 180, "texture": "#iron_block" },
        "south": { "uv": [ 0, 0, 16, 16 ], "texture": "#door_iron_lower" },
        "west":  { "uv": [ 0, 0, 16, 1.5 ], "rotation": 90, "texture": "#iron_block" },
        "east":  { "uv": [ 0, 0, 2, 16 ], "rotation": 270, "texture": "#iron_block" }
    }
},
{
    "__comment": "armor",
    "from": [ 5, 8, 10.5 ],
    "to": [ 11, 9.5, 11 ],
    "faces": {
        "down":  { "uv": [ 0, 0, 16, 2 ], "texture": "#iron_block" },
        "up":    { "uv": [ 0, 0, 1.5, 16 ], "rotation": 180, "texture": "#iron_block" },
        "south": { "uv": [ 0, 0, 16, 4.5 ], "texture": "#iron_block" },
        "west":  { "uv": [ 0, 0, 16, 1.5 ], "rotation": 90, "texture": "#iron_block" },
        "east":  { "uv": [ 0, 0, 2, 16 ], "rotation": 270, "texture": "#iron_block" }
    }
},
{
    "__comment": "armor",
    "from": [ 9, 5.5, 11 ],
    "to": [ 11.5, 8.5, 11.5 ],
    "faces": {
        "down":  { "uv": [ 0, 0, 16, 2 ], "texture": "#iron_block" },
        "up":    { "uv": [ 0, 0, 1.5, 16 ], "rotation": 180, "texture": "#iron_block" },
        "south": { "uv": [ 0, 0, 16, 16 ], "texture": "#door_iron_lower" },
        "west":  { "uv": [ 0, 0, 16, 1.5 ], "rotation": 90, "texture": "#iron_block" },
        "east":  { "uv": [ 0, 0, 2, 16 ], "rotation": 270, "texture": "#iron_block" }
    }
},
{
    "__comment": "armor",
    "from": [ 4.5, 5.5, 11 ],
    "to": [ 7, 8.5, 11.5 ],
    "faces": {
        "down":  { "uv": [ 0, 0, 16, 2 ], "texture": "#iron_block" },
        "up":    { "uv": [ 0, 0, 1.5, 16 ], "rotation": 180, "texture": "#iron_block" },
        "south": { "uv": [ 0, 0, 16, 16 ], "texture": "#door_iron_lower" },
        "west":  { "uv": [ 0, 0, 16, 1.5 ], "rotation": 90, "texture": "#iron_block" },
        "east":  { "uv": [ 0, 0, 2, 16 ], "rotation": 270, "texture": "#iron_block" }
    }
},
{
    "__comment": "armor",
    "from": [ 4, 4, 11.5 ],
    "to": [ 12, 7, 12 ],
    "rotation": { "origin": [ 4, 7, 11.5 ], "axis": "x", "angle": -22.5 },
    "faces": {
        "down":  { "uv": [ 0, 0, 16, 2 ], "texture": "#iron_block" },
        "up":    { "uv": [ 0, 0, 1.5, 16 ], "rotation": 180, "texture": "#iron_block" },
        "south": { "uv": [ 0, 0, 16, 16 ], "texture": "#door_iron_lower" },
        "west":  { "uv": [ 0, 0, 16, 1.5 ], "rotation": 90, "texture": "#iron_block" },
        "east":  { "uv": [ 0, 0, 2, 16 ], "rotation": 270, "texture": "#iron_block" }
    }
},
{
    "__comment": "armor",
    "from": [ 4.5, 1, 6.75 ],
    "to": [ 5, 9.5, 9.25 ],
    "rotation": { "origin": [ 4.5, 9.5, 6.75 ], "axis": "z", "angle": -22.5 },
    "faces": {
        "down":  { "uv": [ 0, 0, 16, 2 ], "rotation": 270, "texture": "#iron_block" },
        "up":    { "uv": [ 0, 0, 1.5, 16 ], "rotation": 270, "texture": "#iron_block" },
        "north": { "uv": [ 0, 0, 16, 1.5 ], "rotation": 90, "texture": "#iron_block" },
        "south": { "uv": [ 0, 0, 2, 16 ], "rotation": 270, "texture": "#iron_block" },
        "west":  { "uv": [ 0, 0, 16, 16 ], "texture": "#door_iron_lower" }
    }
},
{
    "__comment": "armor",
    "from": [ 5, 8, 5 ],
    "to": [ 5.5, 9.5, 11 ],
    "faces": {
        "down":  { "uv": [ 0, 0, 16, 2 ], "rotation": 270, "texture": "#iron_block" },
        "up":    { "uv": [ 0, 0, 1.5, 16 ], "rotation": 270, "texture": "#iron_block" },
        "north": { "uv": [ 0, 0, 16, 1.5 ], "rotation": 90, "texture": "#iron_block" },
        "south": { "uv": [ 0, 0, 2, 16 ], "rotation": 270, "texture": "#iron_block" },
        "west":  { "uv": [ 0, 0, 16, 4.5 ], "texture": "#iron_block" }
    }
},
{
    "__comment": "armor",
    "from": [ 4.5, 5.5, 9 ],
    "to": [ 5, 8.5, 11.5 ],
    "faces": {
        "down":  { "uv": [ 0, 0, 16, 2 ], "rotation": 270, "texture": "#iron_block" },
        "up":    { "uv": [ 0, 0, 1.5, 16 ], "rotation": 270, "texture": "#iron_block" },
        "north": { "uv": [ 0, 0, 16, 1.5 ], "rotation": 90, "texture": "#iron_block" },
        "south": { "uv": [ 0, 0, 2, 16 ], "rotation": 270, "texture": "#iron_block" },
        "west":  { "uv": [ 0, 0, 16, 16 ], "texture": "#door_iron_lower" }
    }
},
{
    "__comment": "armor",
    "from": [ 4.5, 5.5, 4.5 ],
    "to": [ 5, 8.5, 7 ],
    "faces": {
        "down":  { "uv": [ 0, 0, 16, 2 ], "rotation": 270, "texture": "#iron_block" },
        "up":    { "uv": [ 0, 0, 1.5, 16 ], "rotation": 270, "texture": "#iron_block" },
        "north": { "uv": [ 0, 0, 16, 1.5 ], "rotation": 90, "texture": "#iron_block" },
        "south": { "uv": [ 0, 0, 2, 16 ], "rotation": 270, "texture": "#iron_block" },
        "west":  { "uv": [ 0, 0, 16, 16 ], "texture": "#door_iron_lower" }
    }
},
{
    "__comment": "armor",
    "from": [ 4, 4, 4 ],
    "to": [ 4.5, 7, 12 ],
    "rotation": { "origin": [ 4, 7, 4 ], "axis": "z", "angle": -22.5 },
    "faces": {
        "down":  { "uv": [ 0, 0, 16, 2 ], "rotation": 270, "texture": "#iron_block" },
        "up":    { "uv": [ 0, 0, 1.5, 16 ], "rotation": 270, "texture": "#iron_block" },
        "north": { "uv": [ 0, 0, 16, 1.5 ], "rotation": 90, "texture": "#iron_block" },
        "south": { "uv": [ 0, 0, 2, 16 ], "rotation": 270, "texture": "#iron_block" },
        "west":  { "uv": [ 0, 0, 16, 16 ], "texture": "#door_iron_lower" }
    }
},
{
    "__comment": "armor",
    "from": [ 4, 10.5, 4 ],
    "to": [ 7.5, 17.5, 4.5 ],
    "faces": {
        "down":  { "uv": [ 0, 0, 16, 2 ], "rotation": 180, "texture": "#iron_block" },
        "up":    { "uv": [ 0, 0, 1.5, 16 ], "texture": "#iron_block" },
        "north": { "uv": [ 0, 0, 16, 16 ], "texture": "#door_iron_lower" },
        "west":  { "uv": [ 0, 0, 2, 16 ], "rotation": 270, "texture": "#iron_block" },
        "east":  { "uv": [ 0, 0, 16, 1.5 ], "rotation": 90, "texture": "#iron_block" }
    }
},
{
    "__comment": "armor",
    "from": [ 5, 7.5, 5 ],
    "to": [ 11, 9.5, 5.5 ],
    "faces": {
        "down":  { "uv": [ 0, 0, 16, 2 ], "rotation": 180, "texture": "#iron_block" },
        "up":    { "uv": [ 0, 0, 1.5, 16 ], "texture": "#iron_block" },
        "north": { "uv": [ 0, 0, 16, 4.5 ], "texture": "#iron_block" },
        "west":  { "uv": [ 0, 0, 2, 16 ], "rotation": 270, "texture": "#iron_block" },
        "east":  { "uv": [ 0, 0, 16, 1.5 ], "rotation": 90, "texture": "#iron_block" }
    }
},
{
    "__comment": "armor",
    "from": [ 4.5, 4, 4.5 ],
    "to": [ 8, 8, 5 ],
    "rotation": { "origin": [ 4.5, 8, 4.5 ], "axis": "x", "angle": 22.5 },
    "faces": {
        "down":  { "uv": [ 0, 0, 16, 2 ], "rotation": 180, "texture": "#iron_block" },
        "up":    { "uv": [ 0, 0, 1.5, 16 ], "texture": "#iron_block" },
        "north": { "uv": [ 0, 0, 16, 16 ], "texture": "#door_iron_lower" },
        "west":  { "uv": [ 0, 0, 2, 16 ], "rotation": 270, "texture": "#iron_block" },
        "east":  { "uv": [ 0, 0, 16, 1.5 ], "rotation": 90, "texture": "#iron_block" }
    }
},
{
    "__comment": "armor",
    "from": [ 8, 4, 4.5 ],
    "to": [ 11.5, 8, 5 ],
    "rotation": { "origin": [ 8, 8, 4.5 ], "axis": "x", "angle": 22.5 },
    "faces": {
        "down":  { "uv": [ 0, 0, 16, 2 ], "rotation": 180, "texture": "#iron_block" },
        "up":    { "uv": [ 0, 0, 1.5, 16 ], "texture": "#iron_block" },
        "north": { "uv": [ 0, 0, 16, 16 ], "texture": "#door_iron_lower" },
        "west":  { "uv": [ 0, 0, 2, 16 ], "rotation": 270, "texture": "#iron_block" },
        "east":  { "uv": [ 0, 0, 16, 1.5 ], "rotation": 90, "texture": "#iron_block" }
    }
},
{
    "__comment": "armor",
    "from": [ 4.5, 7, 4 ],
    "to": [ 6, 17.5, 5 ],
    "rotation": { "origin": [ 4.5, 17.5, 4 ], "axis": "x", "angle": 22.5 },
    "faces": {
        "down":  { "uv": [ 0, 4, 16, 10.5 ], "rotation": 180, "texture": "#lava_flow" },
        "up":    { "uv": [ 0, 0, 1.5, 16 ], "texture": "#iron_block" },
        "north": { "uv": [ 0, 0, 16, 16 ], "texture": "#door_iron_lower" },
        "west":  { "uv": [ 0, 0, 2, 16 ], "rotation": 270, "texture": "#iron_block" },
        "east":  { "uv": [ 0, 0, 16, 1.5 ], "rotation": 90, "texture": "#iron_block" }
    }
},
{
    "__comment": "armor",
    "from": [ 11, 1, 6.5 ],
    "to": [ 11.5, 9.5, 9 ],
    "rotation": { "origin": [ 11, 9.5, 6.5 ], "axis": "z", "angle": 22.5 },
    "faces": {
        "down":  { "uv": [ 0, 0, 16, 2 ], "rotation": 90, "texture": "#iron_block" },
        "up":    { "uv": [ 0, 0, 1.5, 16 ], "rotation": 90, "texture": "#iron_block" },
        "north": { "uv": [ 0, 0, 2, 16 ], "rotation": 270, "texture": "#iron_block" },
        "south": { "uv": [ 0, 0, 16, 1.5 ], "rotation": 90, "texture": "#iron_block" },
        "east":  { "uv": [ 0, 0, 16, 16 ], "texture": "#door_iron_lower" }
    }
},
{
    "__comment": "armor",
    "from": [ 10.5, 8, 5 ],
    "to": [ 11, 9.5, 11 ],
    "faces": {
        "down":  { "uv": [ 0, 0, 16, 2 ], "rotation": 90, "texture": "#iron_block" },
        "up":    { "uv": [ 0, 0, 1.5, 16 ], "rotation": 90, "texture": "#iron_block" },
        "north": { "uv": [ 0, 0, 2, 16 ], "rotation": 270, "texture": "#iron_block" },
        "south": { "uv": [ 0, 0, 16, 1.5 ], "rotation": 90, "texture": "#iron_block" },
        "east":  { "uv": [ 0, 0, 16, 4.5 ], "texture": "#iron_block" }
    }
},
{
    "__comment": "armor",
    "from": [ 11, 5.5, 4.5 ],
    "to": [ 11.5, 8.5, 7 ],
    "faces": {
        "down":  { "uv": [ 0, 0, 16, 2 ], "rotation": 90, "texture": "#iron_block" },
        "up":    { "uv": [ 0, 0, 1.5, 16 ], "rotation": 90, "texture": "#iron_block" },
        "north": { "uv": [ 0, 0, 2, 16 ], "rotation": 270, "texture": "#iron_block" },
        "south": { "uv": [ 0, 0, 16, 1.5 ], "rotation": 90, "texture": "#iron_block" },
        "east":  { "uv": [ 0, 0, 16, 16 ], "texture": "#door_iron_lower" }
    }
},
{
    "__comment": "armor",
    "from": [ 11, 5.5, 9 ],
    "to": [ 11.5, 8.5, 11.5 ],
    "faces": {
        "down":  { "uv": [ 0, 0, 16, 2 ], "rotation": 90, "texture": "#iron_block" },
        "up":    { "uv": [ 0, 0, 1.5, 16 ], "rotation": 90, "texture": "#iron_block" },
        "north": { "uv": [ 0, 0, 2, 16 ], "rotation": 270, "texture": "#iron_block" },
        "south": { "uv": [ 0, 0, 16, 1.5 ], "rotation": 90, "texture": "#iron_block" },
        "east":  { "uv": [ 0, 0, 16, 16 ], "texture": "#door_iron_lower" }
    }
},
{
    "__comment": "armor",
    "from": [ 11.5, 4, 4 ],
    "to": [ 12, 7, 12 ],
    "rotation": { "origin": [ 11.5, 7, 4 ], "axis": "z", "angle": 22.5 },
    "faces": {
        "down":  { "uv": [ 0, 0, 16, 2 ], "rotation": 90, "texture": "#iron_block" },
        "up":    { "uv": [ 0, 0, 1.5, 16 ], "rotation": 90, "texture": "#iron_block" },
        "north": { "uv": [ 0, 0, 2, 16 ], "rotation": 270, "texture": "#iron_block" },
        "south": { "uv": [ 0, 0, 16, 1.5 ], "rotation": 90, "texture": "#iron_block" },
        "east":  { "uv": [ 0, 0, 16, 16 ], "texture": "#door_iron_lower" }
    }
},
{
    "__comment": "armor",
    "from": [ 9, 10.5, 4 ],
    "to": [ 12.5, 17.5, 4.5 ],
    "faces": {
        "down":  { "uv": [ 0, 0, 16, 2 ], "rotation": 180, "texture": "#iron_block" },
        "up":    { "uv": [ 0, 0, 1.5, 16 ], "texture": "#iron_block" },
        "north": { "uv": [ 0, 0, 16, 16 ], "texture": "#door_iron_lower" },
        "west":  { "uv": [ 0, 0, 2, 16 ], "rotation": 270, "texture": "#iron_block" },
        "east":  { "uv": [ 0, 0, 16, 1.5 ], "rotation": 90, "texture": "#iron_block" }
    }
},
{
    "__comment": "armor",
    "from": [ 10.5, 7, 4 ],
    "to": [ 12, 17.5, 5 ],
    "rotation": { "origin": [ 10.5, 17.5, 4 ], "axis": "x", "angle": 22.5 },
    "faces": {
        "down":  { "uv": [ 0, 3.5, 16, 10.5 ], "rotation": 180, "texture": "#lava_flow" },
        "up":    { "uv": [ 0, 0, 1.5, 16 ], "texture": "#iron_block" },
        "north": { "uv": [ 0, 0, 16, 16 ], "texture": "#door_iron_lower" },
        "west":  { "uv": [ 0, 0, 2, 16 ], "rotation": 270, "texture": "#iron_block" },
        "east":  { "uv": [ 0, 0, 16, 1.5 ], "rotation": 90, "texture": "#iron_block" }
    }
},
{
    "__comment": "Leftarm",
    "from": [ 18, 17, 5.5 ],
    "to": [ 19.5, 18.5, 6.5 ],
    "rotation": { "origin": [ 18, 18.5, 5.5 ], "axis": "z", "angle": 45 },
    "faces": {
        "down":  { "uv": [ 16, 9, 13, 5.5 ], "rotation": 180, "texture": "#door_iron_lower" },
        "up":    { "uv": [ 0, 5.5, 3, 9 ], "rotation": 180, "texture": "#door_iron_lower" },
        "north": { "uv": [ 0, 0.5, 16, 16 ], "texture": "#door_iron_lower" },
        "west":  { "uv": [ 0, 0, 16, 16 ], "texture": "#door_iron_lower" },
        "east":  { "uv": [ 0, 0, 16, 16 ], "texture": "#door_iron_lower" }
    }
},
{
    "__comment": "Leftarm",
    "from": [ 18, 14, 5.5 ],
    "to": [ 19.5, 16.5, 6.5 ],
    "rotation": { "origin": [ 18, 16.5, 5.5 ], "axis": "z", "angle": -22.5 },
    "faces": {
        "down":  { "uv": [ 16, 9, 13, 5.5 ], "rotation": 180, "texture": "#door_iron_lower" },
        "up":    { "uv": [ 0, 5.5, 3, 9 ], "rotation": 180, "texture": "#door_iron_lower" },
        "north": { "uv": [ 0, 0.5, 16, 16 ], "texture": "#door_iron_lower" },
        "west":  { "uv": [ 0, 0, 16, 16 ], "texture": "#door_iron_lower" },
        "east":  { "uv": [ 0, 0, 16, 16 ], "texture": "#door_iron_lower" }
    }
},
{
    "__comment": "Leftarm",
    "from": [ 12, 16.5, 5.5 ],
    "to": [ 19.5, 18.5, 6.5 ],
    "faces": {
        "down":  { "uv": [ 16, 9, 13, 5.5 ], "rotation": 180, "texture": "#door_iron_lower" },
        "up":    { "uv": [ 0, 5.5, 3, 9 ], "rotation": 180, "texture": "#door_iron_lower" },
        "north": { "uv": [ 0, 0.5, 16, 8 ], "texture": "#iron_block" },
        "west":  { "uv": [ 0, 0, 16, 4 ], "texture": "#door_iron_lower" },
        "east":  { "uv": [ 0, 0, 16, 4 ], "texture": "#door_iron_lower" }
    }
},
{
    "__comment": "Leftarm",
    "from": [ 12.5, 14, 5 ],
    "to": [ 18, 16.5, 6 ],
    "faces": {
        "down":  { "uv": [ 16, 9, 13, 5.5 ], "rotation": 180, "texture": "#door_iron_lower" },
        "up":    { "uv": [ 0, 5.5, 3, 9 ], "rotation": 180, "texture": "#door_iron_lower" },
        "north": { "uv": [ 0, 9, 16, 16 ], "texture": "#iron_block" },
        "west":  { "uv": [ 0, 0, 16, 3 ], "texture": "#door_iron_lower" },
        "east":  { "uv": [ 0, 0, 16, 2.5 ], "texture": "#door_iron_lower" }
    }
},
{
    "__comment": "Leftarm",
    "from": [ 17.5, 18.5, 6.5 ],
    "to": [ 19.5, 19, 11.5 ],
    "rotation": { "origin": [ 17.5, 19, 6.5 ], "axis": "z", "angle": 22.5 },
    "faces": {
        "up":    { "uv": [ 0, 0, 8.5, 16 ], "rotation": 180, "texture": "#iron_block" },
        "north": { "uv": [ 16, 9, 13, 5.5 ], "texture": "#door_iron_lower" },
        "south": { "uv": [ 0, 5.5, 3, 9 ], "rotation": 180, "texture": "#door_iron_lower" },
        "west":  { "uv": [ 0, 0, 16, 4 ], "rotation": 90, "texture": "#door_iron_lower" },
        "east":  { "uv": [ 0, 0, 16, 4 ], "rotation": 270, "texture": "#door_iron_lower" }
    }
},
{
    "__comment": "Leftarm",
    "from": [ 12, 17.5, 6.5 ],
    "to": [ 15.5, 18, 11.5 ],
    "rotation": { "origin": [ 12, 18, 6.5 ], "axis": "z", "angle": 22.5 },
    "faces": {
        "up":    { "uv": [ 0, 0, 8.5, 16 ], "rotation": 180, "texture": "#iron_block" },
        "north": { "uv": [ 16, 9, 13, 5.5 ], "texture": "#door_iron_lower" },
        "south": { "uv": [ 0, 5.5, 3, 9 ], "rotation": 180, "texture": "#door_iron_lower" },
        "west":  { "uv": [ 0, 0, 16, 4 ], "rotation": 90, "texture": "#door_iron_lower" },
        "east":  { "uv": [ 0, 0, 16, 4 ], "rotation": 270, "texture": "#door_iron_lower" }
    }
},
{
    "__comment": "Leftarm",
    "from": [ 14.5, 18.5, 6.5 ],
    "to": [ 18.5, 19, 11.5 ],
    "faces": {
        "up":    { "uv": [ 0, 0, 8.5, 16 ], "rotation": 180, "texture": "#iron_block" },
        "north": { "uv": [ 16, 9, 13, 5.5 ], "texture": "#door_iron_lower" },
        "south": { "uv": [ 0, 5.5, 3, 9 ], "rotation": 180, "texture": "#door_iron_lower" },
        "west":  { "uv": [ 0, 0, 16, 4 ], "rotation": 90, "texture": "#door_iron_lower" },
        "east":  { "uv": [ 0, 0, 16, 4 ], "rotation": 270, "texture": "#door_iron_lower" }
    }
},
{
    "__comment": "Leftarm",
    "from": [ 17.5, 15, 6.5 ],
    "to": [ 18.5, 18, 11.5 ],
    "rotation": { "origin": [ 17.5, 18, 6.5 ], "axis": "z", "angle": 45 },
    "faces": {
        "up":    { "uv": [ 0, 0, 8.5, 16 ], "rotation": 180, "texture": "#iron_block" },
        "north": { "uv": [ 16, 9, 13, 5.5 ], "texture": "#door_iron_lower" },
        "south": { "uv": [ 0, 5.5, 3, 9 ], "rotation": 180, "texture": "#door_iron_lower" },
        "west":  { "uv": [ 0, 0, 16, 4 ], "rotation": 90, "texture": "#door_iron_lower" },
        "east":  { "uv": [ 0, 0, 16, 4 ], "rotation": 270, "texture": "#door_iron_lower" }
    }
},
{
    "__comment": "Leftarm",
    "from": [ 18, 17, 11 ],
    "to": [ 19.5, 18.5, 12 ],
    "rotation": { "origin": [ 18, 18.5, 11 ], "axis": "z", "angle": 45 },
    "faces": {
        "down":  { "uv": [ 16, 9, 13, 5.5 ], "rotation": 180, "texture": "#door_iron_lower" },
        "up":    { "uv": [ 0, 5.5, 3, 9 ], "rotation": 180, "texture": "#door_iron_lower" },
        "south": { "uv": [ 0, 0, 16, 16 ], "texture": "#door_iron_lower" },
        "west":  { "uv": [ 0, 0, 16, 16 ], "texture": "#door_iron_lower" },
        "east":  { "uv": [ 0, 0, 16, 16 ], "texture": "#door_iron_lower" }
    }
},
{
    "__comment": "Leftarm",
    "from": [ 17, 14, 11.5 ],
    "to": [ 18.5, 16.5, 12.5 ],
    "rotation": { "origin": [ 17, 16.5, 11.5 ], "axis": "z", "angle": -45 },
    "faces": {
        "down":  { "uv": [ 16, 9, 13, 5.5 ], "rotation": 180, "texture": "#door_iron_lower" },
        "up":    { "uv": [ 0, 5.5, 3, 9 ], "rotation": 180, "texture": "#door_iron_lower" },
        "south": { "uv": [ 0, 0, 16, 16 ], "texture": "#door_iron_lower" },
        "west":  { "uv": [ 0, 0, 16, 16 ], "texture": "#door_iron_lower" },
        "east":  { "uv": [ 0, 0, 16, 16 ], "texture": "#door_iron_lower" }
    }
},
{
    "__comment": "Leftarm",
    "from": [ 12, 16.5, 11.5 ],
    "to": [ 18, 18.5, 12.5 ],
    "faces": {
        "down":  { "uv": [ 16, 9, 13, 5.5 ], "rotation": 180, "texture": "#door_iron_lower" },
        "up":    { "uv": [ 0, 5.5, 3, 9 ], "rotation": 180, "texture": "#door_iron_lower" },
        "south": { "uv": [ 0, 0, 16, 7 ], "texture": "#iron_block" },
        "west":  { "uv": [ 0, 0, 16, 4 ], "texture": "#door_iron_lower" },
        "east":  { "uv": [ 0, 0, 16, 4 ], "texture": "#door_iron_lower" }
    }
},
{
    "__comment": "Leftarm",
    "from": [ 12, 14, 11.5 ],
    "to": [ 16.5, 16.5, 12.5 ],
    "faces": {
        "down":  { "uv": [ 16, 9, 13, 5.5 ], "rotation": 180, "texture": "#door_iron_lower" },
        "up":    { "uv": [ 0, 5.5, 3, 9 ], "rotation": 180, "texture": "#door_iron_lower" },
        "south": { "uv": [ 0, 9, 16, 16 ], "texture": "#iron_block" },
        "west":  { "uv": [ 0, 0, 16, 3 ], "texture": "#door_iron_lower" },
        "east":  { "uv": [ 0, 0, 16, 2.5 ], "texture": "#door_iron_lower" }
    }
},
{
    "__comment": "Leftarm",
    "from": [ 12, 13, 6.5 ],
    "to": [ 15, 17.5, 11 ],
    "faces": {
        "down":  { "uv": [ 4, 11, 0, 6.5 ], "texture": "#prismarine_rough" },
        "up":    { "uv": [ 12, 6.5, 16, 11 ], "texture": "#prismarine_rough" },
        "north": { "uv": [ 0, 0, 4, 3 ], "texture": "#prismarine_rough" },
        "south": { "uv": [ 12, 0, 16, 3 ], "texture": "#prismarine_rough" },
        "west":  { "uv": [ 6.5, 0, 11, 3 ], "texture": "#prismarine_rough" },
        "east":  { "uv": [ 4, 4, 12, 12 ], "texture": "#repeating_command_block_back" }
    }
}
],
"display": {
    "thirdperson_righthand": {
        "rotation": [ 65, 180, 0 ],
        "translation": [ -6.61, -2.46, 11.53 ],
        "scale": [ 2.67, 2.67, 2.67 ]
    },
    "thirdperson_lefthand": {
        "rotation": [ 65, 180, 0 ],
        "translation": [ -6.05, -2.46, 11.53 ],
        "scale": [ 2.67, 2.67, 2.67 ]
    },
    "head": {
        "rotation": [ 0, 180, 0 ],
        "translation": [ 0, -8.13, 0 ],
        "scale": [ 4, 4, 4 ]
    }
}
}