{
"__comment": "Designed by Naoxia with BDcraft Cubik PRO 0.96 Beta - http://bdcraft.net",
"textures": {
    "prismarine_rough": "blocks/prismarine_rough",
    "repeating_command_block_back": "blocks/repeating_command_block_back",
    "iron_block": "blocks/iron_block",
    "door_iron_lower": "blocks/door_iron_lower",
    "lava_flow": "blocks/lava_flow",
    "ice_packed": "blocks/ice_packed"
},
"elements": [ 
{
    "__comment": "HeadSide",
    "from": [ 6, 18, 6 ],
    "to": [ 10.5, 22.5, 10.5 ],
    "faces": {
        "down":  { "uv": [ 0, 0, 16, 16 ], "texture": "#prismarine_rough" },
        "up":    { "uv": [ 0, 0, 16, 16 ], "texture": "#prismarine_rough" },
        "north": { "uv": [ 0, 0, 16, 16 ], "texture": "#prismarine_rough" },
        "south": { "uv": [ 0, 0, 16, 16 ], "texture": "#prismarine_rough" },
        "west":  { "uv": [ 0, 0, 16, 16 ], "texture": "#prismarine_rough" },
        "east":  { "uv": [ 0, 0, 16, 16 ], "texture": "#prismarine_rough" }
    }
},
{
    "__comment": "HeadSide",
    "from": [ 6, 18.5, 10.5 ],
    "to": [ 8, 20.5, 11 ],
    "faces": {
        "down":  { "uv": [ 0, 0, 16, 1 ], "texture": "#repeating_command_block_back" },
        "up":    { "uv": [ 15, 0, 0, 1 ], "texture": "#repeating_command_block_back" },
        "south": { "uv": [ 6, 6, 10, 10 ], "texture": "#repeating_command_block_back" },
        "west":  { "uv": [ 0, 0, 1, 16 ], "texture": "#repeating_command_block_back" },
        "east":  { "uv": [ 0, 0, 1, 16 ], "texture": "#repeating_command_block_back" }
    }
},
{
    "__comment": "HeadSide",
    "from": [ 5.5, 22.5, 5.5 ],
    "to": [ 9, 23, 11 ],
    "faces": {
        "up":    { "uv": [ 0, 0, 8, 16 ], "texture": "#iron_block" },
        "north": { "uv": [ 0, 0, 16, 2.5 ], "texture": "#iron_block" },
        "south": { "uv": [ 0, 0, 16, 2 ], "texture": "#iron_block" },
        "west":  { "uv": [ 0, 0, 16, 2 ], "texture": "#iron_block" },
        "east":  { "uv": [ 0, 0, 2.5, 16 ], "texture": "#iron_block" }
    }
},
{
    "__comment": "HeadSide",
    "from": [ 9, 22.5, 9 ],
    "to": [ 11, 23, 11 ],
    "faces": {
        "down":  { "uv": [ 7, 11, 5, 9 ], "texture": "#texture" },
        "up":    { "uv": [ 0, 0, 16, 16 ], "texture": "#iron_block" },
        "north": { "uv": [ 5, 0, 7, 0 ], "texture": "#iron_block" },
        "south": { "uv": [ 9, 0, 11, 0 ], "texture": "#iron_block" },
        "west":  { "uv": [ 9, 0, 11, 0 ], "texture": "#iron_block" },
        "east":  { "uv": [ 5, 0, 7, 0 ], "texture": "#iron_block" }
    }
},
{
    "__comment": "HeadSide",
    "from": [ 9.5, 23, 5.5 ],
    "to": [ 11, 23.5, 8.5 ],
    "faces": {
        "down":  { "uv": [ 6.5, 8.5, 5, 5.5 ], "texture": "#texture" },
        "up":    { "uv": [ 11, 0, 16, 11.5 ], "texture": "#iron_block" },
        "north": { "uv": [ 5, 0, 6.5, 0 ], "texture": "#iron_block" },
        "south": { "uv": [ 9.5, 0, 11, 0 ], "texture": "#iron_block" },
        "west":  { "uv": [ 5.5, 0, 8.5, 0 ], "texture": "#iron_block" },
        "east":  { "uv": [ 7.5, 0, 10.5, 0 ], "texture": "#iron_block" }
    }
},
{
    "__comment": "HeadSide",
    "from": [ 10.5, 18, 5.5 ],
    "to": [ 11, 23, 8.5 ],
    "faces": {
        "down":  { "uv": [ 0, 16, 0.5, 15.5 ], "texture": "#iron_block" },
        "up":    { "uv": [ 0, 0, 0.5, 0.5 ], "texture": "#iron_block" },
        "north": { "uv": [ 0, 0, 0.5, 16 ], "texture": "#iron_block" },
        "south": { "uv": [ 16, 0, 15.5, 16 ], "texture": "#iron_block" },
        "west":  { "uv": [ 0, 0, 16, 3 ], "texture": "#iron_block" },
        "east":  { "uv": [ 10.5, 0, 0, 16 ], "texture": "#iron_block" }
    }
},
{
    "__comment": "HeadSide",
    "from": [ 11, 19.5, 9 ],
    "to": [ 11.5, 22.5, 11 ],
    "faces": {
        "down":  { "uv": [ 0, 0, 16, 1 ], "texture": "#iron_block" },
        "up":    { "uv": [ 0, 0, 16, 1.5 ], "texture": "#iron_block" },
        "north": { "uv": [ 0, 0, 16, 1 ], "texture": "#iron_block" },
        "south": { "uv": [ 0, 0, 16, 1 ], "texture": "#iron_block" },
        "west":  { "uv": [ 0, 0, 16, 0.5 ], "texture": "#iron_block" },
        "east":  { "uv": [ 0, 0, 8.5, 11.5 ], "texture": "#iron_block" }
    }
},
{
    "__comment": "HeadSide",
    "from": [ 11, 18, 6.5 ],
    "to": [ 11.5, 19, 11 ],
    "faces": {
        "down":  { "uv": [ 0, 16, 0.5, 15.5 ], "texture": "#iron_block" },
        "up":    { "uv": [ 0, 0, 0.5, 0.5 ], "texture": "#iron_block" },
        "north": { "uv": [ 0, 0, 0.5, 16 ], "texture": "#iron_block" },
        "south": { "uv": [ 16, 0, 15.5, 16 ], "texture": "#iron_block" },
        "west":  { "uv": [ 0, 0, 16, 16 ], "texture": "#iron_block" },
        "east":  { "uv": [ 16, 0, 0, 16 ], "texture": "#iron_block" }
    }
},
{
    "__comment": "HeadSide",
    "from": [ 7.5, 19.5, 11.5 ],
    "to": [ 10.5, 22.5, 12 ],
    "faces": {
        "down":  { "uv": [ 0, 0, 16, 1 ], "texture": "#repeating_command_block_back" },
        "up":    { "uv": [ 15, 0, 0, 1 ], "texture": "#repeating_command_block_back" },
        "south": { "uv": [ 4, 4, 11.5, 12 ], "texture": "#repeating_command_block_back" },
        "west":  { "uv": [ 0, 0, 1, 16 ], "texture": "#repeating_command_block_back" },
        "east":  { "uv": [ 0, 0, 1, 16 ], "texture": "#repeating_command_block_back" }
    }
},
{
    "__comment": "HeadSide",
    "from": [ 5.5, 17.5, 11 ],
    "to": [ 7.5, 19, 11.5 ],
    "faces": {
        "down":  { "uv": [ 0, 0, 1.5, 16 ], "texture": "#iron_block" },
        "up":    { "uv": [ 0, 0, 16, 2 ], "rotation": 180, "texture": "#iron_block" },
        "south": { "uv": [ 0, 4.5, 12.5, 16 ], "texture": "#iron_block" },
        "west":  { "uv": [ 0, 0, 2, 16 ], "rotation": 90, "texture": "#iron_block" },
        "east":  { "uv": [ 0, 0, 16, 1.5 ], "rotation": 270, "texture": "#iron_block" }
    }
},
{
    "__comment": "HeadSide",
    "from": [ 5.5, 20.5, 11 ],
    "to": [ 9, 23, 11.5 ],
    "faces": {
        "down":  { "uv": [ 0, 0, 16, 2 ], "texture": "#iron_block" },
        "up":    { "uv": [ 0, 0, 1.5, 16 ], "rotation": 180, "texture": "#iron_block" },
        "south": { "uv": [ 0, 0, 10, 9.5 ], "texture": "#iron_block" },
        "west":  { "uv": [ 0, 0, 16, 1.5 ], "rotation": 90, "texture": "#iron_block" },
        "east":  { "uv": [ 0, 0, 2, 16 ], "rotation": 270, "texture": "#iron_block" }
    }
},
{
    "__comment": "HeadSide",
    "from": [ 8, 17.5, 11 ],
    "to": [ 11, 22, 11.5 ],
    "faces": {
        "down":  { "uv": [ 0, 0, 16, 2 ], "texture": "#iron_block" },
        "up":    { "uv": [ 0, 0, 2, 16 ], "rotation": 180, "texture": "#iron_block" },
        "south": { "uv": [ 7.5, 2.5, 16, 16 ], "texture": "#iron_block" },
        "west":  { "uv": [ 0, 0, 16, 2.5 ], "rotation": 90, "texture": "#iron_block" },
        "east":  { "uv": [ 0, 0, 1.5, 16 ], "rotation": 270, "texture": "#iron_block" }
    }
},
{
    "__comment": "HeadSide",
    "from": [ 5.5, 17.5, 5.5 ],
    "to": [ 6, 20.5, 8 ],
    "faces": {
        "down":  { "uv": [ 0, 0, 16, 2 ], "rotation": 270, "texture": "#iron_block" },
        "up":    { "uv": [ 0, 0, 16, 2 ], "rotation": 270, "texture": "#iron_block" },
        "north": { "uv": [ 0, 0, 16, 1 ], "rotation": 90, "texture": "#iron_block" },
        "south": { "uv": [ 0, 0, 16, 2 ], "rotation": 270, "texture": "#iron_block" },
        "west":  { "uv": [ 0, 8, 10, 16 ], "texture": "#iron_block" }
    }
},
{
    "__comment": "HeadSide",
    "from": [ 5, 17.5, 8 ],
    "to": [ 5.5, 20, 11 ],
    "faces": {
        "down":  { "uv": [ 0, 0, 16, 2 ], "rotation": 270, "texture": "#iron_block" },
        "up":    { "uv": [ 0, 0, 5, 4.5 ], "rotation": 270, "texture": "#iron_block" },
        "north": { "uv": [ 0, 0, 16, 1 ], "rotation": 90, "texture": "#iron_block" },
        "south": { "uv": [ 0, 0, 1.5, 16 ], "rotation": 270, "texture": "#iron_block" },
        "west":  { "uv": [ 7.5, 6, 16, 16 ], "texture": "#iron_block" }
    }
},
{
    "__comment": "HeadSide",
    "from": [ 5.5, 20.5, 8.5 ],
    "to": [ 6, 22.5, 11 ],
    "faces": {
        "down":  { "uv": [ 0, 0, 16, 1.5 ], "rotation": 270, "texture": "#iron_block" },
        "up":    { "uv": [ 0, 0, 16, 2 ], "rotation": 270, "texture": "#iron_block" },
        "north": { "uv": [ 0, 0, 16, 2 ], "rotation": 90, "texture": "#iron_block" },
        "south": { "uv": [ 0, 0, 16, 2 ], "rotation": 270, "texture": "#iron_block" },
        "west":  { "uv": [ 8, 0, 16, 8 ], "texture": "#iron_block" }
    }
},
{
    "__comment": "HeadSide",
    "from": [ 5, 21, 6.5 ],
    "to": [ 5.5, 22.5, 8.5 ],
    "faces": {
        "down":  { "uv": [ 0, 0, 16, 2.5 ], "rotation": 270, "texture": "#iron_block" },
        "up":    { "uv": [ 0, 0, 16, 1.5 ], "rotation": 270, "texture": "#iron_block" },
        "north": { "uv": [ 0, 0, 16, 1.5 ], "rotation": 90, "texture": "#iron_block" },
        "south": { "uv": [ 0, 0, 16, 2 ], "rotation": 270, "texture": "#iron_block" },
        "west":  { "uv": [ 0, 0, 9.5, 9.5 ], "texture": "#iron_block" }
    }
},
{
    "__comment": "HeadSide",
    "from": [ 9, 20.5, 5 ],
    "to": [ 11, 23, 5.5 ],
    "faces": {
        "down":  { "uv": [ 0, 0, 16, 1.5 ], "rotation": 180, "texture": "#iron_block" },
        "up":    { "uv": [ 0, 0, 16, 2.5 ], "texture": "#iron_block" },
        "north": { "uv": [ 6.5, 6.5, 16, 16 ], "rotation": 180, "texture": "#iron_block" },
        "west":  { "uv": [ 0, 0, 16, 1.5 ], "rotation": 270, "texture": "#iron_block" },
        "east":  { "uv": [ 0, 0, 16, 2 ], "rotation": 90, "texture": "#iron_block" }
    }
},
{
    "__comment": "HeadSide",
    "from": [ 5.5, 17.5, 5.5 ],
    "to": [ 8, 20, 6 ],
    "faces": {
        "down":  { "uv": [ 0, 0, 16, 1.5 ], "rotation": 180, "texture": "#iron_block" },
        "up":    { "uv": [ 0, 0, 16, 2.5 ], "texture": "#iron_block" },
        "north": { "uv": [ 0, 0, 9.5, 9.5 ], "rotation": 180, "texture": "#iron_block" },
        "west":  { "uv": [ 0, 0, 16, 1.5 ], "rotation": 270, "texture": "#iron_block" },
        "east":  { "uv": [ 0, 0, 16, 2 ], "rotation": 90, "texture": "#iron_block" }
    }
},
{
    "__comment": "HeadSide",
    "from": [ 6, 20.5, 5 ],
    "to": [ 8.5, 23, 5.5 ],
    "faces": {
        "down":  { "uv": [ 0, 0, 16, 1.5 ], "rotation": 180, "texture": "#iron_block" },
        "up":    { "uv": [ 0, 0, 16, 2.5 ], "texture": "#iron_block" },
        "north": { "uv": [ 0, 6.5, 9.5, 16 ], "rotation": 180, "texture": "#iron_block" },
        "west":  { "uv": [ 0, 0, 16, 1.5 ], "rotation": 270, "texture": "#iron_block" },
        "east":  { "uv": [ 0, 0, 16, 2 ], "rotation": 90, "texture": "#iron_block" }
    }
},
{
    "__comment": "HeadSide",
    "from": [ 8.5, 17.5, 5 ],
    "to": [ 11, 20, 5.5 ],
    "faces": {
        "down":  { "uv": [ 0, 0, 16, 1.5 ], "rotation": 180, "texture": "#iron_block" },
        "up":    { "uv": [ 0, 0, 16, 2.5 ], "texture": "#iron_block" },
        "north": { "uv": [ 6.5, 0, 16, 9.5 ], "rotation": 180, "texture": "#iron_block" },
        "west":  { "uv": [ 0, 0, 16, 1.5 ], "rotation": 270, "texture": "#iron_block" },
        "east":  { "uv": [ 0, 0, 16, 2 ], "rotation": 90, "texture": "#iron_block" }
    }
}
],
"display": {
    "thirdperson_righthand": {
        "rotation": [ 65, 180, 0 ],
        "translation": [ -6.61, -2.46, 11.53 ],
        "scale": [ 2.67, 2.67, 2.67 ]
    },
    "thirdperson_lefthand": {
        "rotation": [ 65, 180, 0 ],
        "translation": [ -6.05, -2.46, 11.53 ],
        "scale": [ 2.67, 2.67, 2.67 ]
    },
    "head": {
        "rotation": [ 0, 180, 0 ],
        "translation": [ 0, -8.13, 0 ],
        "scale": [ 4, 4, 4 ]
    }
}
}