{
"__comment": "Designed by 1e938Naoxia with BDcraft Cubik PRO 0.96 Beta - http://bdcraft.net",
"textures": {
    "texture": "items/No0012",
    "No0002": "items/No0002",
    "No0024": "items/No0024",
    "No0012": "items/No0012",
    "No0034": "items/No0034",
    "No0102": "items/No0102",
    "No0201": "items/No0201",
    "No0072": "items/No0072",
    "No0122": "items/No0122",
    "No0192": "items/No0192"
},
"elements": [ 
{
    "from": [ 4, 2.5, 4 ],
    "to": [ 12, 10.5, 12 ],
    "faces": {
        "down":  { "uv": [ 0, 0, 16, 16 ], "texture": "#No0034" },
        "up":    { "uv": [ 0, 0, 16, 16 ], "texture": "#No0012" },
        "north": { "uv": [ 0, 0, 16, 16 ], "texture": "#No0002" },
        "south": { "uv": [ 0, 0, 16, 16 ], "texture": "#No0102" },
        "west":  { "uv": [ 0, 0, 16, 16 ], "texture": "#No0024" },
        "east":  { "uv": [ 0, 0, 16, 16 ], "texture": "#No0201", "cullface": "east" }
    }
},
{
    "from": [ 6, 3, 6 ],
    "to": [ 10, 7, 10 ],
    "faces": {
        "down":  { "uv": [ 0, 0, 16, 16 ], "texture": "#No0122" },
        "up":    { "uv": [ 0, 0, 16, 16 ], "texture": "#No0122" },
        "north": { "uv": [ 0, 0, 16, 16 ], "texture": "#No0122" },
        "south": { "uv": [ 0, 0, 16, 16 ], "texture": "#No0122" },
        "west":  { "uv": [ 0, 0, 16, 16 ], "texture": "#No0192" },
        "east":  { "uv": [ 0, 0, 16, 16 ], "texture": "#No0192" }
    }
},
{
    "from": [ 4.5, 9.9375, 4.5 ],
    "to": [ 11.5, 10, 11.5 ],
    "faces": {
        "down":  { "uv": [ 11.5, 11.5, 4.5, 4.5 ], "texture": "#No0072" }
    }
},
{
    "from": [ 4.5, 2.9375, 4.5 ],
    "to": [ 11.5, 3, 11.5 ],
    "faces": {
        "up":    { "uv": [ 4.5, 4.5, 11.5, 11.5 ], "texture": "#No0072" }
    }
},
{
    "from": [ 4.5, 3, 4.5 ],
    "to": [ 4.5625, 10, 11.5 ],
    "faces": {
        "east":  { "uv": [ 4.5, 6, 11.5, 13 ], "texture": "#No0072" }
    }
},
{
    "from": [ 11.5, 3, 4.5 ],
    "to": [ 11.5625, 10, 11.5 ],
    "faces": {
        "east":  { "uv": [ 4.5, 6, 11.5, 13 ], "texture": "#No0072" }
    }
},
{
    "from": [ 4.5, 3, 4.5 ],
    "to": [ 11.5, 10, 4.5625 ],
    "faces": {
        "north": { "uv": [ 4.5, 6, 11.5, 13 ], "texture": "#No0072" }
    }
},
{
    "from": [ 4.5, 3, 11.5 ],
    "to": [ 11.5, 10, 11.5625 ],
    "faces": {
        "south": { "uv": [ 4.5, 6, 11.5, 13 ], "texture": "#No0072" }
    }
}
],
"display": {
    "thirdperson_righthand": {
        "rotation": [ 79, 71, 16 ],
        "translation": [ 0.94, 3.21, 2.27 ],
        "scale": [ 2.3, 0.13, 0.03 ]
    },
    "thirdperson_lefthand": {
        "rotation": [ 47, 6, -3 ],
        "translation": [ -6.24, -0.94, 6.8 ],
        "scale": [ 1, 1, 1 ]
    },
    "head": {
        "rotation": [ 50, 47, -37 ],
        "translation": [ 0, 9.07, 0 ],
        "scale": [ 0.38, 0.19, 0.25 ]
    },
    "ground": {
        "rotation": [ -82, 6, 0 ],
        "translation": [ 0.38, -17.2, 0 ],
        "scale": [ 0.83, -0.06, 0.06 ]
    },
    "fixed": {
        "rotation": [ 0, 0, 0 ],
        "translation": [ 0, 0, 0 ],
        "scale": [ 1.83, -0.09, 1.2 ]
    },
    "firstperson_righthand": {
        "rotation": [ 0, -74, 0 ],
        "translation": [ 0, -6.99, 0 ],
        "scale": [ 1, 1, 1 ]
    },
    "firstperson_lefthand": {
        "rotation": [ 0, 0, 0 ],
        "translation": [ 0, -9.64, 0 ],
        "scale": [ 1, 1, 1 ]
    },
    "gui": {
        "rotation": [ -37, -67, -94 ],
        "translation": [ 2.27, 0, 0 ],
        "scale": [ 0.03, 0.22, 0.13 ]
    }
}
}