{
"__comment": "Designed by 1e938Naoxia with BDcraft Cubik PRO 0.96 Beta - http://bdcraft.net",
"textures": {
    "log_oak": "blocks/log_oak",
    "log_oak_top": "blocks/log_oak_top",
    "leaves_oak": "blocks/leaves_oak",
    "obsidian": "blocks/obsidian"
},
"elements": [ 
{
    "__comment": "side02",
    "from": [ 6.5, 0.5, 10 ],
    "to": [ 12.5, 1.5, 17 ],
    "faces": {
        "down":  { "uv": [ 12.5, 11, 6.5, 4 ], "texture": "#log_oak" },
        "up":    { "uv": [ 3, 3, 13, 13.5 ], "texture": "#log_oak_top" },
        "north": { "uv": [ 6.5, 14.5, 12.5, 15.5 ], "texture": "#log_oak" },
        "south": { "uv": [ 3.5, 14.5, 9.5, 15.5 ], "texture": "#log_oak" },
        "west":  { "uv": [ 4, 14.5, 11, 15.5 ], "texture": "#log_oak" }
    }
},
{
    "__comment": "side03",
    "from": [ 2, 1, 10.5 ],
    "to": [ 6.5, 2, 16 ],
    "faces": {
        "down":  { "uv": [ 16, 10, 12.5, 4.5 ], "texture": "#log_oak" },
        "up":    { "uv": [ 5.5, 5.5, 10.5, 11 ], "texture": "#log_oak_top" },
        "north": { "uv": [ 12.5, 14, 16, 15 ], "texture": "#log_oak" },
        "south": { "uv": [ 0, 14, 3.5, 15 ], "texture": "#log_oak" },
        "west":  { "uv": [ 4.5, 14, 10, 15 ], "texture": "#log_oak" }
    }
},
{
    "__comment": "side02",
    "from": [ 6.5, 1, 10 ],
    "to": [ 7.5, 2, 17 ],
    "rotation": { "origin": [ 6.5, 2, 10 ], "axis": "z", "angle": -45 },
    "faces": {
        "down":  { "uv": [ 14, 9.5, 13, 6 ], "texture": "#log_oak" },
        "up":    { "uv": [ 2, 6, 3, 9.5 ], "texture": "#log_oak_top" },
        "north": { "uv": [ 13, 13.5, 14, 14.5 ], "texture": "#log_oak" },
        "south": { "uv": [ 2, 13.5, 3, 14.5 ], "texture": "#log_oak" },
        "west":  { "uv": [ 6, 13.5, 9.5, 14.5 ], "texture": "#log_oak" },
        "east":  { "uv": [ 6.5, 13.5, 10, 14.5 ], "texture": "#log_oak" }
    }
},
{
    "__comment": "side02",
    "from": [ 12.5, 0.5, 10 ],
    "to": [ 13.5, 1.5, 17 ],
    "rotation": { "origin": [ 12.5, 1.5, 10 ], "axis": "z", "angle": -45 },
    "faces": {
        "down":  { "uv": [ 10.5, 9.5, 9.5, 6 ], "texture": "#log_oak" },
        "up":    { "uv": [ 5.5, 6, 6.5, 9.5 ], "texture": "#log_oak_top" },
        "north": { "uv": [ 9.5, 14.5, 10.5, 15.5 ], "texture": "#log_oak" },
        "south": { "uv": [ 5.5, 14.5, 6.5, 15.5 ], "texture": "#log_oak" },
        "east":  { "uv": [ 6.5, 14.5, 10, 15.5 ], "texture": "#log_oak" }
    }
},
{
    "__comment": "side02",
    "from": [ 6.5, 1.5, 10 ],
    "to": [ 12.5, 2.5, 11 ],
    "faces": {
        "up":    { "uv": [ 3.5, 10, 9.5, 11 ], "texture": "#log_oak_top" },
        "north": { "uv": [ 6.5, 13.5, 12.5, 14.5 ], "texture": "#log_oak" },
        "south": { "uv": [ 3.5, 13.5, 9.5, 14.5 ], "texture": "#log_oak" },
        "west":  { "uv": [ 10, 13.5, 11, 14.5 ], "texture": "#log_oak" },
        "east":  { "uv": [ 5, 13.5, 6, 14.5 ], "texture": "#log_oak" }
    }
},
{
    "__comment": "side02",
    "from": [ 6.5, 1.5, 16 ],
    "to": [ 12.5, 2.5, 17 ],
    "faces": {
        "up":    { "uv": [ 3.5, 10, 9.5, 11 ], "texture": "#log_oak_top" },
        "north": { "uv": [ 6.5, 13.5, 12.5, 14.5 ], "texture": "#log_oak" },
        "south": { "uv": [ 3.5, 13.5, 9.5, 14.5 ], "texture": "#log_oak" },
        "west":  { "uv": [ 10, 13.5, 11, 14.5 ], "texture": "#log_oak" },
        "east":  { "uv": [ 5, 13.5, 6, 14.5 ], "texture": "#log_oak" }
    }
},
{
    "__comment": "side03",
    "from": [ 2, 2, 10.5 ],
    "to": [ 6.5, 3, 11.5 ],
    "faces": {
        "up":    { "uv": [ 0, 4.5, 3.5, 5.5 ], "texture": "#log_oak_top" },
        "north": { "uv": [ 12.5, 13, 16, 14 ], "texture": "#log_oak" },
        "south": { "uv": [ 0, 13, 3.5, 14 ], "texture": "#log_oak" },
        "west":  { "uv": [ 4.5, 13, 5.5, 14 ], "texture": "#log_oak" },
        "east":  { "uv": [ 10.5, 13, 11.5, 14 ], "texture": "#log_oak" }
    }
},
{
    "__comment": "side03",
    "from": [ 2, 2, 15 ],
    "to": [ 6.5, 3, 16 ],
    "faces": {
        "up":    { "uv": [ 0, 9, 3.5, 10 ], "texture": "#log_oak_top" },
        "north": { "uv": [ 12.5, 13, 16, 14 ], "texture": "#log_oak" },
        "south": { "uv": [ 0, 13, 3.5, 14 ], "texture": "#log_oak" },
        "west":  { "uv": [ 9, 13, 10, 14 ], "texture": "#log_oak" },
        "east":  { "uv": [ 6, 13, 7, 14 ], "texture": "#log_oak" }
    }
},
{
    "__comment": "side03",
    "from": [ 1, 2, 11.5 ],
    "to": [ 2, 3, 15 ],
    "faces": {
        "down":  { "uv": [ 16, 9, 16, 5.5 ], "texture": "#log_oak" },
        "up":    { "uv": [ 0, 5.5, 0, 9 ], "texture": "#log_oak_top" },
        "north": { "uv": [ 16, 13, 16, 14 ], "texture": "#log_oak" },
        "south": { "uv": [ 0, 13, 0, 14 ], "texture": "#log_oak" },
        "west":  { "uv": [ 5.5, 13, 9, 14 ], "texture": "#log_oak" },
        "east":  { "uv": [ 7, 13, 10.5, 14 ], "texture": "#log_oak" }
    }
},
{
    "__comment": "side03",
    "from": [ 2, 1.5, 11 ],
    "to": [ 3, 2.5, 15 ],
    "rotation": { "origin": [ 2, 2.5, 11 ], "axis": "z", "angle": -45 },
    "faces": {
        "down":  { "uv": [ 16, 9, 16, 5 ], "texture": "#log_oak" },
        "up":    { "uv": [ 0, 5, 0, 9 ], "texture": "#log_oak_top" },
        "north": { "uv": [ 16, 13.5, 16, 14.5 ], "texture": "#log_oak" },
        "south": { "uv": [ 0, 13.5, 0, 14.5 ], "texture": "#log_oak" },
        "west":  { "uv": [ 5, 13.5, 9, 14.5 ], "texture": "#log_oak" },
        "east":  { "uv": [ 7, 13.5, 11, 14.5 ], "texture": "#log_oak" }
    }
},
{
    "__comment": "teeth",
    "from": [ 7, 4.5, 15.5 ],
    "to": [ 7.5, 6.5, 16 ],
    "faces": {
        "up":    { "uv": [ 0, 0, 16, 16 ], "texture": "#obsidian" },
        "north": { "uv": [ 0, 0, 16, 16 ], "texture": "#obsidian" },
        "south": { "uv": [ 0, 0, 16, 16 ], "texture": "#obsidian" },
        "west":  { "uv": [ 0, 0, 16, 16 ], "texture": "#obsidian" },
        "east":  { "uv": [ 0, 0, 16, 16 ], "texture": "#obsidian" }
    }
},
{
    "__comment": "teeth",
    "from": [ 6.5, 2.5, 10.5 ],
    "to": [ 7.5, 4.5, 11.5 ],
    "faces": {
        "down":  { "uv": [ 0, 0, 16, 16 ], "texture": "#obsidian" },
        "up":    { "uv": [ 0, 0, 16, 16 ], "texture": "#obsidian" },
        "north": { "uv": [ 0, 0, 16, 16 ], "texture": "#obsidian" },
        "south": { "uv": [ 0, 0, 16, 16 ], "texture": "#obsidian" },
        "west":  { "uv": [ 0, 0, 16, 16 ], "texture": "#obsidian" },
        "east":  { "uv": [ 0, 0, 16, 16 ], "texture": "#obsidian" }
    }
},
{
    "__comment": "teeth",
    "from": [ 7, 4.5, 11 ],
    "to": [ 7.5, 6.5, 11.5 ],
    "faces": {
        "up":    { "uv": [ 0, 0, 16, 16 ], "texture": "#obsidian" },
        "north": { "uv": [ 0, 0, 16, 16 ], "texture": "#obsidian" },
        "south": { "uv": [ 0, 0, 16, 16 ], "texture": "#obsidian" },
        "west":  { "uv": [ 0, 0, 16, 16 ], "texture": "#obsidian" },
        "east":  { "uv": [ 0, 0, 16, 16 ], "texture": "#obsidian" }
    }
},
{
    "__comment": "teeth",
    "from": [ 6.5, 2.5, 15.5 ],
    "to": [ 7.5, 4.5, 16.5 ],
    "faces": {
        "down":  { "uv": [ 0, 0, 16, 16 ], "texture": "#obsidian" },
        "up":    { "uv": [ 0, 0, 16, 16 ], "texture": "#obsidian" },
        "north": { "uv": [ 0, 0, 16, 16 ], "texture": "#obsidian" },
        "south": { "uv": [ 0, 0, 16, 16 ], "texture": "#obsidian" },
        "west":  { "uv": [ 0, 0, 16, 16 ], "texture": "#obsidian" },
        "east":  { "uv": [ 0, 0, 16, 16 ], "texture": "#obsidian" }
    }
},
{
    "__comment": "teeth*",
    "from": [ 2, 5, 14.5 ],
    "to": [ 2.5, 7, 15 ],
    "faces": {
        "up":    { "uv": [ 0, 0, 16, 16 ], "texture": "#obsidian" },
        "north": { "uv": [ 0, 0, 16, 16 ], "texture": "#obsidian" },
        "south": { "uv": [ 0, 0, 16, 16 ], "texture": "#obsidian" },
        "west":  { "uv": [ 0, 0, 16, 16 ], "texture": "#obsidian" },
        "east":  { "uv": [ 0, 0, 16, 16 ], "texture": "#obsidian" }
    }
},
{
    "__comment": "teeth*",
    "from": [ 1.5, 3, 11 ],
    "to": [ 2.5, 5, 12 ],
    "faces": {
        "down":  { "uv": [ 0, 0, 16, 16 ], "texture": "#obsidian" },
        "up":    { "uv": [ 0, 0, 16, 16 ], "texture": "#obsidian" },
        "north": { "uv": [ 0, 0, 16, 16 ], "texture": "#obsidian" },
        "south": { "uv": [ 0, 0, 16, 16 ], "texture": "#obsidian" },
        "west":  { "uv": [ 0, 0, 16, 16 ], "texture": "#obsidian" },
        "east":  { "uv": [ 0, 0, 16, 16 ], "texture": "#obsidian" }
    }
},
{
    "__comment": "teeth*",
    "from": [ 2, 5, 11.5 ],
    "to": [ 2.5, 7, 12 ],
    "faces": {
        "up":    { "uv": [ 0, 0, 16, 16 ], "texture": "#obsidian" },
        "north": { "uv": [ 0, 0, 16, 16 ], "texture": "#obsidian" },
        "south": { "uv": [ 0, 0, 16, 16 ], "texture": "#obsidian" },
        "west":  { "uv": [ 0, 0, 16, 16 ], "texture": "#obsidian" },
        "east":  { "uv": [ 0, 0, 16, 16 ], "texture": "#obsidian" }
    }
},
{
    "__comment": "teeth*",
    "from": [ 1.5, 3, 14.5 ],
    "to": [ 2.5, 5, 15.5 ],
    "faces": {
        "down":  { "uv": [ 0, 0, 16, 16 ], "texture": "#obsidian" },
        "up":    { "uv": [ 0, 0, 16, 16 ], "texture": "#obsidian" },
        "north": { "uv": [ 0, 0, 16, 16 ], "texture": "#obsidian" },
        "south": { "uv": [ 0, 0, 16, 16 ], "texture": "#obsidian" },
        "west":  { "uv": [ 0, 0, 16, 16 ], "texture": "#obsidian" },
        "east":  { "uv": [ 0, 0, 16, 16 ], "texture": "#obsidian" }
    }
},
{
    "__comment": "teeth02",
    "from": [ 11.3946, 1.275, 12.625 ],
    "to": [ 12.3946, 2.275, 13.625 ],
    "rotation": { "origin": [ 11.3946, 2.275, 12.625 ], "axis": "z", "angle": -45 },
    "faces": {
        "north": { "uv": [ 3.5, 7.5, 9.5, 11 ], "rotation": 90, "texture": "#leaves_oak" }
    }
},
{
    "__comment": "teeth02",
    "from": [ 11.0625, 1, 14.5 ],
    "to": [ 12.0625, 2, 15.5 ],
    "rotation": { "origin": [ 11.0625, 2, 14.5 ], "axis": "z", "angle": -45 },
    "faces": {
        "north": { "uv": [ 3.5, 7.5, 9.5, 11 ], "rotation": 90, "texture": "#leaves_oak" }
    }
},
{
    "__comment": "teeth02",
    "from": [ 10.5, 1.25, 12.5196 ],
    "to": [ 11.5, 2.25, 13.5196 ],
    "rotation": { "origin": [ 10.5, 2.25, 12.5196 ], "axis": "x", "angle": 45 },
    "faces": {
        "east":  { "uv": [ 3.5, 7.5, 9.5, 11 ], "rotation": 90, "texture": "#leaves_oak" }
    }
},
{
    "__comment": "teeth02",
    "from": [ 10, 1, 14.5625 ],
    "to": [ 11, 2, 15.5625 ],
    "rotation": { "origin": [ 10, 2, 14.5625 ], "axis": "x", "angle": 45 },
    "faces": {
        "east":  { "uv": [ 3.5, 7.5, 9.5, 11 ], "rotation": 90, "texture": "#leaves_oak" }
    }
},
{
    "__comment": "teeth02",
    "from": [ 9.4375, 1, 12.5 ],
    "to": [ 10.4375, 2, 13.5 ],
    "rotation": { "origin": [ 9.4375, 2, 12.5 ], "axis": "z", "angle": -45 },
    "faces": {
        "north": { "uv": [ 3.5, 7.5, 9.5, 11 ], "rotation": 90, "texture": "#leaves_oak" }
    }
},
{
    "__comment": "teeth02",
    "from": [ 9.0625, 1, 14.5 ],
    "to": [ 10.0625, 2, 15.5 ],
    "rotation": { "origin": [ 9.0625, 2, 14.5 ], "axis": "z", "angle": -45 },
    "faces": {
        "north": { "uv": [ 3.5, 7.5, 9.5, 11 ], "rotation": 90, "texture": "#leaves_oak" }
    }
},
{
    "__comment": "teeth02",
    "from": [ 8.5, 1, 12.5 ],
    "to": [ 9.5, 2, 13.5 ],
    "rotation": { "origin": [ 8.5, 2, 12.5 ], "axis": "x", "angle": 45 },
    "faces": {
        "east":  { "uv": [ 3.5, 7.5, 9.5, 11 ], "rotation": 90, "texture": "#leaves_oak" }
    }
},
{
    "__comment": "teeth02",
    "from": [ 8, 1, 14.5625 ],
    "to": [ 9, 2, 15.5625 ],
    "rotation": { "origin": [ 8, 2, 14.5625 ], "axis": "x", "angle": 45 },
    "faces": {
        "east":  { "uv": [ 3.5, 7.5, 9.5, 11 ], "rotation": 90, "texture": "#leaves_oak" }
    }
},
{
    "__comment": "teeth02",
    "from": [ 7.89461, 1, 13 ],
    "to": [ 8.89461, 2, 14 ],
    "rotation": { "origin": [ 7.89461, 2, 13 ], "axis": "z", "angle": -45 },
    "faces": {
        "north": { "uv": [ 3.5, 7.5, 9.5, 11 ], "rotation": 90, "texture": "#leaves_oak" }
    }
},
{
    "__comment": "teeth02",
    "from": [ 7, 1, 12.9571 ],
    "to": [ 8, 2, 13.9571 ],
    "rotation": { "origin": [ 7, 2, 12.9571 ], "axis": "x", "angle": 45 },
    "faces": {
        "east":  { "uv": [ 3.5, 7.5, 9.5, 11 ], "rotation": 90, "texture": "#leaves_oak" }
    }
}
],
"display": {
    "thirdperson_righthand": {
        "rotation": [ 68, -90, 0 ],
        "translation": [ 16, 25, 5 ],
        "scale": [ 4, 4, 4 ]
    },
    "thirdperson_lefthand": {
        "rotation": [ 24, -90, 0 ],
        "translation": [ 16, -8, 29 ],
        "scale": [ 4, 4, 4 ]
    },
    "head": {
        "rotation": [ 0, 0, 0 ],
        "translation": [ 0, 0, 0 ],
        "scale": [ 1, 1, 1 ]
    },
    "ground": {
        "rotation": [ 0, 0, 0 ],
        "translation": [ 0, 0, 0 ],
        "scale": [ 1, 1, 1 ]
    },
    "fixed": {
        "rotation": [ 0, 0, 0 ],
        "translation": [ 0, 0, 0 ],
        "scale": [ 1, 1, 1 ]
    },
    "firstperson_righthand": {
        "rotation": [ 0, 0, 0 ],
        "translation": [ 0, 0, 0 ],
        "scale": [ 1, 1, 1 ]
    },
    "firstperson_lefthand": {
        "rotation": [ 0, 0, 0 ],
        "translation": [ 0, 0, 0 ],
        "scale": [ 1, 1, 1 ]
    },
    "gui": {
        "rotation": [ 0, 0, 0 ],
        "translation": [ 0, 0, 0 ],
        "scale": [ 1, 1, 1 ]
    }
}
}