{
"__comment": "Designed by 1e938Naoxia with BDcraft Cubik PRO 0.96 Beta - http://bdcraft.net",
"textures": {
    "log_oak": "blocks/log_oak",
    "log_oak_top": "blocks/log_oak_top",
    "leaves_oak": "blocks/leaves_oak",
    "obsidian": "blocks/obsidian",
    "fern": "blocks/fern"
},
"elements": [ 
{
    "__comment": "side01",
    "from": [ 5.5, -2, 5 ],
    "to": [ 11, 3, 10 ],
    "faces": {
        "down":  { "uv": [ 0, 0, 16, 16 ], "rotation": 90, "texture": "#log_oak_top" },
        "up":    { "uv": [ 0, 0, 16, 16 ], "texture": "#log_oak_top" },
        "north": { "uv": [ 0, 0, 16, 16 ], "texture": "#log_oak" },
        "south": { "uv": [ 0, 0, 16, 16 ], "texture": "#log_oak" },
        "west":  { "uv": [ 0, 0, 16, 16 ], "texture": "#log_oak" },
        "east":  { "uv": [ 0, 0, 16, 16 ], "texture": "#log_oak" }
    }
},
{
    "__comment": "side01",
    "from": [ 1.5, 15, 1.5 ],
    "to": [ 14.5, 16, 14.5 ],
    "faces": {
        "up":    { "uv": [ 0, 0, 16, 16 ], "texture": "#leaves_oak" },
        "north": { "uv": [ 0, 9, 16, 10 ], "texture": "#leaves_oak" },
        "south": { "uv": [ 0, 7.5, 16, 8.5 ], "texture": "#leaves_oak" },
        "west":  { "uv": [ 0, 8.5, 16, 9.5 ], "texture": "#leaves_oak" },
        "east":  { "uv": [ 0, 8, 16, 9 ], "texture": "#leaves_oak" }
    }
},
{
    "__comment": "side01*",
    "from": [ 0, 13.5, 0 ],
    "to": [ 16, 15, 16 ],
    "faces": {
        "down":  { "uv": [ 0, 0, 16, 16 ], "rotation": 90, "texture": "#log_oak" },
        "up":    { "uv": [ 0, 0, 16, 16 ], "texture": "#log_oak_top" },
        "north": { "uv": [ 0, 0, 16, 3 ], "texture": "#log_oak" },
        "south": { "uv": [ 0, 0, 16, 3.5 ], "texture": "#log_oak" },
        "west":  { "uv": [ 0, 0, 16, 3 ], "texture": "#log_oak" },
        "east":  { "uv": [ 0, 0, 16, 3.5 ], "texture": "#log_oak" }
    }
},
{
    "__comment": "side01*",
    "from": [ 5.5, 5.5, 3.5 ],
    "to": [ 11, 10.5, 8.5 ],
    "faces": {
        "down":  { "uv": [ 0, 0, 16, 16 ], "rotation": 90, "texture": "#log_oak_top" },
        "up":    { "uv": [ 0, 0, 16, 16 ], "texture": "#log_oak_top" },
        "north": { "uv": [ 0, 0, 16, 16 ], "texture": "#log_oak" },
        "south": { "uv": [ 0, 0, 16, 16 ], "texture": "#log_oak" },
        "west":  { "uv": [ 0, 0, 16, 16 ], "texture": "#log_oak" },
        "east":  { "uv": [ 0, 0, 16, 16 ], "texture": "#log_oak" }
    }
},
{
    "__comment": "side01*",
    "from": [ 5.5, 0.5, 3.5 ],
    "to": [ 11, 5.5, 8.5 ],
    "rotation": { "origin": [ 5.5, 5.5, 3.5 ], "axis": "x", "angle": -22.5 },
    "faces": {
        "down":  { "uv": [ 0, 0, 16, 16 ], "rotation": 90, "texture": "#log_oak_top" },
        "up":    { "uv": [ 0, 0, 16, 16 ], "texture": "#log_oak_top" },
        "north": { "uv": [ 0, 0, 16, 16 ], "texture": "#log_oak" },
        "south": { "uv": [ 0, 0, 16, 16 ], "texture": "#log_oak" },
        "west":  { "uv": [ 0, 0, 16, 16 ], "texture": "#log_oak" },
        "east":  { "uv": [ 0, 0, 16, 16 ], "texture": "#log_oak" }
    }
},
{
    "__comment": "side01*",
    "from": [ 5.5, 10, 5.5 ],
    "to": [ 11, 15, 10.5 ],
    "rotation": { "origin": [ 5.5, 15, 5.5 ], "axis": "x", "angle": 22.5 },
    "faces": {
        "down":  { "uv": [ 0, 0, 16, 16 ], "rotation": 90, "texture": "#log_oak_top" },
        "up":    { "uv": [ 0, 0, 16, 16 ], "texture": "#log_oak_top" },
        "north": { "uv": [ 0, 0, 16, 16 ], "texture": "#log_oak" },
        "south": { "uv": [ 0, 0, 16, 16 ], "texture": "#log_oak" },
        "west":  { "uv": [ 0, 0, 16, 16 ], "texture": "#log_oak" },
        "east":  { "uv": [ 0, 0, 16, 16 ], "texture": "#log_oak" }
    }
},
{
    "__comment": "fern",
    "from": [ 5.47592, 8.5, 4 ],
    "to": [ 5.53842, 13.5, 11 ],
    "rotation": { "origin": [ 5.47592, 13.5, 4 ], "axis": "z", "angle": -22.5 },
    "faces": {
        "east":  { "uv": [ 0, 0, 16, 16 ], "rotation": 180, "texture": "#fern" }
    }
},
{
    "__comment": "fern",
    "from": [ 11, 8.5, 4 ],
    "to": [ 11.0625, 13.5, 11 ],
    "rotation": { "origin": [ 11, 13.5, 4 ], "axis": "z", "angle": 22.5 },
    "faces": {
        "east":  { "uv": [ 0, 0, 16, 16 ], "rotation": 180, "texture": "#fern" }
    }
},
{
    "__comment": "fern",
    "from": [ 4.5, 7.5, 10.5 ],
    "to": [ 12, 13, 10.5625 ],
    "faces": {
        "south": { "uv": [ 0, 0, 16, 16 ], "rotation": 180, "texture": "#fern" }
    }
},
{
    "__comment": "fern",
    "from": [ 4.5, 6.5, 4.5 ],
    "to": [ 12, 13.5, 4.5625 ],
    "rotation": { "origin": [ 4.5, 13.5, 4.5 ], "axis": "x", "angle": 45 },
    "faces": {
        "north": { "uv": [ 0, 0, 16, 16 ], "rotation": 180, "texture": "#fern" },
        "south": { "uv": [ 0, 0, 16, 16 ], "rotation": 180, "texture": "#fern" }
    }
},
{
    "__comment": "fern*",
    "from": [ 5.5, 1.5, 2.5 ],
    "to": [ 5.5625, 6.5, 9.5 ],
    "rotation": { "origin": [ 5.5, 6.5, 2.5 ], "axis": "z", "angle": -22.5 },
    "faces": {
        "east":  { "uv": [ 0, 0, 16, 16 ], "rotation": 180, "texture": "#fern" }
    }
},
{
    "__comment": "fern*",
    "from": [ 11, 1.53858, 2.5 ],
    "to": [ 11.0625, 6.53858, 9.5 ],
    "rotation": { "origin": [ 11, 6.53858, 2.5 ], "axis": "z", "angle": 22.5 },
    "faces": {
        "east":  { "uv": [ 0, 0, 16, 16 ], "rotation": 180, "texture": "#fern" }
    }
},
{
    "__comment": "fern*",
    "from": [ 4.5, 1, 8.5 ],
    "to": [ 12, 6.5, 8.5625 ],
    "rotation": { "origin": [ 4.5, 6.5, 8.5 ], "axis": "x", "angle": -45 },
    "faces": {
        "south": { "uv": [ 0, 0, 16, 16 ], "rotation": 180, "texture": "#fern" }
    }
},
{
    "__comment": "fern*",
    "from": [ 4.5, 1.5, 3.5 ],
    "to": [ 12, 7, 3.5625 ],
    "rotation": { "origin": [ 4.5, 7, 3.5 ], "axis": "x", "angle": 22.5 },
    "faces": {
        "north": { "uv": [ 0, 0, 16, 16 ], "rotation": 180, "texture": "#fern" },
        "south": { "uv": [ 0, 0, 16, 16 ], "rotation": 180, "texture": "#fern" }
    }
},
{
    "__comment": "side01*",
    "from": [ 5.5, -9.5, 3.5 ],
    "to": [ 11, -4.5, 8.5 ],
    "faces": {
        "down":  { "uv": [ 0, 0, 16, 16 ], "rotation": 90, "texture": "#log_oak_top" },
        "up":    { "uv": [ 0, 0, 16, 16 ], "texture": "#log_oak_top" },
        "north": { "uv": [ 0, 0, 16, 16 ], "texture": "#log_oak" },
        "south": { "uv": [ 0, 0, 16, 16 ], "texture": "#log_oak" },
        "west":  { "uv": [ 0, 0, 16, 16 ], "texture": "#log_oak" },
        "east":  { "uv": [ 0, 0, 16, 16 ], "texture": "#log_oak" }
    }
},
{
    "__comment": "side01*",
    "from": [ 5.5, -14.5, 3.5 ],
    "to": [ 11, -9.5, 8.5 ],
    "rotation": { "origin": [ 5.5, -9.5, 3.5 ], "axis": "x", "angle": -22.5 },
    "faces": {
        "down":  { "uv": [ 0, 0, 16, 16 ], "rotation": 90, "texture": "#log_oak_top" },
        "up":    { "uv": [ 0, 0, 16, 16 ], "texture": "#log_oak_top" },
        "north": { "uv": [ 0, 0, 16, 16 ], "texture": "#log_oak" },
        "south": { "uv": [ 0, 0, 16, 16 ], "texture": "#log_oak" },
        "west":  { "uv": [ 0, 0, 16, 16 ], "texture": "#log_oak" },
        "east":  { "uv": [ 0, 0, 16, 16 ], "texture": "#log_oak" }
    }
},
{
    "__comment": "side01*",
    "from": [ 5.5, -5, 5.5 ],
    "to": [ 11, 0, 10.5 ],
    "rotation": { "origin": [ 5.5, 0, 5.5 ], "axis": "x", "angle": 22.5 },
    "faces": {
        "down":  { "uv": [ 0, 0, 16, 16 ], "rotation": 90, "texture": "#log_oak_top" },
        "up":    { "uv": [ 0, 0, 16, 16 ], "texture": "#log_oak_top" },
        "north": { "uv": [ 0, 0, 16, 16 ], "texture": "#log_oak" },
        "south": { "uv": [ 0, 0, 16, 16 ], "texture": "#log_oak" },
        "west":  { "uv": [ 0, 0, 16, 16 ], "texture": "#log_oak" },
        "east":  { "uv": [ 0, 0, 16, 16 ], "texture": "#log_oak" }
    }
},
{
    "__comment": "fern*",
    "from": [ 5.47592, -6.5, 4 ],
    "to": [ 5.53842, -1.5, 11 ],
    "rotation": { "origin": [ 5.47592, -1.5, 4 ], "axis": "z", "angle": -22.5 },
    "faces": {
        "east":  { "uv": [ 0, 0, 16, 16 ], "rotation": 180, "texture": "#fern" }
    }
},
{
    "__comment": "fern*",
    "from": [ 11, -6.5, 4 ],
    "to": [ 11.0625, -1.5, 11 ],
    "rotation": { "origin": [ 11, -1.5, 4 ], "axis": "z", "angle": 22.5 },
    "faces": {
        "east":  { "uv": [ 0, 0, 16, 16 ], "rotation": 180, "texture": "#fern" }
    }
},
{
    "__comment": "fern*",
    "from": [ 4.5, -7.5, 10.5 ],
    "to": [ 12, -2, 10.5625 ],
    "faces": {
        "south": { "uv": [ 0, 0, 16, 16 ], "rotation": 180, "texture": "#fern" }
    }
},
{
    "__comment": "fern*",
    "from": [ 4.5, -8.5, 4.5 ],
    "to": [ 12, -1.5, 4.5625 ],
    "rotation": { "origin": [ 4.5, -1.5, 4.5 ], "axis": "x", "angle": 45 },
    "faces": {
        "north": { "uv": [ 0, 0, 16, 16 ], "rotation": 180, "texture": "#fern" },
        "south": { "uv": [ 0, 0, 16, 16 ], "rotation": 180, "texture": "#fern" }
    }
},
{
    "__comment": "fern*",
    "from": [ 5.5, -13.5, 2.5 ],
    "to": [ 5.5625, -8.5, 9.5 ],
    "rotation": { "origin": [ 5.5, -8.5, 2.5 ], "axis": "z", "angle": -22.5 },
    "faces": {
        "east":  { "uv": [ 0, 0, 16, 16 ], "rotation": 180, "texture": "#fern" }
    }
},
{
    "__comment": "fern*",
    "from": [ 11, -13.4614, 2.5 ],
    "to": [ 11.0625, -8.46142, 9.5 ],
    "rotation": { "origin": [ 11, -8.46142, 2.5 ], "axis": "z", "angle": 22.5 },
    "faces": {
        "east":  { "uv": [ 0, 0, 16, 16 ], "rotation": 180, "texture": "#fern" }
    }
},
{
    "__comment": "fern*",
    "from": [ 4.5, -14, 8.5 ],
    "to": [ 12, -8.5, 8.5625 ],
    "rotation": { "origin": [ 4.5, -8.5, 8.5 ], "axis": "x", "angle": -45 },
    "faces": {
        "south": { "uv": [ 0, 0, 16, 16 ], "rotation": 180, "texture": "#fern" }
    }
},
{
    "__comment": "fern*",
    "from": [ 4.5, -13.5, 3.5 ],
    "to": [ 12, -8, 3.5625 ],
    "rotation": { "origin": [ 4.5, -8, 3.5 ], "axis": "x", "angle": 22.5 },
    "faces": {
        "north": { "uv": [ 0, 0, 16, 16 ], "rotation": 180, "texture": "#fern" },
        "south": { "uv": [ 0, 0, 16, 16 ], "rotation": 180, "texture": "#fern" }
    }
}
],
"display": {
    "thirdperson_righthand": {
        "rotation": [ 69, -85, 0 ],
        "translation": [ -9.07, 20.41, 9.45 ],
        "scale": [ 4, 4, 4 ]
    },
    "thirdperson_lefthand": {
        "rotation": [ -14, 1, 0 ],
        "translation": [ 0, -6.43, 0 ],
        "scale": [ 1, 1, 1 ]
    },
    "head": {
        "rotation": [ 0, 0, 0 ],
        "translation": [ 0, -65, 0 ],
        "scale": [ 4, 4, 4 ]
    },
    "ground": {
        "rotation": [ 51, 0, 0 ],
        "translation": [ 0, 0, 0 ],
        "scale": [ 1, 1, 1 ]
    },
    "fixed": {
        "rotation": [ 91, 0, 0 ],
        "translation": [ 0, 0, 0 ],
        "scale": [ 1, 1, 1 ]
    },
    "firstperson_righthand": {
        "rotation": [ 0, 0, 0 ],
        "translation": [ 0, 0, 0 ],
        "scale": [ 1, 1, 1 ]
    },
    "firstperson_lefthand": {
        "rotation": [ 0, 0, 0 ],
        "translation": [ 0, 0, 0 ],
        "scale": [ 1, 1, 1 ]
    },
    "gui": {
        "rotation": [ 0, -1, 33 ],
        "translation": [ 0, 0, 0 ],
        "scale": [ 0.72, 0.66, 0.63 ]
    }
}
}