{
"__comment": "Designed in the where Naoxia with PRO 0.9999",
"textures": {
    "texture": "items/no0012",
    "no0002": "items/no0002",
    "no0024": "items/no0024",
    "no0012": "items/no0012",
    "no0034": "items/no0034",
    "no0102": "items/no0102",
    "no0201": "items/no0201",
    "no0072": "items/no0072",
    "no0122": "items/no0122",
    "no0192": "items/no0192"
},
"elements": [ 
{
    "from": [ 4, 10, 13 ],
    "to": [ 13, 14, 16 ],
    "faces": {
        "down":  { "uv": [ 0, 0, 13, 7 ], "texture": "#no0034" },
        "up":    { "uv": [ 0, 0, 14.5, 13 ], "texture": "#no0012" },
        "north": { "uv": [ 0, 0, 8, 6.5 ], "texture": "#no0002" },
        "south": { "uv": [ 0, 0, 8.5, 2 ], "texture": "#no0102" },
        "west":  { "uv": [ 0, 0, 11, 11.5 ], "texture": "#no0024" },
        "east":  { "uv": [ 0, 0, 6.5, 2.5 ], "texture": "#no0201", "cullface": "east" }
    }
},
{
    "from": [ 6, 10.5, 10.5 ],
    "to": [ 11, 13, 13 ],
    "faces": {
        "down":  { "uv": [ 0, 0, 14.5, 6.5 ], "texture": "#no0122" },
        "up":    { "uv": [ 0, 0, 10.5, 10 ], "texture": "#no0122" },
        "north": { "uv": [ 0, 0, 3, 15 ], "texture": "#no0122" },
        "south": { "uv": [ 0, 0, 7, 2 ], "texture": "#no0122" },
        "west":  { "uv": [ 2.5, 7, 10, 14 ], "texture": "#no0192" },
        "east":  { "uv": [ 0, 0, 8, 8 ], "texture": "#no0192" }
    }
},
{
    "from": [ 10.5, 9.9375, 4.5 ],
    "to": [ 13.5, 10, 7.5 ],
    "faces": {
        "down":  { "uv": [ 5.5, 7.5, 2.5, 4.5 ], "texture": "#no0072" }
    }
},
{
    "from": [ 3, 2.9375, 4.5 ],
    "to": [ 6, 3, 7.5 ],
    "faces": {
        "up":    { "uv": [ 3, 4.5, 6, 7.5 ], "texture": "#no0072" }
    }
},
{
    "from": [ 4.5, 11.5, 9.5 ],
    "to": [ 4.5625, 15.5, 13 ],
    "faces": {
        "east":  { "uv": [ 3, 0.5, 6.5, 4.5 ], "texture": "#no0072" }
    }
},
{
    "from": [ 11.5, 1.5, 10 ],
    "to": [ 11.5625, 5, 13 ],
    "faces": {
        "east":  { "uv": [ 3, 11, 6, 14.5 ], "texture": "#no0072" }
    }
},
{
    "from": [ 11.5, 0, 4.5 ],
    "to": [ 14.5, 3, 4.5625 ],
    "faces": {
        "north": { "uv": [ 1.5, 13, 4.5, 16 ], "texture": "#no0072" }
    }
},
{
    "from": [ 0, 12, 11.5 ],
    "to": [ 4, 16, 11.5625 ],
    "faces": {
        "south": { "uv": [ 0, 0, 4, 4 ], "texture": "#no0072" }
    }
}
],
"display": {
    "thirdperson_righthand": {
        "rotation": [ 79, 71, 16 ],
        "translation": [ 0.94, 3.21, 2.27 ],
        "scale": [ 2.3, 0.13, 0.03 ]
    },
    "thirdperson_lefthand": {
        "rotation": [ 47, 6, -3 ],
        "translation": [ -6.24, -0.94, 6.8 ],
        "scale": [ 1, 1, 1 ]
    },
    "head": {
        "rotation": [ 50, 47, -37 ],
        "translation": [ 0, 9.07, 0 ],
        "scale": [ 0.38, 0.19, 0.25 ]
    },
    "ground": {
        "rotation": [ -82, 6, 0 ],
        "translation": [ 0.38, -17.2, 0 ],
        "scale": [ 0.83, -0.06, 0.06 ]
    },
    "fixed": {
        "rotation": [ 0, 0, 0 ],
        "translation": [ 0, 0, 0 ],
        "scale": [ 1.83, -0.09, 1.2 ]
    },
    "firstperson_righthand": {
        "rotation": [ 0, -74, 0 ],
        "translation": [ 0, -6.99, 0 ],
        "scale": [ 1, 1, 1 ]
    },
    "firstperson_lefthand": {
        "rotation": [ 0, 0, 0 ],
        "translation": [ 0, -9.64, 0 ],
        "scale": [ 1, 1, 1 ]
    },
    "gui": {
        "rotation": [ -37, -67, -94 ],
        "translation": [ 2.27, 0, 0 ],
        "scale": [ 0.03, 0.22, 0.13 ]
    }
}
}