{
"__comment": "Designed in the where Naoxia with PRO 0.9999",
"textures": {
    "prismarine_rough": "blocks/prismarine_rough",
    "sea_lantern": "blocks/sea_lantern",
    "water_still": "blocks/water_still",
    "glowstone": "blocks/glowstone",
    "fire_layer_0": "blocks/fire_layer_0",
    "cobblestone_mossy": "blocks/cobblestone_mossy",
    "log_oak": "blocks/log_oak",
    "log_oak_top": "blocks/log_oak_top",
    "leaves_big_oakii": "items/leaves_big_oakii",
    "fernii": "items/fernii",
    "emerald": "items/emerald"
},
"elements": [ 
{
    "__comment": "001",
    "from": [ 3, 8.5, 7 ],
    "to": [ 6, 9.5, 12 ],
    "rotation": { "origin": [ 3, 9.5, 7 ], "axis": "z", "angle": 45 },
    "faces": {
        "down":  { "uv": [ 2.5, 3.5, 13, 14 ], "texture": "#sea_lantern" },
        "up":    { "uv": [ 3, 3, 12.5, 12.5 ], "texture": "#sea_lantern" },
        "north": { "uv": [ 2, 3, 13, 13.5 ], "texture": "#sea_lantern" },
        "south": { "uv": [ 2.5, 3, 13.5, 13.5 ], "texture": "#sea_lantern" },
        "west":  { "uv": [ 2.5, 3, 12, 12.5 ], "texture": "#sea_lantern" },
        "east":  { "uv": [ 2.5, 3, 13, 13.5 ], "texture": "#sea_lantern" }
    }
},
{
    "__comment": "001",
    "from": [ 5, 10.5, 7 ],
    "to": [ 9.5, 11.5, 12 ],
    "faces": {
        "down":  { "uv": [ 2.5, 3.5, 13, 14 ], "texture": "#sea_lantern" },
        "up":    { "uv": [ 3, 3, 12.5, 12.5 ], "texture": "#sea_lantern" },
        "north": { "uv": [ 2, 3, 13, 13.5 ], "texture": "#sea_lantern" },
        "south": { "uv": [ 2.5, 3, 13.5, 13.5 ], "texture": "#sea_lantern" },
        "west":  { "uv": [ 2.5, 3, 12, 12.5 ], "texture": "#sea_lantern" },
        "east":  { "uv": [ 2.5, 3, 13, 13.5 ], "texture": "#sea_lantern" }
    }
},
{
    "__comment": "001",
    "from": [ 4, 3, 7 ],
    "to": [ 10, 4, 12 ],
    "faces": {
        "down":  { "uv": [ 2.5, 3.5, 13, 14 ], "texture": "#sea_lantern" },
        "up":    { "uv": [ 3, 3, 12.5, 12.5 ], "texture": "#sea_lantern" },
        "north": { "uv": [ 2, 3, 13, 13.5 ], "texture": "#sea_lantern" },
        "south": { "uv": [ 2.5, 3, 13.5, 13.5 ], "texture": "#sea_lantern" },
        "west":  { "uv": [ 2.5, 3, 12, 12.5 ], "texture": "#sea_lantern" },
        "east":  { "uv": [ 2.5, 3, 13, 13.5 ], "texture": "#sea_lantern" }
    }
},
{
    "__comment": "001",
    "from": [ 9.5, 3, 7 ],
    "to": [ 13.5, 4, 12 ],
    "rotation": { "origin": [ 9.5, 4, 7 ], "axis": "z", "angle": 45 },
    "faces": {
        "down":  { "uv": [ 2.5, 3.5, 13, 14 ], "texture": "#sea_lantern" },
        "up":    { "uv": [ 3, 3, 12.5, 12.5 ], "texture": "#sea_lantern" },
        "north": { "uv": [ 2, 3, 13, 13.5 ], "texture": "#sea_lantern" },
        "south": { "uv": [ 2.5, 3, 13.5, 13.5 ], "texture": "#sea_lantern" },
        "west":  { "uv": [ 2.5, 3, 12, 12.5 ], "texture": "#sea_lantern" },
        "east":  { "uv": [ 2.5, 3, 13, 13.5 ], "texture": "#sea_lantern" }
    }
},
{
    "__comment": "001",
    "from": [ 2, 5.5, 7 ],
    "to": [ 6, 6.5, 12 ],
    "rotation": { "origin": [ 2, 6.5, 7 ], "axis": "z", "angle": -45 },
    "faces": {
        "down":  { "uv": [ 2.5, 3.5, 13, 14 ], "texture": "#sea_lantern" },
        "up":    { "uv": [ 3, 3, 12.5, 12.5 ], "texture": "#sea_lantern" },
        "north": { "uv": [ 2, 3, 13, 13.5 ], "texture": "#sea_lantern" },
        "south": { "uv": [ 2.5, 3, 13.5, 13.5 ], "texture": "#sea_lantern" },
        "west":  { "uv": [ 2.5, 3, 12, 12.5 ], "texture": "#sea_lantern" },
        "east":  { "uv": [ 2.5, 3, 13, 13.5 ], "texture": "#sea_lantern" }
    }
},
{
    "__comment": "001",
    "from": [ 9.5, 10.5, 7 ],
    "to": [ 12, 11.5, 12 ],
    "rotation": { "origin": [ 9.5, 11.5, 7 ], "axis": "z", "angle": -45 },
    "faces": {
        "down":  { "uv": [ 2.5, 3.5, 13, 14 ], "texture": "#sea_lantern" },
        "up":    { "uv": [ 3, 3, 12.5, 12.5 ], "texture": "#sea_lantern" },
        "north": { "uv": [ 2, 3, 13, 13.5 ], "texture": "#sea_lantern" },
        "south": { "uv": [ 2.5, 3, 13.5, 13.5 ], "texture": "#sea_lantern" },
        "west":  { "uv": [ 2.5, 3, 12, 12.5 ], "texture": "#sea_lantern" },
        "east":  { "uv": [ 2.5, 3, 13, 13.5 ], "texture": "#sea_lantern" }
    }
},
{
    "__comment": "001",
    "from": [ 3, 6, 7 ],
    "to": [ 4, 9.5, 12 ],
    "rotation": { "origin": [ 3, 9.5, 7 ], "axis": "z", "angle": -22.5 },
    "faces": {
        "down":  { "uv": [ 2.5, 3.5, 13, 14 ], "texture": "#sea_lantern" },
        "up":    { "uv": [ 3, 3, 12.5, 12.5 ], "texture": "#sea_lantern" },
        "north": { "uv": [ 2, 3, 13, 13.5 ], "texture": "#sea_lantern" },
        "south": { "uv": [ 2.5, 3, 13.5, 13.5 ], "texture": "#sea_lantern" },
        "west":  { "uv": [ 2.5, 3, 12, 12.5 ], "texture": "#sea_lantern" },
        "east":  { "uv": [ 2.5, 3, 13, 13.5 ], "texture": "#sea_lantern" }
    }
},
{
    "__comment": "001",
    "from": [ 10.5, 5.5, 7 ],
    "to": [ 11.5, 9.5, 12 ],
    "rotation": { "origin": [ 10.5, 9.5, 7 ], "axis": "z", "angle": 22.5 },
    "faces": {
        "down":  { "uv": [ 2.5, 3.5, 13, 14 ], "texture": "#sea_lantern" },
        "up":    { "uv": [ 3, 3, 12.5, 12.5 ], "texture": "#sea_lantern" },
        "north": { "uv": [ 2, 3, 13, 13.5 ], "texture": "#sea_lantern" },
        "south": { "uv": [ 2.5, 3, 13.5, 13.5 ], "texture": "#sea_lantern" },
        "west":  { "uv": [ 2.5, 3, 12, 12.5 ], "texture": "#sea_lantern" },
        "east":  { "uv": [ 2.5, 3, 13, 13.5 ], "texture": "#sea_lantern" }
    }
},
{
    "__comment": "001",
    "from": [ 3.68, 8.344, 11.136 ],
    "to": [ 6.272, 9.208, 15.456 ],
    "rotation": { "origin": [ 3.68, 9.208, 11.136 ], "axis": "z", "angle": 45 },
    "faces": {
        "down":  { "uv": [ 2.5, 3.5, 13, 14 ], "texture": "#sea_lantern" },
        "up":    { "uv": [ 3, 3, 12.5, 12.5 ], "texture": "#sea_lantern" },
        "north": { "uv": [ 2, 3, 13, 13.5 ], "texture": "#sea_lantern" },
        "south": { "uv": [ 2.5, 3, 13.5, 13.5 ], "texture": "#sea_lantern" },
        "west":  { "uv": [ 2.5, 3, 12, 12.5 ], "texture": "#sea_lantern" },
        "east":  { "uv": [ 2.5, 3, 13, 13.5 ], "texture": "#sea_lantern" }
    }
},
{
    "__comment": "001",
    "from": [ 5.408, 10.072, 11.136 ],
    "to": [ 9.296, 10.936, 15.456 ],
    "faces": {
        "down":  { "uv": [ 2.5, 3.5, 13, 14 ], "texture": "#sea_lantern" },
        "up":    { "uv": [ 3, 3, 12.5, 12.5 ], "texture": "#sea_lantern" },
        "north": { "uv": [ 2, 3, 13, 13.5 ], "texture": "#sea_lantern" },
        "south": { "uv": [ 2.5, 3, 13.5, 13.5 ], "texture": "#sea_lantern" },
        "west":  { "uv": [ 2.5, 3, 12, 12.5 ], "texture": "#sea_lantern" },
        "east":  { "uv": [ 2.5, 3, 13, 13.5 ], "texture": "#sea_lantern" }
    }
},
{
    "__comment": "001",
    "from": [ 4.544, 3.592, 11.136 ],
    "to": [ 9.728, 4.456, 15.456 ],
    "faces": {
        "down":  { "uv": [ 2.5, 3.5, 13, 14 ], "texture": "#sea_lantern" },
        "up":    { "uv": [ 3, 3, 12.5, 12.5 ], "texture": "#sea_lantern" },
        "north": { "uv": [ 2, 3, 13, 13.5 ], "texture": "#sea_lantern" },
        "south": { "uv": [ 2.5, 3, 13.5, 13.5 ], "texture": "#sea_lantern" },
        "west":  { "uv": [ 2.5, 3, 12, 12.5 ], "texture": "#sea_lantern" },
        "east":  { "uv": [ 2.5, 3, 13, 13.5 ], "texture": "#sea_lantern" }
    }
},
{
    "__comment": "001",
    "from": [ 9.296, 3.592, 11.136 ],
    "to": [ 12.752, 4.456, 15.456 ],
    "rotation": { "origin": [ 9.296, 4.456, 11.136 ], "axis": "z", "angle": 45 },
    "faces": {
        "down":  { "uv": [ 2.5, 3.5, 13, 14 ], "texture": "#sea_lantern" },
        "up":    { "uv": [ 3, 3, 12.5, 12.5 ], "texture": "#sea_lantern" },
        "north": { "uv": [ 2, 3, 13, 13.5 ], "texture": "#sea_lantern" },
        "south": { "uv": [ 2.5, 3, 13.5, 13.5 ], "texture": "#sea_lantern" },
        "west":  { "uv": [ 2.5, 3, 12, 12.5 ], "texture": "#sea_lantern" },
        "east":  { "uv": [ 2.5, 3, 13, 13.5 ], "texture": "#sea_lantern" }
    }
},
{
    "__comment": "001",
    "from": [ 2.816, 5.752, 11.136 ],
    "to": [ 6.272, 6.616, 15.456 ],
    "rotation": { "origin": [ 2.816, 6.616, 11.136 ], "axis": "z", "angle": -45 },
    "faces": {
        "down":  { "uv": [ 2.5, 3.5, 13, 14 ], "texture": "#sea_lantern" },
        "up":    { "uv": [ 3, 3, 12.5, 12.5 ], "texture": "#sea_lantern" },
        "north": { "uv": [ 2, 3, 13, 13.5 ], "texture": "#sea_lantern" },
        "south": { "uv": [ 2.5, 3, 13.5, 13.5 ], "texture": "#sea_lantern" },
        "west":  { "uv": [ 2.5, 3, 12, 12.5 ], "texture": "#sea_lantern" },
        "east":  { "uv": [ 2.5, 3, 13, 13.5 ], "texture": "#sea_lantern" }
    }
},
{
    "__comment": "001",
    "from": [ 9.296, 10.072, 11.136 ],
    "to": [ 11.456, 10.936, 15.456 ],
    "rotation": { "origin": [ 9.296, 10.936, 11.136 ], "axis": "z", "angle": -45 },
    "faces": {
        "down":  { "uv": [ 2.5, 3.5, 13, 14 ], "texture": "#sea_lantern" },
        "up":    { "uv": [ 3, 3, 12.5, 12.5 ], "texture": "#sea_lantern" },
        "north": { "uv": [ 2, 3, 13, 13.5 ], "texture": "#sea_lantern" },
        "south": { "uv": [ 2.5, 3, 13.5, 13.5 ], "texture": "#sea_lantern" },
        "west":  { "uv": [ 2.5, 3, 12, 12.5 ], "texture": "#sea_lantern" },
        "east":  { "uv": [ 2.5, 3, 13, 13.5 ], "texture": "#sea_lantern" }
    }
},
{
    "__comment": "001",
    "from": [ 3.68, 6.184, 11.136 ],
    "to": [ 4.544, 9.208, 15.456 ],
    "rotation": { "origin": [ 3.68, 9.208, 11.136 ], "axis": "z", "angle": -22.5 },
    "faces": {
        "down":  { "uv": [ 2.5, 3.5, 13, 14 ], "texture": "#sea_lantern" },
        "up":    { "uv": [ 3, 3, 12.5, 12.5 ], "texture": "#sea_lantern" },
        "north": { "uv": [ 2, 3, 13, 13.5 ], "texture": "#sea_lantern" },
        "south": { "uv": [ 2.5, 3, 13.5, 13.5 ], "texture": "#sea_lantern" },
        "west":  { "uv": [ 2.5, 3, 12, 12.5 ], "texture": "#sea_lantern" },
        "east":  { "uv": [ 2.5, 3, 13, 13.5 ], "texture": "#sea_lantern" }
    }
},
{
    "__comment": "001",
    "from": [ 10.16, 5.752, 11.136 ],
    "to": [ 11.024, 9.208, 15.456 ],
    "rotation": { "origin": [ 10.16, 9.208, 11.136 ], "axis": "z", "angle": 22.5 },
    "faces": {
        "down":  { "uv": [ 2.5, 3.5, 13, 14 ], "texture": "#sea_lantern" },
        "up":    { "uv": [ 3, 3, 12.5, 12.5 ], "texture": "#sea_lantern" },
        "north": { "uv": [ 2, 3, 13, 13.5 ], "texture": "#sea_lantern" },
        "south": { "uv": [ 2.5, 3, 13.5, 13.5 ], "texture": "#sea_lantern" },
        "west":  { "uv": [ 2.5, 3, 12, 12.5 ], "texture": "#sea_lantern" },
        "east":  { "uv": [ 2.5, 3, 13, 13.5 ], "texture": "#sea_lantern" }
    }
},
{
    "__comment": "001",
    "from": [ 4.544, 8.27517, 15.5088 ],
    "to": [ 6.6176, 8.96637, 18.9648 ],
    "rotation": { "origin": [ 4.544, 8.96637, 15.5088 ], "axis": "z", "angle": 45 },
    "faces": {
        "down":  { "uv": [ 2.5, 3.5, 13, 14 ], "texture": "#sea_lantern" },
        "up":    { "uv": [ 3, 3, 12.5, 12.5 ], "texture": "#sea_lantern" },
        "north": { "uv": [ 2, 3, 13, 13.5 ], "texture": "#sea_lantern" },
        "south": { "uv": [ 2.5, 3, 13.5, 13.5 ], "texture": "#sea_lantern" },
        "west":  { "uv": [ 2.5, 3, 12, 12.5 ], "texture": "#sea_lantern" },
        "east":  { "uv": [ 2.5, 3, 13, 13.5 ], "texture": "#sea_lantern" }
    }
},
{
    "__comment": "001",
    "from": [ 5.9264, 9.65761, 15.5088 ],
    "to": [ 9.0368, 10.3488, 18.9648 ],
    "faces": {
        "down":  { "uv": [ 2.5, 3.5, 13, 14 ], "texture": "#sea_lantern" },
        "up":    { "uv": [ 3, 3, 12.5, 12.5 ], "texture": "#sea_lantern" },
        "north": { "uv": [ 2, 3, 13, 13.5 ], "texture": "#sea_lantern" },
        "south": { "uv": [ 2.5, 3, 13.5, 13.5 ], "texture": "#sea_lantern" },
        "west":  { "uv": [ 2.5, 3, 12, 12.5 ], "texture": "#sea_lantern" },
        "east":  { "uv": [ 2.5, 3, 13, 13.5 ], "texture": "#sea_lantern" }
    }
},
{
    "__comment": "001",
    "from": [ 5.2352, 4.4736, 15.5088 ],
    "to": [ 9.3824, 5.1648, 18.9648 ],
    "faces": {
        "down":  { "uv": [ 2.5, 3.5, 13, 14 ], "texture": "#sea_lantern" },
        "up":    { "uv": [ 3, 3, 12.5, 12.5 ], "texture": "#sea_lantern" },
        "north": { "uv": [ 2, 3, 13, 13.5 ], "texture": "#sea_lantern" },
        "south": { "uv": [ 2.5, 3, 13.5, 13.5 ], "texture": "#sea_lantern" },
        "west":  { "uv": [ 2.5, 3, 12, 12.5 ], "texture": "#sea_lantern" },
        "east":  { "uv": [ 2.5, 3, 13, 13.5 ], "texture": "#sea_lantern" }
    }
},
{
    "__comment": "001",
    "from": [ 9.0368, 4.4736, 15.5088 ],
    "to": [ 11.8016, 5.1648, 18.9648 ],
    "rotation": { "origin": [ 9.0368, 5.1648, 15.5088 ], "axis": "z", "angle": 45 },
    "faces": {
        "down":  { "uv": [ 2.5, 3.5, 13, 14 ], "texture": "#sea_lantern" },
        "up":    { "uv": [ 3, 3, 12.5, 12.5 ], "texture": "#sea_lantern" },
        "north": { "uv": [ 2, 3, 13, 13.5 ], "texture": "#sea_lantern" },
        "south": { "uv": [ 2.5, 3, 13.5, 13.5 ], "texture": "#sea_lantern" },
        "west":  { "uv": [ 2.5, 3, 12, 12.5 ], "texture": "#sea_lantern" },
        "east":  { "uv": [ 2.5, 3, 13, 13.5 ], "texture": "#sea_lantern" }
    }
},
{
    "__comment": "001",
    "from": [ 3.8528, 6.20161, 15.5088 ],
    "to": [ 6.6176, 6.89281, 18.9648 ],
    "rotation": { "origin": [ 3.8528, 6.89281, 15.5088 ], "axis": "z", "angle": -45 },
    "faces": {
        "down":  { "uv": [ 2.5, 3.5, 13, 14 ], "texture": "#sea_lantern" },
        "up":    { "uv": [ 3, 3, 12.5, 12.5 ], "texture": "#sea_lantern" },
        "north": { "uv": [ 2, 3, 13, 13.5 ], "texture": "#sea_lantern" },
        "south": { "uv": [ 2.5, 3, 13.5, 13.5 ], "texture": "#sea_lantern" },
        "west":  { "uv": [ 2.5, 3, 12, 12.5 ], "texture": "#sea_lantern" },
        "east":  { "uv": [ 2.5, 3, 13, 13.5 ], "texture": "#sea_lantern" }
    }
},
{
    "__comment": "001",
    "from": [ 9.0368, 9.65761, 15.5088 ],
    "to": [ 10.7648, 10.3488, 18.9648 ],
    "rotation": { "origin": [ 9.0368, 10.3488, 15.5088 ], "axis": "z", "angle": -45 },
    "faces": {
        "down":  { "uv": [ 2.5, 3.5, 13, 14 ], "texture": "#sea_lantern" },
        "up":    { "uv": [ 3, 3, 12.5, 12.5 ], "texture": "#sea_lantern" },
        "north": { "uv": [ 2, 3, 13, 13.5 ], "texture": "#sea_lantern" },
        "south": { "uv": [ 2.5, 3, 13.5, 13.5 ], "texture": "#sea_lantern" },
        "west":  { "uv": [ 2.5, 3, 12, 12.5 ], "texture": "#sea_lantern" },
        "east":  { "uv": [ 2.5, 3, 13, 13.5 ], "texture": "#sea_lantern" }
    }
},
{
    "__comment": "001",
    "from": [ 4.544, 6.54717, 15.5088 ],
    "to": [ 5.2352, 8.96637, 18.9648 ],
    "rotation": { "origin": [ 4.544, 8.96637, 15.5088 ], "axis": "z", "angle": -22.5 },
    "faces": {
        "down":  { "uv": [ 2.5, 3.5, 13, 14 ], "texture": "#sea_lantern" },
        "up":    { "uv": [ 3, 3, 12.5, 12.5 ], "texture": "#sea_lantern" },
        "north": { "uv": [ 2, 3, 13, 13.5 ], "texture": "#sea_lantern" },
        "south": { "uv": [ 2.5, 3, 13.5, 13.5 ], "texture": "#sea_lantern" },
        "west":  { "uv": [ 2.5, 3, 12, 12.5 ], "texture": "#sea_lantern" },
        "east":  { "uv": [ 2.5, 3, 13, 13.5 ], "texture": "#sea_lantern" }
    }
},
{
    "__comment": "001",
    "from": [ 9.728, 6.20157, 15.5088 ],
    "to": [ 10.4192, 8.96637, 18.9648 ],
    "rotation": { "origin": [ 9.728, 8.96637, 15.5088 ], "axis": "z", "angle": 22.5 },
    "faces": {
        "down":  { "uv": [ 2.5, 3.5, 13, 14 ], "texture": "#sea_lantern" },
        "up":    { "uv": [ 3, 3, 12.5, 12.5 ], "texture": "#sea_lantern" },
        "north": { "uv": [ 2, 3, 13, 13.5 ], "texture": "#sea_lantern" },
        "south": { "uv": [ 2.5, 3, 13.5, 13.5 ], "texture": "#sea_lantern" },
        "west":  { "uv": [ 2.5, 3, 12, 12.5 ], "texture": "#sea_lantern" },
        "east":  { "uv": [ 2.5, 3, 13, 13.5 ], "texture": "#sea_lantern" }
    }
},
{
    "__comment": "001",
    "from": [ 5.408, 7.70641, 18.6316 ],
    "to": [ 6.9632, 8.22481, 21.2236 ],
    "rotation": { "origin": [ 5.408, 8.22481, 18.6316 ], "axis": "z", "angle": 45 },
    "faces": {
        "down":  { "uv": [ 2.5, 3.5, 13, 14 ], "texture": "#sea_lantern" },
        "up":    { "uv": [ 3, 3, 12.5, 12.5 ], "texture": "#sea_lantern" },
        "north": { "uv": [ 2, 3, 13, 13.5 ], "texture": "#sea_lantern" },
        "south": { "uv": [ 2.5, 3, 13.5, 13.5 ], "texture": "#sea_lantern" },
        "west":  { "uv": [ 2.5, 3, 12, 12.5 ], "texture": "#sea_lantern" },
        "east":  { "uv": [ 2.5, 3, 13, 13.5 ], "texture": "#sea_lantern" }
    }
},
{
    "__comment": "001",
    "from": [ 6.4448, 8.74323, 18.6316 ],
    "to": [ 8.7776, 9.26163, 21.2236 ],
    "faces": {
        "down":  { "uv": [ 2.5, 3.5, 13, 14 ], "texture": "#sea_lantern" },
        "up":    { "uv": [ 3, 3, 12.5, 12.5 ], "texture": "#sea_lantern" },
        "north": { "uv": [ 2, 3, 13, 13.5 ], "texture": "#sea_lantern" },
        "south": { "uv": [ 2.5, 3, 13.5, 13.5 ], "texture": "#sea_lantern" },
        "west":  { "uv": [ 2.5, 3, 12, 12.5 ], "texture": "#sea_lantern" },
        "east":  { "uv": [ 2.5, 3, 13, 13.5 ], "texture": "#sea_lantern" }
    }
},
{
    "__comment": "001",
    "from": [ 5.9264, 4.8552, 18.6316 ],
    "to": [ 9.0368, 5.3736, 21.2236 ],
    "faces": {
        "down":  { "uv": [ 2.5, 3.5, 13, 14 ], "texture": "#sea_lantern" },
        "up":    { "uv": [ 3, 3, 12.5, 12.5 ], "texture": "#sea_lantern" },
        "north": { "uv": [ 2, 3, 13, 13.5 ], "texture": "#sea_lantern" },
        "south": { "uv": [ 2.5, 3, 13.5, 13.5 ], "texture": "#sea_lantern" },
        "west":  { "uv": [ 2.5, 3, 12, 12.5 ], "texture": "#sea_lantern" },
        "east":  { "uv": [ 2.5, 3, 13, 13.5 ], "texture": "#sea_lantern" }
    }
},
{
    "__comment": "001",
    "from": [ 8.7776, 4.8552, 18.6316 ],
    "to": [ 10.8512, 5.3736, 21.2236 ],
    "rotation": { "origin": [ 8.7776, 5.3736, 18.6316 ], "axis": "z", "angle": 45 },
    "faces": {
        "down":  { "uv": [ 2.5, 3.5, 13, 14 ], "texture": "#sea_lantern" },
        "up":    { "uv": [ 3, 3, 12.5, 12.5 ], "texture": "#sea_lantern" },
        "north": { "uv": [ 2, 3, 13, 13.5 ], "texture": "#sea_lantern" },
        "south": { "uv": [ 2.5, 3, 13.5, 13.5 ], "texture": "#sea_lantern" },
        "west":  { "uv": [ 2.5, 3, 12, 12.5 ], "texture": "#sea_lantern" },
        "east":  { "uv": [ 2.5, 3, 13, 13.5 ], "texture": "#sea_lantern" }
    }
},
{
    "__comment": "001",
    "from": [ 4.8896, 6.15123, 18.6316 ],
    "to": [ 6.9632, 6.66962, 21.2236 ],
    "rotation": { "origin": [ 4.8896, 6.66962, 18.6316 ], "axis": "z", "angle": -45 },
    "faces": {
        "down":  { "uv": [ 2.5, 3.5, 13, 14 ], "texture": "#sea_lantern" },
        "up":    { "uv": [ 3, 3, 12.5, 12.5 ], "texture": "#sea_lantern" },
        "north": { "uv": [ 2, 3, 13, 13.5 ], "texture": "#sea_lantern" },
        "south": { "uv": [ 2.5, 3, 13.5, 13.5 ], "texture": "#sea_lantern" },
        "west":  { "uv": [ 2.5, 3, 12, 12.5 ], "texture": "#sea_lantern" },
        "east":  { "uv": [ 2.5, 3, 13, 13.5 ], "texture": "#sea_lantern" }
    }
},
{
    "__comment": "001",
    "from": [ 8.7776, 8.74323, 18.6316 ],
    "to": [ 10.0736, 9.26163, 21.2236 ],
    "rotation": { "origin": [ 8.7776, 9.26163, 18.6316 ], "axis": "z", "angle": -45 },
    "faces": {
        "down":  { "uv": [ 2.5, 3.5, 13, 14 ], "texture": "#sea_lantern" },
        "up":    { "uv": [ 3, 3, 12.5, 12.5 ], "texture": "#sea_lantern" },
        "north": { "uv": [ 2, 3, 13, 13.5 ], "texture": "#sea_lantern" },
        "south": { "uv": [ 2.5, 3, 13.5, 13.5 ], "texture": "#sea_lantern" },
        "west":  { "uv": [ 2.5, 3, 12, 12.5 ], "texture": "#sea_lantern" },
        "east":  { "uv": [ 2.5, 3, 13, 13.5 ], "texture": "#sea_lantern" }
    }
},
{
    "__comment": "001",
    "from": [ 5.408, 6.41041, 18.6316 ],
    "to": [ 5.9264, 8.22481, 21.2236 ],
    "rotation": { "origin": [ 5.408, 8.22481, 18.6316 ], "axis": "z", "angle": -22.5 },
    "faces": {
        "down":  { "uv": [ 2.5, 3.5, 13, 14 ], "texture": "#sea_lantern" },
        "up":    { "uv": [ 3, 3, 12.5, 12.5 ], "texture": "#sea_lantern" },
        "north": { "uv": [ 2, 3, 13, 13.5 ], "texture": "#sea_lantern" },
        "south": { "uv": [ 2.5, 3, 13.5, 13.5 ], "texture": "#sea_lantern" },
        "west":  { "uv": [ 2.5, 3, 12, 12.5 ], "texture": "#sea_lantern" },
        "east":  { "uv": [ 2.5, 3, 13, 13.5 ], "texture": "#sea_lantern" }
    }
},
{
    "__comment": "001",
    "from": [ 9.296, 6.15121, 18.6316 ],
    "to": [ 9.8144, 8.22481, 21.2236 ],
    "rotation": { "origin": [ 9.296, 8.22481, 18.6316 ], "axis": "z", "angle": 22.5 },
    "faces": {
        "down":  { "uv": [ 2.5, 3.5, 13, 14 ], "texture": "#sea_lantern" },
        "up":    { "uv": [ 3, 3, 12.5, 12.5 ], "texture": "#sea_lantern" },
        "north": { "uv": [ 2, 3, 13, 13.5 ], "texture": "#sea_lantern" },
        "south": { "uv": [ 2.5, 3, 13.5, 13.5 ], "texture": "#sea_lantern" },
        "west":  { "uv": [ 2.5, 3, 12, 12.5 ], "texture": "#sea_lantern" },
        "east":  { "uv": [ 2.5, 3, 13, 13.5 ], "texture": "#sea_lantern" }
    }
},
{
    "__comment": "001",
    "from": [ 5.5, 6, 21 ],
    "to": [ 6.5, 8, 25 ],
    "rotation": { "origin": [ 5.5, 6, 21 ], "axis": "y", "angle": 22.5 },
    "faces": {
        "down":  { "uv": [ 2.5, 3.5, 13, 14 ], "texture": "#sea_lantern" },
        "up":    { "uv": [ 3, 3, 12.5, 12.5 ], "texture": "#sea_lantern" },
        "north": { "uv": [ 2, 3, 13, 13.5 ], "texture": "#sea_lantern" },
        "south": { "uv": [ 2.5, 3, 13.5, 13.5 ], "texture": "#sea_lantern" },
        "west":  { "uv": [ 2.5, 3, 12, 12.5 ], "texture": "#sea_lantern" },
        "east":  { "uv": [ 2.5, 3, 13, 13.5 ], "texture": "#sea_lantern" }
    }
},
{
    "__comment": "001",
    "from": [ 8.5, 6, 20.5 ],
    "to": [ 9.5, 8, 24.5 ],
    "rotation": { "origin": [ 8.5, 6, 20.5 ], "axis": "y", "angle": -22.5 },
    "faces": {
        "down":  { "uv": [ 2.5, 3.5, 13, 14 ], "texture": "#sea_lantern" },
        "up":    { "uv": [ 3, 3, 12.5, 12.5 ], "texture": "#sea_lantern" },
        "north": { "uv": [ 2, 3, 13, 13.5 ], "texture": "#sea_lantern" },
        "south": { "uv": [ 2.5, 3, 13.5, 13.5 ], "texture": "#sea_lantern" },
        "west":  { "uv": [ 2.5, 3, 12, 12.5 ], "texture": "#sea_lantern" },
        "east":  { "uv": [ 2.5, 3, 13, 13.5 ], "texture": "#sea_lantern" }
    }
},
{
    "__comment": "001",
    "from": [ 6.5, 5.125, 20.5 ],
    "to": [ 8.5, 5.625, 23.5 ],
    "rotation": { "origin": [ 6.5, 5.625, 20.5 ], "axis": "x", "angle": -22.5 },
    "faces": {
        "down":  { "uv": [ 2.5, 3.5, 13, 14 ], "texture": "#sea_lantern" },
        "up":    { "uv": [ 3, 3, 12.5, 12.5 ], "texture": "#sea_lantern" },
        "north": { "uv": [ 2, 3, 13, 13.5 ], "texture": "#sea_lantern" },
        "south": { "uv": [ 2.5, 3, 13.5, 13.5 ], "texture": "#sea_lantern" },
        "west":  { "uv": [ 2.5, 3, 12, 12.5 ], "texture": "#sea_lantern" },
        "east":  { "uv": [ 2.5, 3, 13, 13.5 ], "texture": "#sea_lantern" }
    }
},
{
    "__comment": "002*",
    "from": [ 4.5, 8.8952, 5 ],
    "to": [ 6.3144, 9.5, 8.024 ],
    "rotation": { "origin": [ 4.5, 9.5, 5 ], "axis": "z", "angle": 45 },
    "faces": {
        "down":  { "uv": [ 2.5, 3.5, 13, 14 ], "texture": "#sea_lantern" },
        "up":    { "uv": [ 3, 3, 12.5, 12.5 ], "texture": "#sea_lantern" },
        "north": { "uv": [ 2, 3, 13, 13.5 ], "texture": "#sea_lantern" },
        "south": { "uv": [ 2.5, 3, 13.5, 13.5 ], "texture": "#sea_lantern" },
        "west":  { "uv": [ 2.5, 3, 12, 12.5 ], "texture": "#sea_lantern" },
        "east":  { "uv": [ 2.5, 3, 13, 13.5 ], "texture": "#sea_lantern" }
    }
},
{
    "__comment": "002*",
    "from": [ 6.15625, 9.30145, 4.9375 ],
    "to": [ 8.87785, 9.90625, 7.9615 ],
    "rotation": { "origin": [ 6.15625, 9.90625, 4.9375 ], "axis": "x", "angle": -22.5 },
    "faces": {
        "down":  { "uv": [ 2.5, 3.5, 13, 14 ], "texture": "#sea_lantern" },
        "up":    { "uv": [ 3, 3, 12.5, 12.5 ], "texture": "#sea_lantern" },
        "north": { "uv": [ 2, 3, 13, 13.5 ], "texture": "#sea_lantern" },
        "south": { "uv": [ 2.5, 3, 13.5, 13.5 ], "texture": "#sea_lantern" },
        "west":  { "uv": [ 2.5, 3, 12, 12.5 ], "texture": "#sea_lantern" },
        "east":  { "uv": [ 2.5, 3, 13, 13.5 ], "texture": "#sea_lantern" }
    }
},
{
    "__comment": "002*",
    "from": [ 5.59375, 5.6452, 5.25 ],
    "to": [ 9.22255, 6.25, 8.274 ],
    "rotation": { "origin": [ 5.59375, 6.25, 5.25 ], "axis": "x", "angle": 45 },
    "faces": {
        "down":  { "uv": [ 2.5, 3.5, 13, 14 ], "texture": "#sea_lantern" },
        "up":    { "uv": [ 3, 3, 12.5, 12.5 ], "texture": "#sea_lantern" },
        "north": { "uv": [ 2, 3, 13, 13.5 ], "texture": "#sea_lantern" },
        "south": { "uv": [ 2.5, 3, 13.5, 13.5 ], "texture": "#sea_lantern" },
        "west":  { "uv": [ 2.5, 3, 12, 12.5 ], "texture": "#sea_lantern" },
        "east":  { "uv": [ 2.5, 3, 13, 13.5 ], "texture": "#sea_lantern" }
    }
},
{
    "__comment": "002*",
    "from": [ 8.90625, 4.48895, 4.96875 ],
    "to": [ 11.3255, 5.09375, 7.99275 ],
    "rotation": { "origin": [ 8.90625, 5.09375, 4.96875 ], "axis": "z", "angle": 45 },
    "faces": {
        "down":  { "uv": [ 2.5, 3.5, 13, 14 ], "texture": "#sea_lantern" },
        "up":    { "uv": [ 3, 3, 12.5, 12.5 ], "texture": "#sea_lantern" },
        "north": { "uv": [ 2, 3, 13, 13.5 ], "texture": "#sea_lantern" },
        "south": { "uv": [ 2.5, 3, 13.5, 13.5 ], "texture": "#sea_lantern" },
        "west":  { "uv": [ 2.5, 3, 12, 12.5 ], "texture": "#sea_lantern" },
        "east":  { "uv": [ 2.5, 3, 13, 13.5 ], "texture": "#sea_lantern" }
    }
},
{
    "__comment": "002*",
    "from": [ 3.875, 6.0202, 4.96875 ],
    "to": [ 6.2942, 6.625, 7.99275 ],
    "rotation": { "origin": [ 3.875, 6.625, 4.96875 ], "axis": "z", "angle": -45 },
    "faces": {
        "down":  { "uv": [ 2.5, 3.5, 13, 14 ], "texture": "#sea_lantern" },
        "up":    { "uv": [ 3, 3, 12.5, 12.5 ], "texture": "#sea_lantern" },
        "north": { "uv": [ 2, 3, 13, 13.5 ], "texture": "#sea_lantern" },
        "south": { "uv": [ 2.5, 3, 13.5, 13.5 ], "texture": "#sea_lantern" },
        "west":  { "uv": [ 2.5, 3, 12, 12.5 ], "texture": "#sea_lantern" },
        "east":  { "uv": [ 2.5, 3, 13, 13.5 ], "texture": "#sea_lantern" }
    }
},
{
    "__comment": "002*",
    "from": [ 9.15625, 9.7702, 4.96875 ],
    "to": [ 10.6683, 10.375, 7.99275 ],
    "rotation": { "origin": [ 9.15625, 10.375, 4.96875 ], "axis": "z", "angle": -45 },
    "faces": {
        "down":  { "uv": [ 2.5, 3.5, 13, 14 ], "texture": "#sea_lantern" },
        "up":    { "uv": [ 3, 3, 12.5, 12.5 ], "texture": "#sea_lantern" },
        "north": { "uv": [ 2, 3, 13, 13.5 ], "texture": "#sea_lantern" },
        "south": { "uv": [ 2.5, 3, 13.5, 13.5 ], "texture": "#sea_lantern" },
        "west":  { "uv": [ 2.5, 3, 12, 12.5 ], "texture": "#sea_lantern" },
        "east":  { "uv": [ 2.5, 3, 13, 13.5 ], "texture": "#sea_lantern" }
    }
},
{
    "__comment": "002*",
    "from": [ 5, 6.8207, 5.15625 ],
    "to": [ 5.6048, 8.9375, 8.18025 ],
    "rotation": { "origin": [ 5, 6.8207, 5.15625 ], "axis": "y", "angle": -45 },
    "faces": {
        "down":  { "uv": [ 2.5, 3.5, 13, 14 ], "texture": "#sea_lantern" },
        "up":    { "uv": [ 3, 3, 12.5, 12.5 ], "texture": "#sea_lantern" },
        "north": { "uv": [ 2, 3, 13, 13.5 ], "texture": "#sea_lantern" },
        "south": { "uv": [ 2.5, 3, 13.5, 13.5 ], "texture": "#sea_lantern" },
        "west":  { "uv": [ 2.5, 3, 12, 12.5 ], "texture": "#sea_lantern" },
        "east":  { "uv": [ 2.5, 3, 13, 13.5 ], "texture": "#sea_lantern" }
    }
},
{
    "__comment": "002*",
    "from": [ 8.75, 6.5808, 5.5 ],
    "to": [ 9.3548, 9, 8.524 ],
    "rotation": { "origin": [ 8.75, 6.5808, 5.5 ], "axis": "y", "angle": 45 },
    "faces": {
        "down":  { "uv": [ 2.5, 3.5, 13, 14 ], "texture": "#sea_lantern" },
        "up":    { "uv": [ 3, 3, 12.5, 12.5 ], "texture": "#sea_lantern" },
        "north": { "uv": [ 2, 3, 13, 13.5 ], "texture": "#sea_lantern" },
        "south": { "uv": [ 2.5, 3, 13.5, 13.5 ], "texture": "#sea_lantern" },
        "west":  { "uv": [ 2.5, 3, 12, 12.5 ], "texture": "#sea_lantern" },
        "east":  { "uv": [ 2.5, 3, 13, 13.5 ], "texture": "#sea_lantern" }
    }
},
{
    "__comment": "005",
    "from": [ 6.5, 10.5625, 10.9375 ],
    "to": [ 8.5, 14.0625, 12.9375 ],
    "rotation": { "origin": [ 6.5, 14.0625, 10.9375 ], "axis": "x", "angle": 45 },
    "faces": {
        "down":  { "uv": [ 2.5, 3.5, 13, 14 ], "texture": "#sea_lantern" },
        "up":    { "uv": [ 3, 3, 12.5, 12.5 ], "texture": "#sea_lantern" },
        "north": { "uv": [ 2, 3, 13, 13.5 ], "texture": "#sea_lantern" },
        "south": { "uv": [ 2.5, 3, 13.5, 13.5 ], "texture": "#sea_lantern" },
        "west":  { "uv": [ 2.5, 3, 12, 12.5 ], "texture": "#sea_lantern" },
        "east":  { "uv": [ 2.5, 3, 13, 13.5 ], "texture": "#sea_lantern" }
    }
},
{
    "__comment": "005",
    "from": [ 7, 13, 13 ],
    "to": [ 8.25, 15.5, 14 ],
    "rotation": { "origin": [ 7, 15.5, 13 ], "axis": "x", "angle": 45 },
    "faces": {
        "down":  { "uv": [ 2.5, 3.5, 13, 14 ], "texture": "#sea_lantern" },
        "up":    { "uv": [ 3, 3, 12.5, 12.5 ], "texture": "#sea_lantern" },
        "north": { "uv": [ 2, 3, 13, 13.5 ], "texture": "#sea_lantern" },
        "south": { "uv": [ 2.5, 3, 13.5, 13.5 ], "texture": "#sea_lantern" },
        "west":  { "uv": [ 2.5, 3, 12, 12.5 ], "texture": "#sea_lantern" },
        "east":  { "uv": [ 2.5, 3, 13, 13.5 ], "texture": "#sea_lantern" }
    }
},
{
    "__comment": "005",
    "from": [ 1.75, 5.5, 10 ],
    "to": [ 3.25, 7, 12 ],
    "rotation": { "origin": [ 1.75, 5.5, 10 ], "axis": "y", "angle": -22.5 },
    "faces": {
        "down":  { "uv": [ 2.5, 3.5, 13, 14 ], "texture": "#sea_lantern" },
        "up":    { "uv": [ 3, 3, 12.5, 12.5 ], "texture": "#sea_lantern" },
        "north": { "uv": [ 2, 3, 13, 13.5 ], "texture": "#sea_lantern" },
        "south": { "uv": [ 2.5, 3, 13.5, 13.5 ], "texture": "#sea_lantern" },
        "west":  { "uv": [ 2.5, 3, 12, 12.5 ], "texture": "#sea_lantern" },
        "east":  { "uv": [ 2.5, 3, 13, 13.5 ], "texture": "#sea_lantern" }
    }
},
{
    "__comment": "005",
    "from": [ 1.25, 5.75, 11.75 ],
    "to": [ 2.25, 6.75, 13.25 ],
    "rotation": { "origin": [ 1.25, 5.75, 11.75 ], "axis": "y", "angle": -22.5 },
    "faces": {
        "down":  { "uv": [ 2.5, 3.5, 13, 14 ], "texture": "#sea_lantern" },
        "up":    { "uv": [ 3, 3, 12.5, 12.5 ], "texture": "#sea_lantern" },
        "north": { "uv": [ 2, 3, 13, 13.5 ], "texture": "#sea_lantern" },
        "south": { "uv": [ 2.5, 3, 13.5, 13.5 ], "texture": "#sea_lantern" },
        "west":  { "uv": [ 2.5, 3, 12, 12.5 ], "texture": "#sea_lantern" },
        "east":  { "uv": [ 2.5, 3, 13, 13.5 ], "texture": "#sea_lantern" }
    }
},
{
    "__comment": "005",
    "from": [ 11.25, 5.5, 11 ],
    "to": [ 12.75, 7, 13 ],
    "rotation": { "origin": [ 11.25, 5.5, 11 ], "axis": "y", "angle": 22.5 },
    "faces": {
        "down":  { "uv": [ 2.5, 3.5, 13, 14 ], "texture": "#sea_lantern" },
        "up":    { "uv": [ 3, 3, 12.5, 12.5 ], "texture": "#sea_lantern" },
        "north": { "uv": [ 2, 3, 13, 13.5 ], "texture": "#sea_lantern" },
        "south": { "uv": [ 2.5, 3, 13.5, 13.5 ], "texture": "#sea_lantern" },
        "west":  { "uv": [ 2.5, 3, 12, 12.5 ], "texture": "#sea_lantern" },
        "east":  { "uv": [ 2.5, 3, 13, 13.5 ], "texture": "#sea_lantern" }
    }
},
{
    "__comment": "005",
    "from": [ 12.25, 5.75, 12.75 ],
    "to": [ 13.25, 6.75, 14.25 ],
    "rotation": { "origin": [ 12.25, 5.75, 12.75 ], "axis": "y", "angle": 22.5 },
    "faces": {
        "down":  { "uv": [ 2.5, 3.5, 13, 14 ], "texture": "#sea_lantern" },
        "up":    { "uv": [ 3, 3, 12.5, 12.5 ], "texture": "#sea_lantern" },
        "north": { "uv": [ 2, 3, 13, 13.5 ], "texture": "#sea_lantern" },
        "south": { "uv": [ 2.5, 3, 13.5, 13.5 ], "texture": "#sea_lantern" },
        "west":  { "uv": [ 2.5, 3, 12, 12.5 ], "texture": "#sea_lantern" },
        "east":  { "uv": [ 2.5, 3, 13, 13.5 ], "texture": "#sea_lantern" }
    }
},
{
    "__comment": "006",
    "from": [ 7.208, 9.801, 18.527 ],
    "to": [ 8.264, 11.649, 19.583 ],
    "rotation": { "origin": [ 7.208, 11.649, 18.527 ], "axis": "x", "angle": 45 },
    "faces": {
        "down":  { "uv": [ 2.5, 3.5, 13, 14 ], "texture": "#sea_lantern" },
        "up":    { "uv": [ 3, 3, 12.5, 12.5 ], "texture": "#sea_lantern" },
        "north": { "uv": [ 2, 3, 13, 13.5 ], "texture": "#sea_lantern" },
        "south": { "uv": [ 2.5, 3, 13.5, 13.5 ], "texture": "#sea_lantern" },
        "west":  { "uv": [ 2.5, 3, 12, 12.5 ], "texture": "#sea_lantern" },
        "east":  { "uv": [ 2.5, 3, 13, 13.5 ], "texture": "#sea_lantern" }
    }
},
{
    "__comment": "006",
    "from": [ 7.472, 11.088, 19.616 ],
    "to": [ 8.132, 12.408, 20.144 ],
    "rotation": { "origin": [ 7.472, 12.408, 19.616 ], "axis": "x", "angle": 45 },
    "faces": {
        "down":  { "uv": [ 2.5, 3.5, 13, 14 ], "texture": "#sea_lantern" },
        "up":    { "uv": [ 3, 3, 12.5, 12.5 ], "texture": "#sea_lantern" },
        "north": { "uv": [ 2, 3, 13, 13.5 ], "texture": "#sea_lantern" },
        "south": { "uv": [ 2.5, 3, 13.5, 13.5 ], "texture": "#sea_lantern" },
        "west":  { "uv": [ 2.5, 3, 12, 12.5 ], "texture": "#sea_lantern" },
        "east":  { "uv": [ 2.5, 3, 13, 13.5 ], "texture": "#sea_lantern" }
    }
},
{
    "__comment": "006",
    "from": [ 4.7, 7.128, 18.032 ],
    "to": [ 5.492, 7.92, 19.088 ],
    "rotation": { "origin": [ 4.7, 7.128, 18.032 ], "axis": "y", "angle": -22.5 },
    "faces": {
        "down":  { "uv": [ 2.5, 3.5, 13, 14 ], "texture": "#sea_lantern" },
        "up":    { "uv": [ 3, 3, 12.5, 12.5 ], "texture": "#sea_lantern" },
        "north": { "uv": [ 2, 3, 13, 13.5 ], "texture": "#sea_lantern" },
        "south": { "uv": [ 2.5, 3, 13.5, 13.5 ], "texture": "#sea_lantern" },
        "west":  { "uv": [ 2.5, 3, 12, 12.5 ], "texture": "#sea_lantern" },
        "east":  { "uv": [ 2.5, 3, 13, 13.5 ], "texture": "#sea_lantern" }
    }
},
{
    "__comment": "006",
    "from": [ 4.436, 7.26, 18.956 ],
    "to": [ 4.964, 7.788, 19.748 ],
    "rotation": { "origin": [ 4.436, 7.26, 18.956 ], "axis": "y", "angle": -22.5 },
    "faces": {
        "down":  { "uv": [ 2.5, 3.5, 13, 14 ], "texture": "#sea_lantern" },
        "up":    { "uv": [ 3, 3, 12.5, 12.5 ], "texture": "#sea_lantern" },
        "north": { "uv": [ 2, 3, 13, 13.5 ], "texture": "#sea_lantern" },
        "south": { "uv": [ 2.5, 3, 13.5, 13.5 ], "texture": "#sea_lantern" },
        "west":  { "uv": [ 2.5, 3, 12, 12.5 ], "texture": "#sea_lantern" },
        "east":  { "uv": [ 2.5, 3, 13, 13.5 ], "texture": "#sea_lantern" }
    }
},
{
    "__comment": "006",
    "from": [ 9.716, 7.128, 18.56 ],
    "to": [ 10.508, 7.92, 19.616 ],
    "rotation": { "origin": [ 9.716, 7.128, 18.56 ], "axis": "y", "angle": 22.5 },
    "faces": {
        "down":  { "uv": [ 2.5, 3.5, 13, 14 ], "texture": "#sea_lantern" },
        "up":    { "uv": [ 3, 3, 12.5, 12.5 ], "texture": "#sea_lantern" },
        "north": { "uv": [ 2, 3, 13, 13.5 ], "texture": "#sea_lantern" },
        "south": { "uv": [ 2.5, 3, 13.5, 13.5 ], "texture": "#sea_lantern" },
        "west":  { "uv": [ 2.5, 3, 12, 12.5 ], "texture": "#sea_lantern" },
        "east":  { "uv": [ 2.5, 3, 13, 13.5 ], "texture": "#sea_lantern" }
    }
},
{
    "__comment": "006",
    "from": [ 10.244, 7.26, 19.484 ],
    "to": [ 10.772, 7.788, 20.276 ],
    "rotation": { "origin": [ 10.244, 7.26, 19.484 ], "axis": "y", "angle": 22.5 },
    "faces": {
        "down":  { "uv": [ 2.5, 3.5, 13, 14 ], "texture": "#sea_lantern" },
        "up":    { "uv": [ 3, 3, 12.5, 12.5 ], "texture": "#sea_lantern" },
        "north": { "uv": [ 2, 3, 13, 13.5 ], "texture": "#sea_lantern" },
        "south": { "uv": [ 2.5, 3, 13.5, 13.5 ], "texture": "#sea_lantern" },
        "west":  { "uv": [ 2.5, 3, 12, 12.5 ], "texture": "#sea_lantern" },
        "east":  { "uv": [ 2.5, 3, 13, 13.5 ], "texture": "#sea_lantern" }
    }
},
{
    "from": [ 4, 4.5, 7.5 ],
    "to": [ 11, 10, 8 ],
    "faces": {
        "north": { "uv": [ 7, 5, 9.5, 11 ], "texture": "#emerald" }
    }
}
],
"display": {
    "thirdperson_righthand": {
        "rotation": [ 1, -20, -7 ],
        "translation": [ 0.38, 1.89, -1.89 ],
        "scale": [ 0.8, 0.8, 0.8 ]
    },
    "thirdperson_lefthand": {
        "rotation": [ 1, -20, -7 ],
        "translation": [ 0.38, 1.89, -1.89 ],
        "scale": [ 0.8, 0.8, 0.8 ]
    },
    "head": {
        "rotation": [ -45, 0, 0 ],
        "translation": [ 2.46, 6.99, 1.13 ],
        "scale": [ 3, 3, 3 ]
    },
    "ground": {
        "rotation": [ -77, 0, 0 ],
        "translation": [ 0, 0, 0 ],
        "scale": [ 0.8, 0.8, 0.8 ]
    },
    "fixed": {
        "rotation": [ 78, 180, 3 ],
        "translation": [ -2.08, -19.46, 8.5 ],
        "scale": [ 2, 2, 2 ]
    },
    "firstperson_righthand": {
        "rotation": [ 18, 18, 11 ],
        "translation": [ -0.38, 4.54, -8.88 ],
        "scale": [ 1, 1, 1 ]
    },
    "firstperson_lefthand": {
        "rotation": [ 18, 18, 11 ],
        "translation": [ -0.38, 4.54, -8.88 ],
        "scale": [ 1, 1, 1 ]
    },
    "gui": {
        "rotation": [ -119, 35, -180 ],
        "translation": [ -3.02, -2.46, 0 ],
        "scale": [ 0.8, 0.8, 0.8 ]
    }
}
}