{
"__comment": "Designed in the where Naoxia with PRO 0.9999",
"textures": {
    "prismarine_rough": "blocks/prismarine_rough",
    "sea_lantern": "blocks/sea_lantern",
    "water_still": "blocks/water_still",
    "glowstone": "blocks/glowstone",
    "fire_layer_0": "blocks/fire_layer_0",
    "cobblestone_mossy": "blocks/cobblestone_mossy",
    "log_oak": "blocks/log_oak",
    "log_oak_top": "blocks/log_oak_top",
    "leaves_big_oakii": "items/leaves_big_oakii",
    "fernii": "items/fernii",
    "emerald": "items/emerald"
},
"elements": [ 
{
    "from": [ 7.25, 9, 6.125 ],
    "to": [ 7.75, 13.125, 6.625 ],
    "faces": {
        "down":  { "uv": [ 0, 0, 16, 16 ], "texture": "#prismarine_rough" },
        "up":    { "uv": [ 0, 0, 16, 16 ], "texture": "#prismarine_rough" },
        "north": { "uv": [ 0, 0, 16, 16 ], "texture": "#prismarine_rough" },
        "south": { "uv": [ 0, 0, 16, 16 ], "texture": "#prismarine_rough" },
        "west":  { "uv": [ 0, 0, 16, 16 ], "texture": "#prismarine_rough" },
        "east":  { "uv": [ 0, 0, 16, 16 ], "texture": "#prismarine_rough" }
    }
},
{
    "from": [ 7.5, 20.5, 6 ],
    "to": [ 8.5, 21.5, 7 ],
    "rotation": { "origin": [ 7.5, 21.5, 6 ], "axis": "z", "angle": -45 },
    "faces": {
        "down":  { "uv": [ 0, 0, 16, 16 ], "texture": "#water_still" },
        "up":    { "uv": [ 0, 0, 16, 16 ], "texture": "#water_still" },
        "north": { "uv": [ 0, 0, 16, 16 ], "texture": "#water_still" },
        "south": { "uv": [ 0, 0, 16, 16 ], "texture": "#water_still" },
        "west":  { "uv": [ 0, 0, 16, 16 ], "texture": "#water_still" },
        "east":  { "uv": [ 0, 0, 16, 16 ], "texture": "#water_still" }
    }
},
{
    "from": [ 7, 13.125, 5.875 ],
    "to": [ 8, 17.25, 6.875 ],
    "faces": {
        "down":  { "uv": [ 0, 0, 16, 16 ], "texture": "#prismarine_rough" },
        "up":    { "uv": [ 0, 0, 16, 16 ], "texture": "#prismarine_rough" },
        "north": { "uv": [ 0, 0, 16, 16 ], "texture": "#prismarine_rough" },
        "south": { "uv": [ 0, 0, 16, 16 ], "texture": "#prismarine_rough" },
        "west":  { "uv": [ 0, 0, 16, 16 ], "texture": "#prismarine_rough" },
        "east":  { "uv": [ 0, 0, 16, 16 ], "texture": "#prismarine_rough" }
    }
},
{
    "from": [ 7, 4.875, 5.875 ],
    "to": [ 8, 9, 6.875 ],
    "faces": {
        "down":  { "uv": [ 0, 0, 16, 16 ], "texture": "#prismarine_rough" },
        "up":    { "uv": [ 0, 0, 16, 16 ], "texture": "#prismarine_rough" },
        "north": { "uv": [ 0, 0, 16, 16 ], "texture": "#prismarine_rough" },
        "south": { "uv": [ 0, 0, 16, 16 ], "texture": "#prismarine_rough" },
        "west":  { "uv": [ 0, 0, 16, 16 ], "texture": "#prismarine_rough" },
        "east":  { "uv": [ 0, 0, 16, 16 ], "texture": "#prismarine_rough" }
    }
},
{
    "from": [ 6.875, 3.625, 5.75 ],
    "to": [ 8.125, 4.875, 7 ],
    "faces": {
        "down":  { "uv": [ 0, 0, 16, 16 ], "texture": "#sea_lantern" },
        "up":    { "uv": [ 0, 0, 16, 16 ], "texture": "#sea_lantern" },
        "north": { "uv": [ 0, 0, 16, 16 ], "texture": "#sea_lantern" },
        "south": { "uv": [ 0, 0, 16, 16 ], "texture": "#sea_lantern" },
        "west":  { "uv": [ 0, 0, 16, 16 ], "texture": "#sea_lantern" },
        "east":  { "uv": [ 0, 0, 16, 16 ], "texture": "#sea_lantern" }
    }
},
{
    "from": [ 6.75, 16.625, 5.125 ],
    "to": [ 7.75, 18.375, 6.125 ],
    "rotation": { "origin": [ 6.75, 18.375, 5.125 ], "axis": "x", "angle": -22.5 },
    "faces": {
        "down":  { "uv": [ 0, 0, 16, 16 ], "texture": "#prismarine_rough" },
        "up":    { "uv": [ 0, 0, 16, 16 ], "texture": "#prismarine_rough" },
        "north": { "uv": [ 0, 0, 16, 16 ], "texture": "#prismarine_rough" },
        "south": { "uv": [ 0, 0, 16, 16 ], "texture": "#prismarine_rough" },
        "west":  { "uv": [ 0, 0, 16, 16 ], "texture": "#prismarine_rough" },
        "east":  { "uv": [ 0, 0, 16, 16 ], "texture": "#prismarine_rough" }
    }
},
{
    "from": [ 6.875, 18.25, 4.75 ],
    "to": [ 7.625, 19.75, 5.375 ],
    "rotation": { "origin": [ 6.875, 19.75, 4.75 ], "axis": "x", "angle": -22.5 },
    "faces": {
        "down":  { "uv": [ 0, 0, 16, 16 ], "texture": "#prismarine_rough" },
        "up":    { "uv": [ 0, 0, 16, 16 ], "texture": "#prismarine_rough" },
        "north": { "uv": [ 0, 0, 16, 16 ], "texture": "#prismarine_rough" },
        "south": { "uv": [ 0, 0, 16, 16 ], "texture": "#prismarine_rough" },
        "west":  { "uv": [ 0, 0, 16, 16 ], "texture": "#prismarine_rough" },
        "east":  { "uv": [ 0, 0, 16, 16 ], "texture": "#prismarine_rough" }
    }
},
{
    "from": [ 7.75, 17, 6.125 ],
    "to": [ 8.25, 18.25, 6.625 ],
    "rotation": { "origin": [ 7.75, 18.25, 6.125 ], "axis": "z", "angle": -22.5 },
    "faces": {
        "down":  { "uv": [ 0, 0, 16, 16 ], "texture": "#prismarine_rough" },
        "up":    { "uv": [ 0, 0, 16, 16 ], "texture": "#prismarine_rough" },
        "north": { "uv": [ 0, 0, 16, 16 ], "texture": "#prismarine_rough" },
        "south": { "uv": [ 0, 0, 16, 16 ], "texture": "#prismarine_rough" },
        "west":  { "uv": [ 0, 0, 16, 16 ], "texture": "#prismarine_rough" },
        "east":  { "uv": [ 0, 0, 16, 16 ], "texture": "#prismarine_rough" }
    }
},
{
    "from": [ 8.25, 18.125, 6.25 ],
    "to": [ 8.5, 19.25, 6.5 ],
    "rotation": { "origin": [ 8.25, 19.25, 6.25 ], "axis": "z", "angle": -22.5 },
    "faces": {
        "down":  { "uv": [ 0, 0, 16, 16 ], "texture": "#prismarine_rough" },
        "up":    { "uv": [ 0, 0, 16, 16 ], "texture": "#prismarine_rough" },
        "north": { "uv": [ 0, 0, 16, 16 ], "texture": "#prismarine_rough" },
        "south": { "uv": [ 0, 0, 16, 16 ], "texture": "#prismarine_rough" },
        "west":  { "uv": [ 0, 0, 16, 16 ], "texture": "#prismarine_rough" },
        "east":  { "uv": [ 0, 0, 16, 16 ], "texture": "#prismarine_rough" }
    }
},
{
    "from": [ 7, 19.625, 4.375 ],
    "to": [ 7.375, 21.125, 4.75 ],
    "rotation": { "origin": [ 7, 21.125, 4.375 ], "axis": "x", "angle": -22.5 },
    "faces": {
        "down":  { "uv": [ 0, 0, 16, 16 ], "texture": "#prismarine_rough" },
        "up":    { "uv": [ 0, 0, 16, 16 ], "texture": "#prismarine_rough" },
        "north": { "uv": [ 0, 0, 16, 16 ], "texture": "#prismarine_rough" },
        "south": { "uv": [ 0, 0, 16, 16 ], "texture": "#prismarine_rough" },
        "west":  { "uv": [ 0, 0, 16, 16 ], "texture": "#prismarine_rough" },
        "east":  { "uv": [ 0, 0, 16, 16 ], "texture": "#prismarine_rough" }
    }
},
{
    "from": [ 5.625, 17.25, 6.25 ],
    "to": [ 5.875, 18.375, 6.5 ],
    "rotation": { "origin": [ 5.625, 18.375, 6.25 ], "axis": "z", "angle": 45 },
    "faces": {
        "down":  { "uv": [ 0, 0, 16, 16 ], "texture": "#prismarine_rough" },
        "up":    { "uv": [ 0, 0, 16, 16 ], "texture": "#prismarine_rough" },
        "north": { "uv": [ 0, 0, 16, 16 ], "texture": "#prismarine_rough" },
        "south": { "uv": [ 0, 0, 16, 16 ], "texture": "#prismarine_rough" },
        "west":  { "uv": [ 0, 0, 16, 16 ], "texture": "#prismarine_rough" },
        "east":  { "uv": [ 0, 0, 16, 16 ], "texture": "#prismarine_rough" }
    }
},
{
    "from": [ 6.25, 16.25, 6.125 ],
    "to": [ 6.75, 17.5, 6.625 ],
    "rotation": { "origin": [ 6.25, 17.5, 6.125 ], "axis": "z", "angle": 45 },
    "faces": {
        "down":  { "uv": [ 0, 0, 16, 16 ], "texture": "#prismarine_rough" },
        "up":    { "uv": [ 0, 0, 16, 16 ], "texture": "#prismarine_rough" },
        "north": { "uv": [ 0, 0, 16, 16 ], "texture": "#prismarine_rough" },
        "south": { "uv": [ 0, 0, 16, 16 ], "texture": "#prismarine_rough" },
        "west":  { "uv": [ 0, 0, 16, 16 ], "texture": "#prismarine_rough" },
        "east":  { "uv": [ 0, 0, 16, 16 ], "texture": "#prismarine_rough" }
    }
},
{
    "from": [ 7.25, 16.75, 6.875 ],
    "to": [ 8, 18.25, 7.5 ],
    "rotation": { "origin": [ 7.25, 18.25, 6.875 ], "axis": "x", "angle": 22.5 },
    "faces": {
        "down":  { "uv": [ 0, 0, 16, 16 ], "texture": "#prismarine_rough" },
        "up":    { "uv": [ 0, 0, 16, 16 ], "texture": "#prismarine_rough" },
        "north": { "uv": [ 0, 0, 16, 16 ], "texture": "#prismarine_rough" },
        "south": { "uv": [ 0, 0, 16, 16 ], "texture": "#prismarine_rough" },
        "west":  { "uv": [ 0, 0, 16, 16 ], "texture": "#prismarine_rough" },
        "east":  { "uv": [ 0, 0, 16, 16 ], "texture": "#prismarine_rough" }
    }
},
{
    "from": [ 7.375, 18, 7.5 ],
    "to": [ 7.75, 19.5, 7.875 ],
    "rotation": { "origin": [ 7.375, 19.5, 7.5 ], "axis": "x", "angle": 22.5 },
    "faces": {
        "down":  { "uv": [ 0, 0, 16, 16 ], "texture": "#prismarine_rough" },
        "up":    { "uv": [ 0, 0, 16, 16 ], "texture": "#prismarine_rough" },
        "north": { "uv": [ 0, 0, 16, 16 ], "texture": "#prismarine_rough" },
        "south": { "uv": [ 0, 0, 16, 16 ], "texture": "#prismarine_rough" },
        "west":  { "uv": [ 0, 0, 16, 16 ], "texture": "#prismarine_rough" },
        "east":  { "uv": [ 0, 0, 16, 16 ], "texture": "#prismarine_rough" }
    }
}
],
"display": {
    "thirdperson_righthand": {
        "rotation": [ 34, 0, -7 ],
        "translation": [ 0.38, -4.72, 0.38 ],
        "scale": [ 1.5, 1.5, 1.5 ]
    },
    "thirdperson_lefthand": {
        "rotation": [ 34, 0, -7 ],
        "translation": [ 0.38, -4.72, 0.38 ],
        "scale": [ 1.5, 1.5, 1.5 ]
    },
    "head": {
        "rotation": [ -45, 0, 0 ],
        "translation": [ 0, 5.67, -3.4 ],
        "scale": [ 1, 1, 1 ]
    },
    "ground": {
        "rotation": [ 0, 0, 0 ],
        "translation": [ 0, 0, 0 ],
        "scale": [ 1, 1, 1 ]
    },
    "fixed": {
        "rotation": [ 27, 68, -10 ],
        "translation": [ 2.83, -14.17, 5.09 ],
        "scale": [ 3, 3, 3 ]
    },
    "firstperson_righthand": {
        "rotation": [ -11, 18, 11 ],
        "translation": [ 0, -1.89, 0 ],
        "scale": [ 1, 1, 1 ]
    },
    "firstperson_lefthand": {
        "rotation": [ -11, 18, 11 ],
        "translation": [ 0, -1.89, 0 ],
        "scale": [ 1, 1, 1 ]
    },
    "gui": {
        "rotation": [ 103, 45, -95 ],
        "translation": [ -2.65, -5.1, 0 ],
        "scale": [ 1, 1, 1 ]
    }
}
}