{
"__comment": "Designed by 1102938Flashtt with BDcraft Cubik PRO 0.96 Beta - http://bdcraft.net",
"textures": {
    "No0001": "items/No0001",
    "No0121": "items/No0121",
    "No0123": "items/No0123"
},
"elements": [ 
{
    "from": [ 5.5, 0, 6 ],
    "to": [ 10, 4, 10.5 ],
    "faces": {
        "down":  { "uv": [ 9.5, 5.5, 12, 9 ], "texture": "#No0121" },
        "up":    { "uv": [ 7, 8, 10, 10.5 ], "texture": "#No0121" },
        "north": { "uv": [ 2, 8.5, 5.5, 10.5 ], "texture": "#No0121" },
        "south": { "uv": [ 3, 8, 5.5, 9.5 ], "texture": "#No0121" },
        "west":  { "uv": [ 3, 4.5, 5.5, 7 ], "texture": "#No0121" },
        "east":  { "uv": [ 6.5, 7, 9.5, 9.5 ], "texture": "#No0121" }
    }
},
{
    "from": [ 5, 0, 10.5 ],
    "to": [ 10.5, 4.5, 17.5 ],
    "faces": {
        "down":  { "uv": [ 16, 12, 10, 8.5 ], "texture": "#No0121" },
        "up":    { "uv": [ 6, 7.5, 11, 11 ], "texture": "#No0121" },
        "north": { "uv": [ 6.5, 12, 12, 14.5 ], "texture": "#No0121" },
        "south": { "uv": [ 10, 12, 14.5, 14.5 ], "texture": "#No0121" },
        "west":  { "uv": [ 1.5, 10.5, 6, 13.5 ], "texture": "#No0121" },
        "east":  { "uv": [ 0, 7, 4, 10.5 ], "texture": "#No0121" }
    }
},
{
    "from": [ 6.5, 0.5, 3 ],
    "to": [ 9, 3, 6 ],
    "faces": {
        "down":  { "uv": [ 9, 3, 6, 0 ], "texture": "#No0121" },
        "up":    { "uv": [ 3, 0, 6, 3 ], "texture": "#No0121" },
        "north": { "uv": [ 3, 3, 5, 5 ], "texture": "#No0121" },
        "south": { "uv": [ 3, 3, 5, 4.5 ], "texture": "#No0121" },
        "west":  { "uv": [ 6, 3, 8, 5 ], "texture": "#No0121" },
        "east":  { "uv": [ 1.5, 3, 3, 4.5 ], "texture": "#No0121" }
    }
}
],
"display": {
    "thirdperson_righthand": {
        "rotation": [ 99, -30, 3 ],
        "translation": [ 0.19, -2.27, 1.32 ],
        "scale": [ 0.5, 0.5, 0.5 ]
    },
    "thirdperson_lefthand": {
        "rotation": [ 69, 20, 23 ],
        "translation": [ -1.89, 2.65, 0.76 ],
        "scale": [ 0.5, 0.5, 0.5 ]
    },
    "head": {
        "rotation": [ 0, 0, 0 ],
        "translation": [ 9.26, -21.73, -6.61 ],
        "scale": [ 0.5, 0.5, 0.5 ]
    },
    "ground": {
        "rotation": [ 0, 0, 0 ],
        "translation": [ 0, 3.59, 0 ],
        "scale": [ 1, 1, 1 ]
    },
    "fixed": {
        "rotation": [ -79, -13, 180 ],
        "translation": [ 0, -0.19, 9.07 ],
        "scale": [ 0.5, 0.5, 0.5 ]
    },
    "firstperson_righthand": {
        "rotation": [ 61, 0, 28 ],
        "translation": [ -1.13, 5.1, 0 ],
        "scale": [ 1, 1, 1 ]
    },
    "firstperson_lefthand": {
        "rotation": [ 50, 30, -14 ],
        "translation": [ -2.27, 5.1, 0 ],
        "scale": [ 1, 1, 1 ]
    },
    "gui": {
        "rotation": [ 55, -50, -3 ],
        "translation": [ 2.65, 3.78, 0 ],
        "scale": [ 1, 1, 1 ]
    }
}
}