{
"__comment": "Designed by 1102938Flashtt with BDcraft Cubik PRO 0.96 Beta - http://bdcraft.net",
"textures": {
    "No0001": "items/No0001",
    "No0121": "items/No0121",
    "No0123": "items/No0123"
},
"elements": [ 
{
    "from": [ 8.5, 7.5, 7.5 ],
    "to": [ 13, 11, 12.5 ],
    "faces": {
        "down":  { "uv": [ 11, 6, 16, 9 ], "texture": "#No0121" },
        "up":    { "uv": [ 6, 6, 11, 9 ], "texture": "#No0121" },
        "north": { "uv": [ 6, 12, 11, 16 ], "texture": "#No0121" },
        "south": { "uv": [ 6, 12, 11, 16 ], "texture": "#No0121" },
        "west":  { "uv": [ 0, 12, 3, 16 ], "texture": "#No0121" },
        "east":  { "uv": [ 0, 8, 3.5, 12 ], "texture": "#No0121" }
    }
},
{
    "from": [ 4.5, 7.5, 4 ],
    "to": [ 8.5, 11.5, 7.5 ],
    "faces": {
        "down":  { "uv": [ 16, 12, 11, 7.5 ], "rotation": 270, "texture": "#No0121" },
        "up":    { "uv": [ 6, 7.5, 11, 12 ], "rotation": 90, "texture": "#No0121" },
        "north": { "uv": [ 1.5, 12, 6, 16 ], "texture": "#No0121" },
        "south": { "uv": [ 0, 8, 4.5, 12 ], "texture": "#No0121" },
        "west":  { "uv": [ 11, 12, 16, 16 ], "texture": "#No0121" },
        "east":  { "uv": [ 6, 12, 11, 16 ], "texture": "#No0121" }
    }
},
{
    "from": [ 8.5, 5, 5 ],
    "to": [ 11.5, 7.5, 7.5 ],
    "faces": {
        "down":  { "uv": [ 9, 3, 6, 0 ], "rotation": 90, "texture": "#No0121" },
        "up":    { "uv": [ 3, 0, 6, 3 ], "rotation": 270, "texture": "#No0121" },
        "north": { "uv": [ 0, 3, 3, 6 ], "texture": "#No0121" },
        "south": { "uv": [ 6, 3, 9, 6 ], "texture": "#No0121" },
        "west":  { "uv": [ 3, 3, 6, 6 ], "texture": "#No0121" },
        "east":  { "uv": [ 3, 3, 6, 6 ], "texture": "#No0121" }
    }
}
],
"display": {
    "thirdperson_righthand": {
        "rotation": [ 65, 0, 0 ],
        "translation": [ 24, -1.32, 12.09 ],
        "scale": [ 0.19, -0.44, 0.06 ]
    },
    "thirdperson_lefthand": {
        "rotation": [ 11, 0, 0 ],
        "translation": [ -6.8, -9.64, 8.69 ],
        "scale": [ 2, 2, 2 ]
    },
    "head": {
        "rotation": [ 94, 0, 0 ],
        "translation": [ 0.76, -15.5, 4.54 ],
        "scale": [ 0.8, 0.8, 0.8 ]
    },
    "ground": {
        "rotation": [ 0, 0, 0 ],
        "translation": [ 0, -17.39, 0 ],
        "scale": [ 0.19, 0.09, 0.44 ]
    },
    "fixed": {
        "rotation": [ 85, 180, 3 ],
        "translation": [ 0.19, 1.32, 6.99 ],
        "scale": [ 0.22, 0.91, 0.25 ]
    },
    "firstperson_righthand": {
        "rotation": [ 0, 0, 0 ],
        "translation": [ 0, 0, 0 ],
        "scale": [ 1, 1, 1 ]
    },
    "firstperson_lefthand": {
        "rotation": [ 0, 0, 0 ],
        "translation": [ 0, 0, 0 ],
        "scale": [ 1, 1, 1 ]
    },
    "gui": {
        "rotation": [ 0, 0, 0 ],
        "translation": [ 8.31, 8.88, 8.31 ],
        "scale": [ 0.03, 0.13, 1 ]
    }
}
}