{
"__comment": "Designed by 1102938Flashtt with BDcraft Cubik PRO 0.96 Beta - http://bdcraft.net",
"textures": {
    "log_oak": "blocks/log_oak",
    "log_oak_top": "blocks/log_oak_top",
    "leaves_oak": "blocks/leaves_oak",
    "obsidian": "blocks/obsidian",
    "fern": "blocks/fern"
},
"elements": [ 
{
    "__comment": "side01",
    "from": [ 4.5, 2.5, 6 ],
    "to": [ 10, 7.5, 11 ],
    "faces": {
        "down":  { "uv": [ 0, 0, 6.5, 7.5 ], "rotation": 90, "texture": "#log_oak_top" },
        "up":    { "uv": [ 0, 0, 16, 16 ], "texture": "#log_oak_top" },
        "north": { "uv": [ 0, 0, 16, 3.5 ], "texture": "#log_oak" },
        "south": { "uv": [ 0, 0, 16, 4 ], "texture": "#log_oak" },
        "west":  { "uv": [ 10, 0, 13.5, 16 ], "texture": "#log_oak" },
        "east":  { "uv": [ 0, 0, 4, 11.5 ], "texture": "#log_oak" }
    }
},
{
    "__comment": "side01",
    "from": [ 1.5, 15, 1.5 ],
    "to": [ 14.5, 16, 14.5 ],
    "faces": {
        "up":    { "uv": [ 0, 0, 16, 16 ], "texture": "#leaves_oak" },
        "north": { "uv": [ 0, 0, 16, 3.5 ], "texture": "#leaves_oak" },
        "south": { "uv": [ 0, 0, 16, 4 ], "texture": "#leaves_oak" },
        "west":  { "uv": [ 10, 0, 13.5, 16 ], "texture": "#leaves_oak" },
        "east":  { "uv": [ 0, 0, 4, 11.5 ], "texture": "#leaves_oak" }
    }
},
{
    "__comment": "side01*",
    "from": [ 0, 13.5, 0 ],
    "to": [ 16, 15, 16 ],
    "faces": {
        "down":  { "uv": [ 0, 0, 6.5, 7.5 ], "rotation": 90, "texture": "#log_oak" },
        "up":    { "uv": [ 0, 0, 16, 16 ], "texture": "#log_oak_top" },
        "north": { "uv": [ 0, 0, 16, 3.5 ], "texture": "#log_oak" },
        "south": { "uv": [ 0, 0, 16, 4 ], "texture": "#log_oak" },
        "west":  { "uv": [ 10, 0, 13.5, 16 ], "texture": "#log_oak" },
        "east":  { "uv": [ 0, 0, 4, 11.5 ], "texture": "#log_oak" }
    }
},
{
    "__comment": "side01*",
    "from": [ 4, 5.5, 4.5 ],
    "to": [ 9.5, 10.5, 9.5 ],
    "faces": {
        "down":  { "uv": [ 0, 0, 6.5, 7.5 ], "rotation": 90, "texture": "#log_oak_top" },
        "up":    { "uv": [ 0, 0, 16, 16 ], "texture": "#log_oak_top" },
        "north": { "uv": [ 0, 0, 16, 3.5 ], "texture": "#log_oak" },
        "south": { "uv": [ 0, 0, 16, 4 ], "texture": "#log_oak" },
        "west":  { "uv": [ 10, 0, 13.5, 16 ], "texture": "#log_oak" },
        "east":  { "uv": [ 0, 0, 4, 11.5 ], "texture": "#log_oak" }
    }
},
{
    "__comment": "side01*",
    "from": [ 6.5, 3.5, 1.5 ],
    "to": [ 12, 8.5, 6.5 ],
    "rotation": { "origin": [ 6.5, 8.5, 1.5 ], "axis": "x", "angle": -22.5 },
    "faces": {
        "down":  { "uv": [ 0, 0, 6.5, 7.5 ], "rotation": 90, "texture": "#log_oak_top" },
        "up":    { "uv": [ 0, 0, 16, 16 ], "texture": "#log_oak_top" },
        "north": { "uv": [ 0, 0, 16, 3.5 ], "texture": "#log_oak" },
        "south": { "uv": [ 0, 0, 16, 4 ], "texture": "#log_oak" },
        "west":  { "uv": [ 10, 0, 13.5, 16 ], "texture": "#log_oak" },
        "east":  { "uv": [ 0, 0, 4, 11.5 ], "texture": "#log_oak" }
    }
},
{
    "__comment": "side01*",
    "from": [ 7, 10, 4.5 ],
    "to": [ 12.5, 15, 9.5 ],
    "rotation": { "origin": [ 7, 15, 4.5 ], "axis": "x", "angle": 22.5 },
    "faces": {
        "down":  { "uv": [ 0, 0, 6.5, 7.5 ], "rotation": 90, "texture": "#log_oak_top" },
        "up":    { "uv": [ 0, 0, 16, 16 ], "texture": "#log_oak_top" },
        "north": { "uv": [ 0, 0, 16, 3.5 ], "texture": "#log_oak" },
        "south": { "uv": [ 0, 0, 16, 4 ], "texture": "#log_oak" },
        "west":  { "uv": [ 10, 0, 13.5, 16 ], "texture": "#log_oak" },
        "east":  { "uv": [ 0, 0, 4, 11.5 ], "texture": "#log_oak" }
    }
},
{
    "__comment": "fern",
    "from": [ 5.5, 6.5, 7 ],
    "to": [ 5.5625, 11.5, 14 ],
    "rotation": { "origin": [ 5.5, 11.5, 7 ], "axis": "z", "angle": -22.5 },
    "faces": {
        "east":  { "uv": [ 0, 0, 16, 16 ], "rotation": 180, "texture": "#fern" }
    }
},
{
    "__comment": "fern",
    "from": [ 11, 6.03858, -1.5 ],
    "to": [ 11.0625, 11.0386, 5.5 ],
    "rotation": { "origin": [ 11, 11.0386, -1.5 ], "axis": "z", "angle": 22.5 },
    "faces": {
        "east":  { "uv": [ 0, 0, 16, 16 ], "rotation": 180, "texture": "#fern" }
    }
},
{
    "__comment": "fern",
    "from": [ 8, 6, 10.5 ],
    "to": [ 15.5, 11.5, 10.5625 ],
    "faces": {
        "south": { "uv": [ 0, 0, 16, 16 ], "rotation": 180, "texture": "#fern" }
    }
},
{
    "__comment": "fern",
    "from": [ 0, 4.5, 4.5 ],
    "to": [ 7.5, 11.5, 4.5625 ],
    "rotation": { "origin": [ 0, 11.5, 4.5 ], "axis": "x", "angle": 45 },
    "faces": {
        "north": { "uv": [ 0, 0, 16, 16 ], "rotation": 180, "texture": "#fern" },
        "south": { "uv": [ 0, 0, 16, 16 ], "rotation": 180, "texture": "#fern" }
    }
},
{
    "__comment": "fern*",
    "from": [ 5.5, -2, -0.5 ],
    "to": [ 5.5625, 3, 6.5 ],
    "rotation": { "origin": [ 5.5, 3, -0.5 ], "axis": "z", "angle": -22.5 },
    "faces": {
        "east":  { "uv": [ 0, 0, 16, 16 ], "rotation": 180, "texture": "#fern" }
    }
},
{
    "__comment": "fern*",
    "from": [ 11, 0.0385823, 6.5 ],
    "to": [ 11.0625, 5.03858, 13.5 ],
    "rotation": { "origin": [ 11, 5.03858, 6.5 ], "axis": "z", "angle": 22.5 },
    "faces": {
        "east":  { "uv": [ 0, 0, 16, 16 ], "rotation": 180, "texture": "#fern" }
    }
},
{
    "__comment": "fern*",
    "from": [ 12, 0.518306, 8.5 ],
    "to": [ 19.5, 6.01831, 8.5625 ],
    "rotation": { "origin": [ 12, 6.01831, 8.5 ], "axis": "x", "angle": -45 },
    "faces": {
        "south": { "uv": [ 0, 0, 16, 16 ], "rotation": 180, "texture": "#fern" }
    }
},
{
    "__comment": "fern*",
    "from": [ 1, 0.5, 3.5 ],
    "to": [ 8.5, 6, 3.5625 ],
    "rotation": { "origin": [ 1, 6, 3.5 ], "axis": "x", "angle": 22.5 },
    "faces": {
        "north": { "uv": [ 0, 0, 16, 16 ], "rotation": 180, "texture": "#fern" },
        "south": { "uv": [ 0, 0, 16, 16 ], "rotation": 180, "texture": "#fern" }
    }
},
{
    "__comment": "side01*",
    "from": [ 4, -3, 5 ],
    "to": [ 9.5, 2, 10 ],
    "faces": {
        "down":  { "uv": [ 0, 0, 6.5, 7.5 ], "rotation": 90, "texture": "#log_oak_top" },
        "up":    { "uv": [ 0, 0, 16, 16 ], "texture": "#log_oak_top" },
        "north": { "uv": [ 0, 0, 16, 3.5 ], "texture": "#log_oak" },
        "south": { "uv": [ 0, 0, 16, 4 ], "texture": "#log_oak" },
        "west":  { "uv": [ 10, 0, 13.5, 16 ], "texture": "#log_oak" },
        "east":  { "uv": [ 0, 0, 4, 11.5 ], "texture": "#log_oak" }
    }
},
{
    "__comment": "side01*",
    "from": [ 6.5, -8, 4 ],
    "to": [ 12, -3, 9 ],
    "rotation": { "origin": [ 6.5, -3, 4 ], "axis": "x", "angle": -22.5 },
    "faces": {
        "down":  { "uv": [ 0, 0, 6.5, 7.5 ], "rotation": 90, "texture": "#log_oak_top" },
        "up":    { "uv": [ 0, 0, 16, 16 ], "texture": "#log_oak_top" },
        "north": { "uv": [ 0, 0, 16, 3.5 ], "texture": "#log_oak" },
        "south": { "uv": [ 0, 0, 16, 4 ], "texture": "#log_oak" },
        "west":  { "uv": [ 10, 0, 13.5, 16 ], "texture": "#log_oak" },
        "east":  { "uv": [ 0, 0, 4, 11.5 ], "texture": "#log_oak" }
    }
},
{
    "__comment": "side01*",
    "from": [ 6, 0.5, 4.5 ],
    "to": [ 11.5, 5.5, 9.5 ],
    "rotation": { "origin": [ 6, 5.5, 4.5 ], "axis": "x", "angle": 22.5 },
    "faces": {
        "down":  { "uv": [ 0, 0, 6.5, 7.5 ], "rotation": 90, "texture": "#log_oak_top" },
        "up":    { "uv": [ 0, 0, 16, 16 ], "texture": "#log_oak_top" },
        "north": { "uv": [ 0, 0, 16, 3.5 ], "texture": "#log_oak" },
        "south": { "uv": [ 0, 0, 16, 4 ], "texture": "#log_oak" },
        "west":  { "uv": [ 10, 0, 13.5, 16 ], "texture": "#log_oak" },
        "east":  { "uv": [ 0, 0, 4, 11.5 ], "texture": "#log_oak" }
    }
},
{
    "__comment": "fern*",
    "from": [ 5.5, -6, 8.5 ],
    "to": [ 5.5625, -1, 15.5 ],
    "rotation": { "origin": [ 5.5, -1, 8.5 ], "axis": "z", "angle": -22.5 },
    "faces": {
        "east":  { "uv": [ 0, 0, 16, 16 ], "rotation": 180, "texture": "#fern" }
    }
},
{
    "__comment": "fern*",
    "from": [ 11, -6.46142, 0 ],
    "to": [ 11.0625, -1.46142, 7 ],
    "rotation": { "origin": [ 11, -1.46142, 0 ], "axis": "z", "angle": 22.5 },
    "faces": {
        "east":  { "uv": [ 0, 0, 16, 16 ], "rotation": 180, "texture": "#fern" }
    }
},
{
    "__comment": "fern*",
    "from": [ 11, -8.5, 10.5 ],
    "to": [ 18.5, -3, 10.5625 ],
    "faces": {
        "south": { "uv": [ 0, 0, 16, 16 ], "rotation": 180, "texture": "#fern" }
    }
},
{
    "__comment": "fern*",
    "from": [ 1, -10.5, 4.5 ],
    "to": [ 8.5, -3.5, 4.5625 ],
    "rotation": { "origin": [ 1, -3.5, 4.5 ], "axis": "x", "angle": 45 },
    "faces": {
        "north": { "uv": [ 0, 0, 16, 16 ], "rotation": 180, "texture": "#fern" },
        "south": { "uv": [ 0, 0, 16, 16 ], "rotation": 180, "texture": "#fern" }
    }
},
{
    "__comment": "fern*",
    "from": [ 5.5, -10.5, 1.5 ],
    "to": [ 5.5625, -5.5, 8.5 ],
    "rotation": { "origin": [ 5.5, -5.5, 1.5 ], "axis": "z", "angle": -22.5 },
    "faces": {
        "east":  { "uv": [ 0, 0, 16, 16 ], "rotation": 180, "texture": "#fern" }
    }
},
{
    "__comment": "fern*",
    "from": [ 11, -10.9614, 8 ],
    "to": [ 11.0625, -5.96142, 15 ],
    "rotation": { "origin": [ 11, -5.96142, 8 ], "axis": "z", "angle": 22.5 },
    "faces": {
        "east":  { "uv": [ 0, 0, 16, 16 ], "rotation": 180, "texture": "#fern" }
    }
},
{
    "__comment": "fern*",
    "from": [ 9.5, -10.5, 7 ],
    "to": [ 17, -5, 7.0625 ],
    "rotation": { "origin": [ 9.5, -5, 7 ], "axis": "x", "angle": -45 },
    "faces": {
        "south": { "uv": [ 0, 0, 16, 16 ], "rotation": 180, "texture": "#fern" }
    }
},
{
    "__comment": "fern*",
    "from": [ 1.5, -11.5, 3.5 ],
    "to": [ 9, -6, 3.5625 ],
    "faces": {
        "north": { "uv": [ 0, 0, 16, 16 ], "rotation": 180, "texture": "#fern" },
        "south": { "uv": [ 0, 0, 16, 16 ], "rotation": 180, "texture": "#fern" }
    }
}
],
"display": {
    "thirdperson_righthand": {
        "rotation": [ 69, -85, 0 ],
        "translation": [ -9.07, 20.41, 9.45 ],
        "scale": [ 4, 4, 4 ]
    },
    "thirdperson_lefthand": {
        "rotation": [ -14, 14, 0 ],
        "translation": [ 0, -0.94, 0 ],
        "scale": [ 0.5, 0.5, 0.5 ]
    },
    "head": {
        "rotation": [ 0, 0, 0 ],
        "translation": [ 0, -65, 0 ],
        "scale": [ 4, 4, 4 ]
    },
    "ground": {
        "rotation": [ 6, 0, 0 ],
        "translation": [ 0, -5.29, 0 ],
        "scale": [ 0.5, 0.5, 0.5 ]
    },
    "fixed": {
        "rotation": [ 91, 0, 0 ],
        "translation": [ 0, 0, 0 ],
        "scale": [ 1, 1, 1 ]
    },
    "firstperson_righthand": {
        "rotation": [ 0, 0, 0 ],
        "translation": [ 0, 0, 0 ],
        "scale": [ 1, 1, 1 ]
    },
    "firstperson_lefthand": {
        "rotation": [ 0, 0, 0 ],
        "translation": [ 0, 0, 0 ],
        "scale": [ 1, 1, 1 ]
    },
    "gui": {
        "rotation": [ 81, -1, 33 ],
        "translation": [ 0, 0, 0 ],
        "scale": [ 0.72, 0.66, 0.63 ]
    }
}
}