{
"__comment": "Designed by 1102938Flashtt with BDcraft Cubik PRO 0.96 Beta - http://bdcraft.net",
"textures": {
    "fire_layer_0": "blocks/fire_layer_0",
    "glass_orange": "blocks/glass_orange",
    "wool_colored_brown": "blocks/wool_colored_black",
    "wool_colored_white": "blocks/wool_colored_white",
    "State4ver2": "items/State4ver2"
},
"elements": [ 
{
    "__comment": "base",
    "from": [ 2, 7.1875, 2 ],
    "to": [ 14, 7.3125, 14 ],
    "faces": {
        "down":  { "uv": [ 13, 13.5, 2.5, 2.5 ], "texture": "#glass_orange" }
    }
},
{
    "__comment": "base",
    "from": [ 2, 7.1875, 2 ],
    "to": [ 14, 7.3125, 14 ],
    "faces": {
        "down":  { "uv": [ 13.5, 12, 2.5, 3 ], "texture": "#glass_orange" }
    }
},
{
    "__comment": "base",
    "from": [ 2, 3.75, 2 ],
    "to": [ 2.125, 10.75, 14 ],
    "faces": {
        "west":  { "uv": [ 13, 13.5, 2.5, 2.5 ], "rotation": 180, "texture": "#glass_orange" }
    }
},
{
    "__comment": "base",
    "from": [ 14, 3.75, 2 ],
    "to": [ 14.125, 10.75, 14 ],
    "faces": {
        "west":  { "uv": [ 13.5, 12, 2.5, 3 ], "rotation": 180, "texture": "#glass_orange" }
    }
},
{
    "__comment": "base",
    "from": [ 2, 3.75, 1.875 ],
    "to": [ 14, 10.75, 2 ],
    "faces": {
        "north": { "uv": [ 13, 13.5, 2.5, 2.5 ], "rotation": 180, "texture": "#glass_orange" }
    }
},
{
    "__comment": "base",
    "from": [ 2, 3.75, 14 ],
    "to": [ 14, 10.75, 14.125 ],
    "faces": {
        "north": { "uv": [ 13.5, 12, 2.5, 3 ], "rotation": 180, "texture": "#glass_orange" }
    }
},
{
    "from": [ 3, 3.5, 2.98169 ],
    "to": [ 3.0625, 11, 17.4817 ],
    "rotation": { "origin": [ 3, 3.5, 2.98169 ], "axis": "y", "angle": 45 },
    "faces": {
        "west":  { "uv": [ 0, 0, 16, 16 ], "texture": "#fire_layer_0" }
    }
},
{
    "from": [ 3, 3.5, 11.9406 ],
    "to": [ 17.5, 11, 12.0031 ],
    "rotation": { "origin": [ 3, 3.5, 11.9406 ], "axis": "y", "angle": 45 },
    "faces": {
        "south": { "uv": [ 0, 0, 16, 16 ], "texture": "#fire_layer_0" }
    }
},
{
    "__comment": "fire",
    "from": [ 13, 5.25, 10.5 ],
    "to": [ 17, 9.25, 14.5 ],
    "faces": {
        "north": { "uv": [ 0, 0, 16, 16 ], "texture": "#fire_layer_0" },
        "south": { "uv": [ 0, 0, 16, 16 ], "texture": "#fire_layer_0" },
        "west":  { "uv": [ 0, 0, 16, 16 ], "texture": "#fire_layer_0" },
        "east":  { "uv": [ 0, 0, 16, 16 ], "texture": "#fire_layer_0" }
    }
},
{
    "__comment": "fire",
    "from": [ 0, 5.25, 11.5 ],
    "to": [ 4, 9.25, 15.5 ],
    "faces": {
        "north": { "uv": [ 0, 0, 16, 16 ], "texture": "#fire_layer_0" },
        "south": { "uv": [ 0, 0, 16, 16 ], "texture": "#fire_layer_0" },
        "west":  { "uv": [ 0, 0, 16, 16 ], "texture": "#fire_layer_0" },
        "east":  { "uv": [ 0, 0, 16, 16 ], "texture": "#fire_layer_0" }
    }
},
{
    "from": [ -0.5, -1.5, 20 ],
    "to": [ 16, 16, 20.0625 ],
    "rotation": { "origin": [ -0.5, 16, 20 ], "axis": "x", "angle": 22.5 },
    "faces": {
        "north": { "uv": [ 0, 0, 16, 16 ], "texture": "#State4ver2" }
    }
},
{
    "from": [ 8, -1.5, 11.5 ],
    "to": [ 8.0625, 16, 29.5 ],
    "rotation": { "origin": [ 8, 16, 11.5 ], "axis": "x", "angle": 22.5 },
    "faces": {
        "east":  { "uv": [ 0, 0, 16, 16 ], "texture": "#State4ver2" }
    }
},
{
    "__comment": "eye",
    "from": [ 13, 6.5, 13.5 ],
    "to": [ 13.5, 8, 14 ],
    "faces": {
        "down":  { "uv": [ 3, 14, 2.5, 13.5 ], "texture": "#wool_colored_brown" },
        "up":    { "uv": [ 13, 13.5, 13.5, 14 ], "texture": "#wool_colored_brown" },
        "north": { "uv": [ 2.5, 8, 3, 9.5 ], "texture": "#wool_colored_brown" },
        "south": { "uv": [ 13, 8, 13.5, 9.5 ], "texture": "#wool_colored_brown" },
        "west":  { "uv": [ 13.5, 8, 14, 9.5 ], "texture": "#wool_colored_brown" },
        "east":  { "uv": [ 2, 8, 2.5, 9.5 ], "texture": "#wool_colored_brown" }
    }
},
{
    "__comment": "eye",
    "from": [ 11.5, 7, 13.5 ],
    "to": [ 12.5, 7.5, 14 ],
    "faces": {
        "down":  { "uv": [ 4.5, 14, 3.5, 13.5 ], "texture": "#wool_colored_brown" },
        "up":    { "uv": [ 11.5, 13.5, 12.5, 14 ], "texture": "#wool_colored_brown" },
        "north": { "uv": [ 3.5, 8.5, 4.5, 9 ], "texture": "#wool_colored_brown" },
        "south": { "uv": [ 11.5, 8.5, 12.5, 9 ], "texture": "#wool_colored_brown" },
        "west":  { "uv": [ 13.5, 8.5, 14, 9 ], "texture": "#wool_colored_brown" },
        "east":  { "uv": [ 2, 8.5, 2.5, 9 ], "texture": "#wool_colored_brown" }
    }
},
{
    "__comment": "eye",
    "from": [ 12.5, 6.75, 13.5 ],
    "to": [ 13, 7.75, 14 ],
    "faces": {
        "down":  { "uv": [ 3.5, 14, 3, 13.5 ], "texture": "#wool_colored_brown" },
        "up":    { "uv": [ 12.5, 13.5, 13, 14 ], "texture": "#wool_colored_brown" },
        "north": { "uv": [ 3, 8.25, 3.5, 9.25 ], "texture": "#wool_colored_brown" },
        "south": { "uv": [ 12.5, 8.25, 13, 9.25 ], "texture": "#wool_colored_brown" },
        "west":  { "uv": [ 13.5, 8.25, 14, 9.25 ], "texture": "#wool_colored_brown" },
        "east":  { "uv": [ 2, 8.25, 2.5, 9.25 ], "texture": "#wool_colored_brown" }
    }
},
{
    "__comment": "eye",
    "from": [ 11.5, 7, 13.5 ],
    "to": [ 12.5, 7.5, 14 ],
    "faces": {
        "down":  { "uv": [ 4.5, 14, 3.5, 13.5 ], "texture": "#wool_colored_brown" },
        "up":    { "uv": [ 11.5, 13.5, 12.5, 14 ], "texture": "#wool_colored_brown" },
        "north": { "uv": [ 3.5, 8.5, 4.5, 9 ], "texture": "#wool_colored_brown" },
        "south": { "uv": [ 11.5, 8.5, 12.5, 9 ], "texture": "#wool_colored_brown" },
        "west":  { "uv": [ 13.5, 8.5, 14, 9 ], "texture": "#wool_colored_brown" },
        "east":  { "uv": [ 2, 8.5, 2.5, 9 ], "texture": "#wool_colored_brown" }
    }
},
{
    "__comment": "eye",
    "from": [ 12.5, 6.75, 13.5 ],
    "to": [ 13, 7.75, 14 ],
    "faces": {
        "down":  { "uv": [ 3.5, 14, 3, 13.5 ], "texture": "#wool_colored_brown" },
        "up":    { "uv": [ 12.5, 13.5, 13, 14 ], "texture": "#wool_colored_brown" },
        "north": { "uv": [ 3, 8.25, 3.5, 9.25 ], "texture": "#wool_colored_brown" },
        "south": { "uv": [ 12.5, 8.25, 13, 9.25 ], "texture": "#wool_colored_brown" },
        "west":  { "uv": [ 13.5, 8.25, 14, 9.25 ], "texture": "#wool_colored_brown" },
        "east":  { "uv": [ 2, 8.25, 2.5, 9.25 ], "texture": "#wool_colored_brown" }
    }
},
{
    "__comment": "eye",
    "from": [ 10.5, 7, 13.5 ],
    "to": [ 11.5, 7.5, 14 ],
    "faces": {
        "down":  { "uv": [ 5.5, 14, 4.5, 13.5 ], "texture": "#wool_colored_brown" },
        "up":    { "uv": [ 10.5, 13.5, 11.5, 14 ], "texture": "#wool_colored_brown" },
        "north": { "uv": [ 4.5, 8.5, 5.5, 9 ], "texture": "#wool_colored_brown" },
        "south": { "uv": [ 10.5, 8.5, 11.5, 9 ], "texture": "#wool_colored_brown" },
        "west":  { "uv": [ 13.5, 8.5, 14, 9 ], "texture": "#wool_colored_brown" },
        "east":  { "uv": [ 2, 8.5, 2.5, 9 ], "texture": "#wool_colored_brown" }
    }
},
{
    "__comment": "eye",
    "from": [ 9.5, 7, 13.5 ],
    "to": [ 10.5, 7.5, 14 ],
    "faces": {
        "down":  { "uv": [ 6.5, 14, 5.5, 13.5 ], "texture": "#wool_colored_brown" },
        "up":    { "uv": [ 9.5, 13.5, 10.5, 14 ], "texture": "#wool_colored_brown" },
        "north": { "uv": [ 5.5, 8.5, 6.5, 9 ], "texture": "#wool_colored_brown" },
        "south": { "uv": [ 9.5, 8.5, 10.5, 9 ], "texture": "#wool_colored_brown" },
        "west":  { "uv": [ 13.5, 8.5, 14, 9 ], "texture": "#wool_colored_brown" },
        "east":  { "uv": [ 2, 8.5, 2.5, 9 ], "texture": "#wool_colored_brown" }
    }
},
{
    "__comment": "eye",
    "from": [ 9, 6.75, 13.5 ],
    "to": [ 9.5, 7.75, 14 ],
    "faces": {
        "down":  { "uv": [ 7, 14, 6.5, 13.5 ], "texture": "#wool_colored_brown" },
        "up":    { "uv": [ 9, 13.5, 9.5, 14 ], "texture": "#wool_colored_brown" },
        "north": { "uv": [ 6.5, 8.25, 7, 9.25 ], "texture": "#wool_colored_brown" },
        "south": { "uv": [ 9, 8.25, 9.5, 9.25 ], "texture": "#wool_colored_brown" },
        "west":  { "uv": [ 13.5, 8.25, 14, 9.25 ], "texture": "#wool_colored_brown" },
        "east":  { "uv": [ 2, 8.25, 2.5, 9.25 ], "texture": "#wool_colored_brown" }
    }
},
{
    "__comment": "eye",
    "from": [ 9.5, 6.75, 13.5 ],
    "to": [ 10, 7.75, 14 ],
    "faces": {
        "down":  { "uv": [ 6.5, 14, 6, 13.5 ], "texture": "#wool_colored_brown" },
        "up":    { "uv": [ 9.5, 13.5, 10, 14 ], "texture": "#wool_colored_brown" },
        "north": { "uv": [ 6, 8.25, 6.5, 9.25 ], "texture": "#wool_colored_brown" },
        "south": { "uv": [ 9.5, 8.25, 10, 9.25 ], "texture": "#wool_colored_brown" },
        "west":  { "uv": [ 13.5, 8.25, 14, 9.25 ], "texture": "#wool_colored_brown" },
        "east":  { "uv": [ 2, 8.25, 2.5, 9.25 ], "texture": "#wool_colored_brown" }
    }
},
{
    "__comment": "eye",
    "from": [ 10, 7, 13.5 ],
    "to": [ 11.5, 7.5, 14 ],
    "faces": {
        "down":  { "uv": [ 6, 14, 4.5, 13.5 ], "texture": "#wool_colored_brown" },
        "up":    { "uv": [ 10, 13.5, 11.5, 14 ], "texture": "#wool_colored_brown" },
        "north": { "uv": [ 4.5, 8.5, 6, 9 ], "texture": "#wool_colored_brown" },
        "south": { "uv": [ 10, 8.5, 11.5, 9 ], "texture": "#wool_colored_brown" },
        "west":  { "uv": [ 13.5, 8.5, 14, 9 ], "texture": "#wool_colored_brown" },
        "east":  { "uv": [ 2, 8.5, 2.5, 9 ], "texture": "#wool_colored_brown" }
    }
},
{
    "__comment": "eye",
    "from": [ 11.5, 7, 13.5 ],
    "to": [ 12, 7.5, 14 ],
    "faces": {
        "down":  { "uv": [ 4.5, 14, 4, 13.5 ], "texture": "#wool_colored_brown" },
        "up":    { "uv": [ 11.5, 13.5, 12, 14 ], "texture": "#wool_colored_brown" },
        "north": { "uv": [ 4, 8.5, 4.5, 9 ], "texture": "#wool_colored_brown" },
        "south": { "uv": [ 11.5, 8.5, 12, 9 ], "texture": "#wool_colored_brown" },
        "west":  { "uv": [ 13.5, 8.5, 14, 9 ], "texture": "#wool_colored_brown" },
        "east":  { "uv": [ 2, 8.5, 2.5, 9 ], "texture": "#wool_colored_brown" }
    }
},
{
    "__comment": "eye",
    "from": [ 12, 6.75, 13.5 ],
    "to": [ 12.5, 7.75, 14 ],
    "faces": {
        "down":  { "uv": [ 4, 14, 3.5, 13.5 ], "texture": "#wool_colored_brown" },
        "up":    { "uv": [ 12, 13.5, 12.5, 14 ], "texture": "#wool_colored_brown" },
        "north": { "uv": [ 3.5, 8.25, 4, 9.25 ], "texture": "#wool_colored_brown" },
        "south": { "uv": [ 12, 8.25, 12.5, 9.25 ], "texture": "#wool_colored_brown" },
        "west":  { "uv": [ 13.5, 8.25, 14, 9.25 ], "texture": "#wool_colored_brown" },
        "east":  { "uv": [ 2, 8.25, 2.5, 9.25 ], "texture": "#wool_colored_brown" }
    }
},
{
    "__comment": "eye",
    "from": [ 11, 7, 13.5 ],
    "to": [ 12, 7.5, 14 ],
    "faces": {
        "down":  { "uv": [ 5, 14, 4, 13.5 ], "texture": "#wool_colored_brown" },
        "up":    { "uv": [ 11, 13.5, 12, 14 ], "texture": "#wool_colored_brown" },
        "north": { "uv": [ 4, 8.5, 5, 9 ], "texture": "#wool_colored_brown" },
        "south": { "uv": [ 11, 8.5, 12, 9 ], "texture": "#wool_colored_brown" },
        "west":  { "uv": [ 13.5, 8.5, 14, 9 ], "texture": "#wool_colored_brown" },
        "east":  { "uv": [ 2, 8.5, 2.5, 9 ], "texture": "#wool_colored_brown" }
    }
},
{
    "__comment": "eye",
    "from": [ 10.5, 7, 13.5 ],
    "to": [ 11, 7.5, 14 ],
    "faces": {
        "down":  { "uv": [ 5.5, 14, 5, 13.5 ], "texture": "#wool_colored_brown" },
        "up":    { "uv": [ 10.5, 13.5, 11, 14 ], "texture": "#wool_colored_brown" },
        "north": { "uv": [ 5, 8.5, 5.5, 9 ], "texture": "#wool_colored_brown" },
        "south": { "uv": [ 10.5, 8.5, 11, 9 ], "texture": "#wool_colored_brown" },
        "west":  { "uv": [ 13.5, 8.5, 14, 9 ], "texture": "#wool_colored_brown" },
        "east":  { "uv": [ 2, 8.5, 2.5, 9 ], "texture": "#wool_colored_brown" }
    }
},
{
    "__comment": "eye*",
    "from": [ 6.5, 6.5, 13.5 ],
    "to": [ 7, 8, 14 ],
    "faces": {
        "down":  { "uv": [ 9.5, 14, 9, 13.5 ], "texture": "#wool_colored_brown" },
        "up":    { "uv": [ 6.5, 13.5, 7, 14 ], "texture": "#wool_colored_brown" },
        "north": { "uv": [ 9, 8, 9.5, 9.5 ], "texture": "#wool_colored_brown" },
        "south": { "uv": [ 6.5, 8, 7, 9.5 ], "texture": "#wool_colored_brown" },
        "west":  { "uv": [ 13.5, 8, 14, 9.5 ], "texture": "#wool_colored_brown" },
        "east":  { "uv": [ 2, 8, 2.5, 9.5 ], "texture": "#wool_colored_brown" }
    }
},
{
    "__comment": "eye*",
    "from": [ 5, 7, 13.5 ],
    "to": [ 6, 7.5, 14 ],
    "faces": {
        "down":  { "uv": [ 11, 14, 10, 13.5 ], "texture": "#wool_colored_brown" },
        "up":    { "uv": [ 5, 13.5, 6, 14 ], "texture": "#wool_colored_brown" },
        "north": { "uv": [ 10, 8.5, 11, 9 ], "texture": "#wool_colored_brown" },
        "south": { "uv": [ 5, 8.5, 6, 9 ], "texture": "#wool_colored_brown" },
        "west":  { "uv": [ 13.5, 8.5, 14, 9 ], "texture": "#wool_colored_brown" },
        "east":  { "uv": [ 2, 8.5, 2.5, 9 ], "texture": "#wool_colored_brown" }
    }
},
{
    "__comment": "eye*",
    "from": [ 6, 6.75, 13.5 ],
    "to": [ 6.5, 7.75, 14 ],
    "faces": {
        "down":  { "uv": [ 10, 14, 9.5, 13.5 ], "texture": "#wool_colored_brown" },
        "up":    { "uv": [ 6, 13.5, 6.5, 14 ], "texture": "#wool_colored_brown" },
        "north": { "uv": [ 9.5, 8.25, 10, 9.25 ], "texture": "#wool_colored_brown" },
        "south": { "uv": [ 6, 8.25, 6.5, 9.25 ], "texture": "#wool_colored_brown" },
        "west":  { "uv": [ 13.5, 8.25, 14, 9.25 ], "texture": "#wool_colored_brown" },
        "east":  { "uv": [ 2, 8.25, 2.5, 9.25 ], "texture": "#wool_colored_brown" }
    }
},
{
    "__comment": "eye*",
    "from": [ 5, 7, 13.5 ],
    "to": [ 6, 7.5, 14 ],
    "faces": {
        "down":  { "uv": [ 11, 14, 10, 13.5 ], "texture": "#wool_colored_brown" },
        "up":    { "uv": [ 5, 13.5, 6, 14 ], "texture": "#wool_colored_brown" },
        "north": { "uv": [ 10, 8.5, 11, 9 ], "texture": "#wool_colored_brown" },
        "south": { "uv": [ 5, 8.5, 6, 9 ], "texture": "#wool_colored_brown" },
        "west":  { "uv": [ 13.5, 8.5, 14, 9 ], "texture": "#wool_colored_brown" },
        "east":  { "uv": [ 2, 8.5, 2.5, 9 ], "texture": "#wool_colored_brown" }
    }
},
{
    "__comment": "eye*",
    "from": [ 6, 6.75, 13.5 ],
    "to": [ 6.5, 7.75, 14 ],
    "faces": {
        "down":  { "uv": [ 10, 14, 9.5, 13.5 ], "texture": "#wool_colored_brown" },
        "up":    { "uv": [ 6, 13.5, 6.5, 14 ], "texture": "#wool_colored_brown" },
        "north": { "uv": [ 9.5, 8.25, 10, 9.25 ], "texture": "#wool_colored_brown" },
        "south": { "uv": [ 6, 8.25, 6.5, 9.25 ], "texture": "#wool_colored_brown" },
        "west":  { "uv": [ 13.5, 8.25, 14, 9.25 ], "texture": "#wool_colored_brown" },
        "east":  { "uv": [ 2, 8.25, 2.5, 9.25 ], "texture": "#wool_colored_brown" }
    }
},
{
    "__comment": "eye*",
    "from": [ 4, 7, 13.5 ],
    "to": [ 5, 7.5, 14 ],
    "faces": {
        "down":  { "uv": [ 12, 14, 11, 13.5 ], "texture": "#wool_colored_brown" },
        "up":    { "uv": [ 4, 13.5, 5, 14 ], "texture": "#wool_colored_brown" },
        "north": { "uv": [ 11, 8.5, 12, 9 ], "texture": "#wool_colored_brown" },
        "south": { "uv": [ 4, 8.5, 5, 9 ], "texture": "#wool_colored_brown" },
        "west":  { "uv": [ 13.5, 8.5, 14, 9 ], "texture": "#wool_colored_brown" },
        "east":  { "uv": [ 2, 8.5, 2.5, 9 ], "texture": "#wool_colored_brown" }
    }
},
{
    "__comment": "eye*",
    "from": [ 3, 7, 13.5 ],
    "to": [ 4, 7.5, 14 ],
    "faces": {
        "down":  { "uv": [ 13, 14, 12, 13.5 ], "texture": "#wool_colored_brown" },
        "up":    { "uv": [ 3, 13.5, 4, 14 ], "texture": "#wool_colored_brown" },
        "north": { "uv": [ 12, 8.5, 13, 9 ], "texture": "#wool_colored_brown" },
        "south": { "uv": [ 3, 8.5, 4, 9 ], "texture": "#wool_colored_brown" },
        "west":  { "uv": [ 13.5, 8.5, 14, 9 ], "texture": "#wool_colored_brown" },
        "east":  { "uv": [ 2, 8.5, 2.5, 9 ], "texture": "#wool_colored_brown" }
    }
},
{
    "__comment": "eye*",
    "from": [ 2.5, 6.75, 13.5 ],
    "to": [ 3, 7.75, 14 ],
    "faces": {
        "down":  { "uv": [ 13.5, 14, 13, 13.5 ], "texture": "#wool_colored_brown" },
        "up":    { "uv": [ 2.5, 13.5, 3, 14 ], "texture": "#wool_colored_brown" },
        "north": { "uv": [ 13, 8.25, 13.5, 9.25 ], "texture": "#wool_colored_brown" },
        "south": { "uv": [ 2.5, 8.25, 3, 9.25 ], "texture": "#wool_colored_brown" },
        "west":  { "uv": [ 13.5, 8.25, 14, 9.25 ], "texture": "#wool_colored_brown" },
        "east":  { "uv": [ 2, 8.25, 2.5, 9.25 ], "texture": "#wool_colored_brown" }
    }
},
{
    "__comment": "eye*",
    "from": [ 3, 6.75, 13.5 ],
    "to": [ 3.5, 7.75, 14 ],
    "faces": {
        "down":  { "uv": [ 13, 14, 12.5, 13.5 ], "texture": "#wool_colored_brown" },
        "up":    { "uv": [ 3, 13.5, 3.5, 14 ], "texture": "#wool_colored_brown" },
        "north": { "uv": [ 12.5, 8.25, 13, 9.25 ], "texture": "#wool_colored_brown" },
        "south": { "uv": [ 3, 8.25, 3.5, 9.25 ], "texture": "#wool_colored_brown" },
        "west":  { "uv": [ 13.5, 8.25, 14, 9.25 ], "texture": "#wool_colored_brown" },
        "east":  { "uv": [ 2, 8.25, 2.5, 9.25 ], "texture": "#wool_colored_brown" }
    }
},
{
    "__comment": "eye*",
    "from": [ 3.5, 7, 13.5 ],
    "to": [ 5, 7.5, 14 ],
    "faces": {
        "down":  { "uv": [ 12.5, 14, 11, 13.5 ], "texture": "#wool_colored_brown" },
        "up":    { "uv": [ 3.5, 13.5, 5, 14 ], "texture": "#wool_colored_brown" },
        "north": { "uv": [ 11, 8.5, 12.5, 9 ], "texture": "#wool_colored_brown" },
        "south": { "uv": [ 3.5, 8.5, 5, 9 ], "texture": "#wool_colored_brown" },
        "west":  { "uv": [ 13.5, 8.5, 14, 9 ], "texture": "#wool_colored_brown" },
        "east":  { "uv": [ 2, 8.5, 2.5, 9 ], "texture": "#wool_colored_brown" }
    }
},
{
    "__comment": "eye*",
    "from": [ 5, 7, 13.5 ],
    "to": [ 5.5, 7.5, 14 ],
    "faces": {
        "down":  { "uv": [ 11, 14, 10.5, 13.5 ], "texture": "#wool_colored_brown" },
        "up":    { "uv": [ 5, 13.5, 5.5, 14 ], "texture": "#wool_colored_brown" },
        "north": { "uv": [ 10.5, 8.5, 11, 9 ], "texture": "#wool_colored_brown" },
        "south": { "uv": [ 5, 8.5, 5.5, 9 ], "texture": "#wool_colored_brown" },
        "west":  { "uv": [ 13.5, 8.5, 14, 9 ], "texture": "#wool_colored_brown" },
        "east":  { "uv": [ 2, 8.5, 2.5, 9 ], "texture": "#wool_colored_brown" }
    }
},
{
    "__comment": "eye*",
    "from": [ 5.5, 6.75, 13.5 ],
    "to": [ 6, 7.75, 14 ],
    "faces": {
        "down":  { "uv": [ 10.5, 14, 10, 13.5 ], "texture": "#wool_colored_brown" },
        "up":    { "uv": [ 5.5, 13.5, 6, 14 ], "texture": "#wool_colored_brown" },
        "north": { "uv": [ 10, 8.25, 10.5, 9.25 ], "texture": "#wool_colored_brown" },
        "south": { "uv": [ 5.5, 8.25, 6, 9.25 ], "texture": "#wool_colored_brown" },
        "west":  { "uv": [ 13.5, 8.25, 14, 9.25 ], "texture": "#wool_colored_brown" },
        "east":  { "uv": [ 2, 8.25, 2.5, 9.25 ], "texture": "#wool_colored_brown" }
    }
},
{
    "__comment": "eye*",
    "from": [ 4.5, 7, 13.5 ],
    "to": [ 5.5, 7.5, 14 ],
    "faces": {
        "down":  { "uv": [ 11.5, 14, 10.5, 13.5 ], "texture": "#wool_colored_brown" },
        "up":    { "uv": [ 4.5, 13.5, 5.5, 14 ], "texture": "#wool_colored_brown" },
        "north": { "uv": [ 10.5, 8.5, 11.5, 9 ], "texture": "#wool_colored_brown" },
        "south": { "uv": [ 4.5, 8.5, 5.5, 9 ], "texture": "#wool_colored_brown" },
        "west":  { "uv": [ 13.5, 8.5, 14, 9 ], "texture": "#wool_colored_brown" },
        "east":  { "uv": [ 2, 8.5, 2.5, 9 ], "texture": "#wool_colored_brown" }
    }
},
{
    "__comment": "eye*",
    "from": [ 4, 7, 13.5 ],
    "to": [ 4.5, 7.5, 14 ],
    "faces": {
        "down":  { "uv": [ 12, 14, 11.5, 13.5 ], "texture": "#wool_colored_brown" },
        "up":    { "uv": [ 4, 13.5, 4.5, 14 ], "texture": "#wool_colored_brown" },
        "north": { "uv": [ 11.5, 8.5, 12, 9 ], "texture": "#wool_colored_brown" },
        "south": { "uv": [ 4, 8.5, 4.5, 9 ], "texture": "#wool_colored_brown" },
        "west":  { "uv": [ 13.5, 8.5, 14, 9 ], "texture": "#wool_colored_brown" },
        "east":  { "uv": [ 2, 8.5, 2.5, 9 ], "texture": "#wool_colored_brown" }
    }
}
],
"display": {
    "thirdperson_righthand": {
        "rotation": [ 43, -48, 35 ],
        "translation": [ -2.61, 12.09, 12.28 ],
        "scale": [ 1.83, 0.09, 0.35 ]
    },
    "thirdperson_lefthand": {
        "rotation": [ 72, 34, 72 ],
        "translation": [ -5.86, 2.65, 6.24 ],
        "scale": [ 1.48, 0.16, 1.51 ]
    },
    "head": {
        "rotation": [ 26, -180, 0 ],
        "translation": [ 0, -17, -6 ],
        "scale": [ 1, 1, 1 ]
    },
    "ground": {
        "rotation": [ -88, 48, 105 ],
        "translation": [ 8.31, 8.5, 0 ],
        "scale": [ 1.61, -0.72, 0.44 ]
    },
    "fixed": {
        "rotation": [ 0, 0, 0 ],
        "translation": [ 0, 0, 0 ],
        "scale": [ 2.17, 0.28, 1.8 ]
    },
    "firstperson_righthand": {
        "rotation": [ 0, 0, 0 ],
        "translation": [ 0, 0, 0 ],
        "scale": [ 2.52, 3.24, 2.65 ]
    },
    "firstperson_lefthand": {
        "rotation": [ 0, 0, 0 ],
        "translation": [ 0, 0, 0 ],
        "scale": [ 3.59, 2.14, -1.29 ]
    },
    "gui": {
        "rotation": [ 0, 0, 0 ],
        "translation": [ 0, 0, 0 ],
        "scale": [ 0.5, 0.5, 0.5 ]
    }
}
}