{
"__comment": "Designed by 1102938Flashtt with BDcraft Cubik PRO 0.96 Beta - http://bdcraft.net",
"textures": {
    "log_oak": "blocks/log_oak",
    "log_oak_top": "blocks/log_oak_top",
    "leaves_oak": "blocks/leaves_oak",
    "obsidian": "blocks/obsidian",
    "fern": "blocks/fern",
    "Special10ver2": "items/Special10ver2"
},
"elements": [ 
{
    "from": [ 2.5, -0.5, 2 ],
    "to": [ 5, 5, 4.5 ],
    "faces": {
        "down":  { "uv": [ 0, 0, 16, 16 ], "texture": "#log_oak_top" },
        "up":    { "uv": [ 0, 0, 16, 16 ], "texture": "#log_oak_top" },
        "north": { "uv": [ 0, 0, 16, 16 ], "texture": "#log_oak" },
        "south": { "uv": [ 0, 0, 16, 16 ], "texture": "#log_oak" },
        "west":  { "uv": [ 0, 0, 16, 16 ], "texture": "#log_oak" },
        "east":  { "uv": [ 0, 0, 16, 16 ], "texture": "#log_oak" }
    }
},
{
    "from": [ 3, 5, 2.5 ],
    "to": [ 5, 9, 4.5 ],
    "faces": {
        "down":  { "uv": [ 13, 4.5, 11, 2.5 ], "texture": "#log_oak_top" },
        "up":    { "uv": [ 3, 2.5, 5, 4.5 ], "texture": "#log_oak_top" },
        "north": { "uv": [ 11, 7, 13, 11 ], "texture": "#log_oak" },
        "south": { "uv": [ 3, 7, 5, 11 ], "texture": "#log_oak" },
        "west":  { "uv": [ 2.5, 7, 4.5, 11 ], "texture": "#log_oak" },
        "east":  { "uv": [ 11.5, 7, 13.5, 11 ], "texture": "#log_oak" }
    }
},
{
    "from": [ 5, 8.5, 3 ],
    "to": [ 6.5, 12, 4.5 ],
    "rotation": { "origin": [ 5, 12, 3 ], "axis": "z", "angle": -22.5 },
    "faces": {
        "down":  { "uv": [ 12.5, 5, 10.5, 3 ], "texture": "#log_oak_top" },
        "up":    { "uv": [ 3.5, 3, 5.5, 5 ], "texture": "#log_oak_top" },
        "north": { "uv": [ 10.5, 3.5, 12.5, 7 ], "texture": "#log_oak" },
        "south": { "uv": [ 3.5, 3.5, 5.5, 7 ], "texture": "#log_oak" },
        "west":  { "uv": [ 3, 3.5, 5, 7 ], "texture": "#log_oak" },
        "east":  { "uv": [ 11, 3.5, 13, 7 ], "texture": "#log_oak" }
    }
},
{
    "from": [ 8.5, 10.5, 3 ],
    "to": [ 10, 15.5, 4.5 ],
    "rotation": { "origin": [ 8.5, 15.5, 3 ], "axis": "z", "angle": -45 },
    "faces": {
        "down":  { "uv": [ 10, 5, 8.5, 3.5 ], "texture": "#log_oak_top" },
        "up":    { "uv": [ 6, 3.5, 7.5, 5 ], "texture": "#log_oak_top" },
        "north": { "uv": [ 8.5, 0, 10, 4.5 ], "texture": "#log_oak" },
        "south": { "uv": [ 6, 0, 7.5, 4.5 ], "texture": "#log_oak" },
        "west":  { "uv": [ 3.5, 0, 5, 4.5 ], "texture": "#log_oak" },
        "east":  { "uv": [ 11, 0, 12.5, 4.5 ], "texture": "#log_oak" }
    }
},
{
    "from": [ 11.5, 13.5, 3.4375 ],
    "to": [ 12.5, 17.5, 4.4375 ],
    "rotation": { "origin": [ 11.5, 17.5, 3.4375 ], "axis": "z", "angle": -45 },
    "faces": {
        "down":  { "uv": [ 6.5, 4.5, 6, 4 ], "texture": "#log_oak_top" },
        "up":    { "uv": [ 9.5, 4, 10, 4.5 ], "texture": "#log_oak_top" },
        "north": { "uv": [ 6, 0.5, 6.5, 4.5 ], "texture": "#log_oak" },
        "south": { "uv": [ 9.5, 0.5, 10, 4.5 ], "texture": "#log_oak" },
        "west":  { "uv": [ 4, 0.5, 4.5, 4.5 ], "texture": "#log_oak" },
        "east":  { "uv": [ 11.5, 0.5, 12, 4.5 ], "texture": "#log_oak" }
    }
},
{
    "from": [ 4.5, 8.5, 7.5 ],
    "to": [ 5.5, 14, 8.5 ],
    "rotation": { "origin": [ 4.5, 14, 7.5 ], "axis": "x", "angle": 45 },
    "faces": {
        "down":  { "uv": [ 8.5, 5.5, 7.5, 4.5 ], "texture": "#log_oak_top" },
        "up":    { "uv": [ 7.5, 4.5, 8.5, 5.5 ], "texture": "#log_oak_top" },
        "north": { "uv": [ 7.5, 0, 8.5, 5.5 ], "texture": "#log_oak" },
        "south": { "uv": [ 7.5, 0, 8.5, 5.5 ], "texture": "#log_oak" },
        "west":  { "uv": [ 4.5, 0, 5.5, 5.5 ], "texture": "#log_oak" },
        "east":  { "uv": [ 10.5, 0, 11.5, 5.5 ], "texture": "#log_oak" }
    }
},
{
    "from": [ 3, -1, -0.5 ],
    "to": [ 5, 5, 1.5 ],
    "rotation": { "origin": [ 3, 5, -0.5 ], "axis": "x", "angle": -22.5 },
    "faces": {
        "down":  { "uv": [ 9, 6, 7, 4 ], "texture": "#log_oak_top" },
        "up":    { "uv": [ 7, 4, 9, 6 ], "texture": "#log_oak_top" },
        "north": { "uv": [ 7, 3.5, 9, 9.5 ], "texture": "#log_oak" },
        "south": { "uv": [ 7, 3.5, 9, 9.5 ], "texture": "#log_oak" },
        "west":  { "uv": [ 4, 3.5, 6, 9.5 ], "texture": "#log_oak" },
        "east":  { "uv": [ 10, 3.5, 12, 9.5 ], "texture": "#log_oak" }
    }
},
{
    "from": [ 3, 3.5, -2.5 ],
    "to": [ 4.5, 7, -1 ],
    "rotation": { "origin": [ 3, 7, -2.5 ], "axis": "x", "angle": -45 },
    "faces": {
        "down":  { "uv": [ 16, 16, 11.5, 12 ], "texture": "#log_oak_top" },
        "up":    { "uv": [ 0, 0, 16, 16 ], "texture": "#Special10ver2" },
        "north": { "uv": [ 5.5, 6.5, 7, 10 ], "texture": "#fern" },
        "south": { "uv": [ 9, 6.5, 10.5, 10 ], "texture": "#log_oak" },
        "west":  { "uv": [ 0, 6.5, 0.5, 10 ], "texture": "#fern" },
        "east":  { "uv": [ 15.5, 6.5, 16, 10 ], "texture": "#log_oak" }
    }
},
{
    "from": [ 11.5, -0.5, 2.5 ],
    "to": [ 14, 5, 5 ],
    "faces": {
        "down":  { "uv": [ 0, 0, 16, 16 ], "rotation": 270, "texture": "#log_oak_top" },
        "up":    { "uv": [ 0, 0, 16, 16 ], "rotation": 90, "texture": "#Special10ver2" },
        "north": { "uv": [ 0, 0, 16, 16 ], "texture": "#fern" },
        "south": { "uv": [ 0, 0, 16, 16 ], "texture": "#log_oak" },
        "west":  { "uv": [ 0, 0, 16, 16 ], "texture": "#fern" },
        "east":  { "uv": [ 0, 0, 16, 16 ], "texture": "#log_oak" }
    }
},
{
    "from": [ 11.5, 5, 3 ],
    "to": [ 13.5, 9, 5 ],
    "faces": {
        "down":  { "uv": [ 13, 4.5, 11, 2.5 ], "rotation": 270, "texture": "#log_oak_top" },
        "up":    { "uv": [ 3, 2.5, 5, 4.5 ], "rotation": 90, "texture": "#log_oak_top" },
        "north": { "uv": [ 2.5, 7, 4.5, 11 ], "texture": "#log_oak" },
        "south": { "uv": [ 11.5, 7, 13.5, 11 ], "texture": "#log_oak" },
        "west":  { "uv": [ 3, 7, 5, 11 ], "texture": "#log_oak" },
        "east":  { "uv": [ 11, 7, 13, 11 ], "texture": "#log_oak" }
    }
},
{
    "from": [ 11.5, 8.5, 5 ],
    "to": [ 13, 12, 6.5 ],
    "rotation": { "origin": [ 11.5, 12, 5 ], "axis": "x", "angle": 22.5 },
    "faces": {
        "down":  { "uv": [ 12.5, 5, 10.5, 3 ], "rotation": 270, "texture": "#log_oak_top" },
        "up":    { "uv": [ 3.5, 3, 5.5, 5 ], "rotation": 90, "texture": "#log_oak_top" },
        "north": { "uv": [ 3, 3.5, 5, 7 ], "texture": "#log_oak" },
        "south": { "uv": [ 11, 3.5, 13, 7 ], "texture": "#log_oak" },
        "west":  { "uv": [ 3.5, 3.5, 5.5, 7 ], "texture": "#log_oak" },
        "east":  { "uv": [ 10.5, 3.5, 12.5, 7 ], "texture": "#log_oak" }
    }
},
{
    "from": [ 11.5, 10.5, 8.5 ],
    "to": [ 13, 15.5, 10 ],
    "rotation": { "origin": [ 11.5, 15.5, 8.5 ], "axis": "x", "angle": 45 },
    "faces": {
        "down":  { "uv": [ 10, 5, 8.5, 3.5 ], "rotation": 270, "texture": "#log_oak_top" },
        "up":    { "uv": [ 6, 3.5, 7.5, 5 ], "rotation": 90, "texture": "#log_oak_top" },
        "north": { "uv": [ 3.5, 0, 5, 4.5 ], "texture": "#log_oak" },
        "south": { "uv": [ 11, 0, 12.5, 4.5 ], "texture": "#log_oak" },
        "west":  { "uv": [ 6, 0, 7.5, 4.5 ], "texture": "#log_oak" },
        "east":  { "uv": [ 8.5, 0, 10, 4.5 ], "texture": "#log_oak" }
    }
},
{
    "from": [ 11.5, 13.5, 11.5 ],
    "to": [ 12.5, 17.5, 12.5 ],
    "rotation": { "origin": [ 11.5, 17.5, 11.5 ], "axis": "x", "angle": 45 },
    "faces": {
        "down":  { "uv": [ 6.5, 4.5, 6, 4 ], "rotation": 270, "texture": "#log_oak_top" },
        "up":    { "uv": [ 9.5, 4, 10, 4.5 ], "rotation": 90, "texture": "#Special10ver2" },
        "north": { "uv": [ 4, 0.5, 4.5, 4.5 ], "texture": "#fern" },
        "south": { "uv": [ 11.5, 0.5, 12, 4.5 ], "texture": "#log_oak" },
        "west":  { "uv": [ 9.5, 0.5, 10, 4.5 ], "texture": "#fern" },
        "east":  { "uv": [ 6, 0.5, 6.5, 4.5 ], "texture": "#log_oak" }
    }
},
{
    "from": [ 7.5, 8.5, 4.5 ],
    "to": [ 8.5, 14, 5.5 ],
    "rotation": { "origin": [ 7.5, 14, 4.5 ], "axis": "z", "angle": 45 },
    "faces": {
        "down":  { "uv": [ 8.5, 5.5, 7.5, 4.5 ], "rotation": 270, "texture": "#log_oak_top" },
        "up":    { "uv": [ 7.5, 4.5, 8.5, 5.5 ], "rotation": 90, "texture": "#log_oak_top" },
        "north": { "uv": [ 4.5, 0, 5.5, 5.5 ], "texture": "#log_oak" },
        "south": { "uv": [ 10.5, 0, 11.5, 5.5 ], "texture": "#log_oak" },
        "west":  { "uv": [ 7.5, 0, 8.5, 5.5 ], "texture": "#log_oak" },
        "east":  { "uv": [ 7.5, 0, 8.5, 5.5 ], "texture": "#log_oak" }
    }
},
{
    "from": [ 14.5, -1, 3 ],
    "to": [ 16.5, 5, 5 ],
    "rotation": { "origin": [ 14.5, 5, 3 ], "axis": "z", "angle": -22.5 },
    "faces": {
        "down":  { "uv": [ 9, 6, 7, 4 ], "rotation": 270, "texture": "#log_oak_top" },
        "up":    { "uv": [ 7, 4, 9, 6 ], "rotation": 90, "texture": "#log_oak_top" },
        "north": { "uv": [ 4, 3.5, 6, 9.5 ], "texture": "#log_oak" },
        "south": { "uv": [ 10, 3.5, 12, 9.5 ], "texture": "#log_oak" },
        "west":  { "uv": [ 7, 3.5, 9, 9.5 ], "texture": "#log_oak" },
        "east":  { "uv": [ 7, 3.5, 9, 9.5 ], "texture": "#log_oak" }
    }
},
{
    "from": [ 17, 3.5, 3 ],
    "to": [ 18.5, 7, 4.5 ],
    "rotation": { "origin": [ 17, 7, 3 ], "axis": "z", "angle": -45 },
    "faces": {
        "down":  { "uv": [ 16, 16, 0, 0 ], "rotation": 270, "texture": "#log_oak_top" },
        "up":    { "uv": [ 0, 16, 16, 0 ], "rotation": 90, "texture": "#log_oak_top" },
        "north": { "uv": [ 0, 6.5, 0.5, 10 ], "texture": "#log_oak" },
        "south": { "uv": [ 15.5, 6.5, 16, 10 ], "texture": "#log_oak" },
        "west":  { "uv": [ 9, 6.5, 10.5, 10 ], "texture": "#log_oak" },
        "east":  { "uv": [ 5.5, 6.5, 7, 10 ], "texture": "#log_oak" }
    }
},
{
    "from": [ 11, -0.5, 11.5 ],
    "to": [ 13.5, 5, 14 ],
    "faces": {
        "down":  { "uv": [ 0, 0, 16, 16 ], "rotation": 180, "texture": "#log_oak_top" },
        "up":    { "uv": [ 0, 0, 16, 16 ], "rotation": 180, "texture": "#log_oak_top" },
        "north": { "uv": [ 0, 0, 16, 16 ], "texture": "#log_oak" },
        "south": { "uv": [ 0, 0, 16, 16 ], "texture": "#log_oak" },
        "west":  { "uv": [ 0, 0, 16, 16 ], "texture": "#log_oak" },
        "east":  { "uv": [ 0, 0, 16, 16 ], "texture": "#log_oak" }
    }
},
{
    "from": [ 11, 5, 11.5 ],
    "to": [ 13, 9, 13.5 ],
    "faces": {
        "down":  { "uv": [ 13, 4.5, 11, 2.5 ], "rotation": 180, "texture": "#log_oak_top" },
        "up":    { "uv": [ 3, 2.5, 5, 4.5 ], "rotation": 180, "texture": "#Special10ver2" },
        "north": { "uv": [ 3, 7, 5, 11 ], "texture": "#fern" },
        "south": { "uv": [ 11, 7, 13, 11 ], "texture": "#log_oak" },
        "west":  { "uv": [ 11.5, 7, 13.5, 11 ], "texture": "#fern" },
        "east":  { "uv": [ 2.5, 7, 4.5, 11 ], "texture": "#log_oak" }
    }
},
{
    "from": [ 9.5, 8.5, 11.5 ],
    "to": [ 11, 12, 13 ],
    "rotation": { "origin": [ 9.5, 12, 11.5 ], "axis": "z", "angle": 22.5 },
    "faces": {
        "down":  { "uv": [ 12.5, 5, 10.5, 3 ], "rotation": 180, "texture": "#log_oak_top" },
        "up":    { "uv": [ 3.5, 3, 5.5, 5 ], "rotation": 180, "texture": "#log_oak_top" },
        "north": { "uv": [ 3.5, 3.5, 5.5, 7 ], "texture": "#log_oak" },
        "south": { "uv": [ 10.5, 3.5, 12.5, 7 ], "texture": "#log_oak" },
        "west":  { "uv": [ 11, 3.5, 13, 7 ], "texture": "#log_oak" },
        "east":  { "uv": [ 3, 3.5, 5, 7 ], "texture": "#log_oak" }
    }
},
{
    "from": [ 6, 10.5, 11.5 ],
    "to": [ 7.5, 15.5, 13 ],
    "rotation": { "origin": [ 6, 15.5, 11.5 ], "axis": "z", "angle": 45 },
    "faces": {
        "down":  { "uv": [ 10, 5, 8.5, 3.5 ], "rotation": 180, "texture": "#log_oak_top" },
        "up":    { "uv": [ 6, 3.5, 7.5, 5 ], "rotation": 180, "texture": "#Special10ver2" },
        "north": { "uv": [ 6, 0, 7.5, 4.5 ], "texture": "#fern" },
        "south": { "uv": [ 8.5, 0, 10, 4.5 ], "texture": "#log_oak" },
        "west":  { "uv": [ 11, 0, 12.5, 4.5 ], "texture": "#fern" },
        "east":  { "uv": [ 3.5, 0, 5, 4.5 ], "texture": "#log_oak" }
    }
},
{
    "from": [ 3.5, 13.5, 11.5 ],
    "to": [ 4.5, 17.5, 12.5 ],
    "rotation": { "origin": [ 3.5, 17.5, 11.5 ], "axis": "z", "angle": 45 },
    "faces": {
        "down":  { "uv": [ 6.5, 4.5, 6, 4 ], "rotation": 180, "texture": "#log_oak_top" },
        "up":    { "uv": [ 9.5, 4, 10, 4.5 ], "rotation": 180, "texture": "#log_oak_top" },
        "north": { "uv": [ 9.5, 0.5, 10, 4.5 ], "texture": "#log_oak" },
        "south": { "uv": [ 6, 0.5, 6.5, 4.5 ], "texture": "#log_oak" },
        "west":  { "uv": [ 11.5, 0.5, 12, 4.5 ], "texture": "#log_oak" },
        "east":  { "uv": [ 4, 0.5, 4.5, 4.5 ], "texture": "#log_oak" }
    }
},
{
    "from": [ 10.5, 8.5, 7.5 ],
    "to": [ 11.5, 14, 8.5 ],
    "rotation": { "origin": [ 10.5, 14, 7.5 ], "axis": "x", "angle": -45 },
    "faces": {
        "down":  { "uv": [ 8.5, 5.5, 7.5, 4.5 ], "rotation": 180, "texture": "#log_oak_top" },
        "up":    { "uv": [ 7.5, 4.5, 8.5, 5.5 ], "rotation": 180, "texture": "#Special10ver2" },
        "north": { "uv": [ 7.5, 0, 8.5, 5.5 ], "texture": "#fern" },
        "south": { "uv": [ 7.5, 0, 8.5, 5.5 ], "texture": "#log_oak" },
        "west":  { "uv": [ 10.5, 0, 11.5, 5.5 ], "texture": "#fern" },
        "east":  { "uv": [ 4.5, 0, 5.5, 5.5 ], "texture": "#log_oak" }
    }
},
{
    "from": [ 11, -1, 14.5 ],
    "to": [ 13, 5, 16.5 ],
    "rotation": { "origin": [ 11, 5, 14.5 ], "axis": "x", "angle": 22.5 },
    "faces": {
        "down":  { "uv": [ 9, 6, 7, 4 ], "rotation": 180, "texture": "#log_oak_top" },
        "up":    { "uv": [ 7, 4, 9, 6 ], "rotation": 180, "texture": "#log_oak_top" },
        "north": { "uv": [ 7, 3.5, 9, 9.5 ], "texture": "#log_oak" },
        "south": { "uv": [ 7, 3.5, 9, 9.5 ], "texture": "#log_oak" },
        "west":  { "uv": [ 10, 3.5, 12, 9.5 ], "texture": "#log_oak" },
        "east":  { "uv": [ 4, 3.5, 6, 9.5 ], "texture": "#log_oak" }
    }
},
{
    "from": [ 11.5, 3.5, 17 ],
    "to": [ 13, 7, 18.5 ],
    "rotation": { "origin": [ 11.5, 7, 17 ], "axis": "x", "angle": 45 },
    "faces": {
        "down":  { "uv": [ 7, 0.5, 5.5, 0 ], "rotation": 180, "texture": "#log_oak_top" },
        "up":    { "uv": [ 0, 0, 16, 16 ], "rotation": 180, "texture": "#log_oak_top" },
        "north": { "uv": [ 9, 6.5, 10.5, 10 ], "texture": "#log_oak" },
        "south": { "uv": [ 5.5, 6.5, 7, 10 ], "texture": "#log_oak" },
        "west":  { "uv": [ 15.5, 6.5, 16, 10 ], "texture": "#log_oak" },
        "east":  { "uv": [ 0, 6.5, 0.5, 10 ], "texture": "#log_oak" }
    }
},
{
    "from": [ 2, -0.5, 11 ],
    "to": [ 4.5, 5, 13.5 ],
    "faces": {
        "down":  { "uv": [ 0, 0, 16, 16 ], "rotation": 90, "texture": "#log_oak_top" },
        "up":    { "uv": [ 0, 0, 16, 16 ], "rotation": 270, "texture": "#log_oak_top" },
        "north": { "uv": [ 0, 0, 16, 16 ], "texture": "#log_oak" },
        "south": { "uv": [ 0, 0, 16, 16 ], "texture": "#log_oak" },
        "west":  { "uv": [ 0, 0, 16, 16 ], "texture": "#log_oak" },
        "east":  { "uv": [ 0, 0, 16, 16 ], "texture": "#log_oak" }
    }
},
{
    "from": [ 2.5, 5, 11 ],
    "to": [ 4.5, 9, 13 ],
    "faces": {
        "down":  { "uv": [ 13, 4.5, 11, 2.5 ], "rotation": 90, "texture": "#log_oak_top" },
        "up":    { "uv": [ 3, 2.5, 5, 4.5 ], "rotation": 270, "texture": "#log_oak_top" },
        "north": { "uv": [ 11.5, 7, 13.5, 11 ], "texture": "#log_oak" },
        "south": { "uv": [ 2.5, 7, 4.5, 11 ], "texture": "#log_oak" },
        "west":  { "uv": [ 11, 7, 13, 11 ], "texture": "#log_oak" },
        "east":  { "uv": [ 3, 7, 5, 11 ], "texture": "#log_oak" }
    }
},
{
    "from": [ 3, 8.5, 9.5 ],
    "to": [ 4.5, 12, 11 ],
    "rotation": { "origin": [ 3, 12, 9.5 ], "axis": "x", "angle": -22.5 },
    "faces": {
        "down":  { "uv": [ 12.5, 5, 10.5, 3 ], "rotation": 90, "texture": "#log_oak_top" },
        "up":    { "uv": [ 3.5, 3, 5.5, 5 ], "rotation": 270, "texture": "#Special10ver2" },
        "north": { "uv": [ 11, 3.5, 13, 7 ], "texture": "#fern" },
        "south": { "uv": [ 3, 3.5, 5, 7 ], "texture": "#log_oak" },
        "west":  { "uv": [ 10.5, 3.5, 12.5, 7 ], "texture": "#fern" },
        "east":  { "uv": [ 3.5, 3.5, 5.5, 7 ], "texture": "#log_oak" }
    }
},
{
    "from": [ 3, 10.5, 6 ],
    "to": [ 4.5, 15.5, 7.5 ],
    "rotation": { "origin": [ 3, 15.5, 6 ], "axis": "x", "angle": -45 },
    "faces": {
        "down":  { "uv": [ 10, 5, 8.5, 3.5 ], "rotation": 90, "texture": "#log_oak_top" },
        "up":    { "uv": [ 6, 3.5, 7.5, 5 ], "rotation": 270, "texture": "#log_oak_top" },
        "north": { "uv": [ 11, 0, 12.5, 4.5 ], "texture": "#log_oak" },
        "south": { "uv": [ 3.5, 0, 5, 4.5 ], "texture": "#log_oak" },
        "west":  { "uv": [ 8.5, 0, 10, 4.5 ], "texture": "#log_oak" },
        "east":  { "uv": [ 6, 0, 7.5, 4.5 ], "texture": "#log_oak" }
    }
},
{
    "from": [ 3.5, 13.5, 3.5 ],
    "to": [ 4.5, 17.5, 4.5 ],
    "rotation": { "origin": [ 3.5, 17.5, 3.5 ], "axis": "x", "angle": -45 },
    "faces": {
        "down":  { "uv": [ 6.5, 4.5, 6, 4 ], "rotation": 90, "texture": "#log_oak_top" },
        "up":    { "uv": [ 9.5, 4, 10, 4.5 ], "rotation": 270, "texture": "#log_oak_top" },
        "north": { "uv": [ 11.5, 0.5, 12, 4.5 ], "texture": "#log_oak" },
        "south": { "uv": [ 4, 0.5, 4.5, 4.5 ], "texture": "#log_oak" },
        "west":  { "uv": [ 6, 0.5, 6.5, 4.5 ], "texture": "#log_oak" },
        "east":  { "uv": [ 9.5, 0.5, 10, 4.5 ], "texture": "#log_oak" }
    }
},
{
    "from": [ 7.5, 8.5, 10.5 ],
    "to": [ 8.5, 14, 11.5 ],
    "rotation": { "origin": [ 7.5, 14, 10.5 ], "axis": "z", "angle": -45 },
    "faces": {
        "down":  { "uv": [ 8.5, 5.5, 7.5, 4.5 ], "rotation": 90, "texture": "#log_oak_top" },
        "up":    { "uv": [ 7.5, 4.5, 8.5, 5.5 ], "rotation": 270, "texture": "#Special10ver2" },
        "north": { "uv": [ 10.5, 0, 11.5, 5.5 ], "texture": "#fern" },
        "south": { "uv": [ 4.5, 0, 5.5, 5.5 ], "texture": "#log_oak" },
        "west":  { "uv": [ 7.5, 0, 8.5, 5.5 ], "texture": "#fern" },
        "east":  { "uv": [ 7.5, 0, 8.5, 5.5 ], "texture": "#log_oak" }
    }
},
{
    "from": [ -0.5, -1, 11 ],
    "to": [ 1.5, 5, 13 ],
    "rotation": { "origin": [ -0.5, 5, 11 ], "axis": "z", "angle": 22.5 },
    "faces": {
        "down":  { "uv": [ 9, 6, 7, 4 ], "rotation": 90, "texture": "#log_oak_top" },
        "up":    { "uv": [ 7, 4, 9, 6 ], "rotation": 270, "texture": "#Special10ver2" },
        "north": { "uv": [ 10, 3.5, 12, 9.5 ], "texture": "#fern" },
        "south": { "uv": [ 4, 3.5, 6, 9.5 ], "texture": "#log_oak" },
        "west":  { "uv": [ 7, 3.5, 9, 9.5 ], "texture": "#fern" },
        "east":  { "uv": [ 7, 3.5, 9, 9.5 ], "texture": "#log_oak" }
    }
},
{
    "from": [ -2.5, 3.5, 11.5 ],
    "to": [ -1, 7, 13 ],
    "rotation": { "origin": [ -2.5, 7, 11.5 ], "axis": "z", "angle": 45 },
    "faces": {
        "down":  { "uv": [ 7, 0.5, 5.5, 0 ], "rotation": 90, "texture": "#log_oak_top" },
        "up":    { "uv": [ 0, 0, 16, 16 ], "rotation": 270, "texture": "#log_oak_top" },
        "north": { "uv": [ 15.5, 6.5, 16, 10 ], "texture": "#log_oak" },
        "south": { "uv": [ 0, 6.5, 0.5, 10 ], "texture": "#log_oak" },
        "west":  { "uv": [ 5.5, 6.5, 7, 10 ], "texture": "#log_oak" },
        "east":  { "uv": [ 9, 6.5, 10.5, 10 ], "texture": "#log_oak" }
    }
},
{
    "from": [ 0, 0, 6.5 ],
    "to": [ 1.5, 5, 8 ],
    "faces": {
        "down":  { "uv": [ 16, 8, 14.5, 6.5 ], "texture": "#log_oak_top" },
        "up":    { "uv": [ 0, 6.5, 1.5, 8 ], "texture": "#Special10ver2" },
        "north": { "uv": [ 14.5, 11, 16, 16 ], "texture": "#fern" },
        "south": { "uv": [ 0, 11, 1.5, 16 ], "texture": "#log_oak" },
        "west":  { "uv": [ 6.5, 11, 8, 16 ], "texture": "#fern" },
        "east":  { "uv": [ 8, 11, 9.5, 16 ], "texture": "#log_oak" }
    }
},
{
    "from": [ 3, 4, 7 ],
    "to": [ 4, 10, 8 ],
    "rotation": { "origin": [ 3, 10, 7 ], "axis": "z", "angle": -22.5 },
    "faces": {
        "down":  { "uv": [ 15.5, 8, 14.5, 7 ], "texture": "#log_oak_top" },
        "up":    { "uv": [ 0.5, 7, 1.5, 8 ], "texture": "#log_oak_top" },
        "north": { "uv": [ 14.5, 7.5, 15.5, 11 ], "texture": "#log_oak" },
        "south": { "uv": [ 0.5, 7.5, 1.5, 11 ], "texture": "#log_oak" },
        "west":  { "uv": [ 7, 7.5, 8, 11 ], "texture": "#log_oak" },
        "east":  { "uv": [ 8, 7.5, 9, 11 ], "texture": "#log_oak" }
    }
},
{
    "from": [ 0.5, 1.5, 4.5 ],
    "to": [ 1.5, 7.5, 5 ],
    "rotation": { "origin": [ 0.5, 7.5, 4.5 ], "axis": "x", "angle": -22.5 },
    "faces": {
        "down":  { "uv": [ 14, 6.5, 13, 5.5 ], "texture": "#log_oak_top" },
        "up":    { "uv": [ 2, 5.5, 3, 6.5 ], "texture": "#log_oak_top" },
        "north": { "uv": [ 13, 7, 14, 13 ], "texture": "#log_oak" },
        "south": { "uv": [ 2, 7, 3, 13 ], "texture": "#log_oak" },
        "west":  { "uv": [ 5.5, 7, 6.5, 13 ], "texture": "#log_oak" },
        "east":  { "uv": [ 9.5, 7, 10.5, 13 ], "texture": "#log_oak" }
    }
},
{
    "from": [ 1, 3.5, 2.5 ],
    "to": [ 1.5, 8, 3 ],
    "rotation": { "origin": [ 1, 8, 2.5 ], "axis": "x", "angle": -45 },
    "faces": {
        "down":  { "uv": [ 15, 3.5, 14.5, 3 ], "texture": "#log_oak_top" },
        "up":    { "uv": [ 1, 3, 1.5, 3.5 ], "texture": "#log_oak_top" },
        "north": { "uv": [ 14.5, 4, 15, 8.5 ], "texture": "#log_oak" },
        "south": { "uv": [ 1, 4, 1.5, 8.5 ], "texture": "#log_oak" },
        "west":  { "uv": [ 3, 4, 3.5, 8.5 ], "texture": "#log_oak" },
        "east":  { "uv": [ 12.5, 4, 13, 8.5 ], "texture": "#log_oak" }
    }
},
{
    "from": [ 0, 6.5, 7.5 ],
    "to": [ 0.5, 11, 8 ],
    "rotation": { "origin": [ 0, 11, 7.5 ], "axis": "z", "angle": 22.5 },
    "faces": {
        "down":  { "uv": [ 13, 8, 12.5, 7.5 ], "texture": "#log_oak_top" },
        "up":    { "uv": [ 3, 7.5, 3.5, 8 ], "texture": "#log_oak_top" },
        "north": { "uv": [ 12.5, 4, 13, 8.5 ], "texture": "#log_oak" },
        "south": { "uv": [ 3, 4, 3.5, 8.5 ], "texture": "#log_oak" },
        "west":  { "uv": [ 7.5, 4, 8, 8.5 ], "texture": "#log_oak" },
        "east":  { "uv": [ 8, 4, 8.5, 8.5 ], "texture": "#log_oak" }
    }
},
{
    "from": [ 8, 0, 0 ],
    "to": [ 9.5, 5, 1.5 ],
    "faces": {
        "down":  { "uv": [ 16, 8, 14.5, 6.5 ], "rotation": 270, "texture": "#log_oak_top" },
        "up":    { "uv": [ 0, 6.5, 1.5, 8 ], "rotation": 90, "texture": "#Special10ver2" },
        "north": { "uv": [ 6.5, 11, 8, 16 ], "texture": "#fern" },
        "south": { "uv": [ 8, 11, 9.5, 16 ], "texture": "#log_oak" },
        "west":  { "uv": [ 0, 11, 1.5, 16 ], "texture": "#fern" },
        "east":  { "uv": [ 14.5, 11, 16, 16 ], "texture": "#log_oak" }
    }
},
{
    "from": [ 8, 4, 3 ],
    "to": [ 9, 10, 4 ],
    "rotation": { "origin": [ 8, 10, 3 ], "axis": "x", "angle": 22.5 },
    "faces": {
        "down":  { "uv": [ 15.5, 8, 14.5, 7 ], "rotation": 270, "texture": "#log_oak_top" },
        "up":    { "uv": [ 0.5, 7, 1.5, 8 ], "rotation": 90, "texture": "#Special10ver2" },
        "north": { "uv": [ 7, 7.5, 8, 11 ], "texture": "#fern" },
        "south": { "uv": [ 8, 7.5, 9, 11 ], "texture": "#log_oak" },
        "west":  { "uv": [ 0.5, 7.5, 1.5, 11 ], "texture": "#fern" },
        "east":  { "uv": [ 14.5, 7.5, 15.5, 11 ], "texture": "#log_oak" }
    }
},
{
    "from": [ 6, 1.5, 0.5 ],
    "to": [ 6.5, 7.5, 1.5 ],
    "rotation": { "origin": [ 6, 7.5, 0.5 ], "axis": "z", "angle": 22.5 },
    "faces": {
        "down":  { "uv": [ 14, 6.5, 13, 5.5 ], "rotation": 270, "texture": "#log_oak_top" },
        "up":    { "uv": [ 2, 5.5, 3, 6.5 ], "rotation": 90, "texture": "#log_oak_top" },
        "north": { "uv": [ 5.5, 7, 6.5, 13 ], "texture": "#log_oak" },
        "south": { "uv": [ 9.5, 7, 10.5, 13 ], "texture": "#log_oak" },
        "west":  { "uv": [ 2, 7, 3, 13 ], "texture": "#log_oak" },
        "east":  { "uv": [ 13, 7, 14, 13 ], "texture": "#log_oak" }
    }
},
{
    "from": [ 11.5, 5.5, 1 ],
    "to": [ 12, 10, 1.5 ],
    "rotation": { "origin": [ 11.5, 10, 1 ], "axis": "z", "angle": -45 },
    "faces": {
        "down":  { "uv": [ 15, 3.5, 14.5, 3 ], "rotation": 270, "texture": "#log_oak_top" },
        "up":    { "uv": [ 1, 3, 1.5, 3.5 ], "rotation": 90, "texture": "#log_oak_top" },
        "north": { "uv": [ 3, 4, 3.5, 8.5 ], "texture": "#log_oak" },
        "south": { "uv": [ 12.5, 4, 13, 8.5 ], "texture": "#log_oak" },
        "west":  { "uv": [ 1, 4, 1.5, 8.5 ], "texture": "#log_oak" },
        "east":  { "uv": [ 14.5, 4, 15, 8.5 ], "texture": "#log_oak" }
    }
},
{
    "from": [ 8, 0.5, -3 ],
    "to": [ 8.5, 5, -2.5 ],
    "rotation": { "origin": [ 8, 5, -3 ], "axis": "x", "angle": -45 },
    "faces": {
        "down":  { "uv": [ 13, 8, 12.5, 7.5 ], "rotation": 270, "texture": "#log_oak_top" },
        "up":    { "uv": [ 3, 7.5, 3.5, 8 ], "rotation": 90, "texture": "#log_oak_top" },
        "north": { "uv": [ 7.5, 4, 8, 8.5 ], "texture": "#log_oak" },
        "south": { "uv": [ 8, 4, 8.5, 8.5 ], "texture": "#log_oak" },
        "west":  { "uv": [ 3, 4, 3.5, 8.5 ], "texture": "#log_oak" },
        "east":  { "uv": [ 12.5, 4, 13, 8.5 ], "texture": "#log_oak" }
    }
},
{
    "from": [ 14.5, 0, 8 ],
    "to": [ 16, 5, 9.5 ],
    "faces": {
        "down":  { "uv": [ 16, 8, 14.5, 6.5 ], "rotation": 180, "texture": "#log_oak_top" },
        "up":    { "uv": [ 0, 6.5, 1.5, 8 ], "rotation": 180, "texture": "#log_oak_top" },
        "north": { "uv": [ 0, 11, 1.5, 16 ], "texture": "#log_oak" },
        "south": { "uv": [ 14.5, 11, 16, 16 ], "texture": "#log_oak" },
        "west":  { "uv": [ 8, 11, 9.5, 16 ], "texture": "#log_oak" },
        "east":  { "uv": [ 6.5, 11, 8, 16 ], "texture": "#log_oak" }
    }
},
{
    "from": [ 12.5, 0.5, 8 ],
    "to": [ 13.5, 6.5, 9 ],
    "rotation": { "origin": [ 12.5, 6.5, 8 ], "axis": "z", "angle": 22.5 },
    "faces": {
        "down":  { "uv": [ 15.5, 8, 14.5, 7 ], "rotation": 180, "texture": "#log_oak_top" },
        "up":    { "uv": [ 0.5, 7, 1.5, 8 ], "rotation": 180, "texture": "#Special10ver2" },
        "north": { "uv": [ 0.5, 7.5, 1.5, 11 ], "texture": "#fern" },
        "south": { "uv": [ 14.5, 7.5, 15.5, 11 ], "texture": "#log_oak" },
        "west":  { "uv": [ 8, 7.5, 9, 11 ], "texture": "#fern" },
        "east":  { "uv": [ 7, 7.5, 8, 11 ], "texture": "#log_oak" }
    }
},
{
    "from": [ 14.5, 4.55869, 6 ],
    "to": [ 15.5, 10.5587, 6.5 ],
    "rotation": { "origin": [ 14.5, 10.5587, 6 ], "axis": "x", "angle": -22.5 },
    "faces": {
        "down":  { "uv": [ 14, 6.5, 13, 5.5 ], "rotation": 180, "texture": "#log_oak_top" },
        "up":    { "uv": [ 2, 5.5, 3, 6.5 ], "rotation": 180, "texture": "#log_oak_top" },
        "north": { "uv": [ 2, 7, 3, 13 ], "texture": "#log_oak" },
        "south": { "uv": [ 13, 7, 14, 13 ], "texture": "#log_oak" },
        "west":  { "uv": [ 9.5, 7, 10.5, 13 ], "texture": "#log_oak" },
        "east":  { "uv": [ 5.5, 7, 6.5, 13 ], "texture": "#log_oak" }
    }
},
{
    "from": [ 13, 5, 11.5 ],
    "to": [ 13.5, 9.5, 12 ],
    "rotation": { "origin": [ 13, 9.5, 11.5 ], "axis": "x", "angle": 45 },
    "faces": {
        "down":  { "uv": [ 15, 3.5, 14.5, 3 ], "rotation": 180, "texture": "#log_oak_top" },
        "up":    { "uv": [ 1, 3, 1.5, 3.5 ], "rotation": 180, "texture": "#log_oak_top" },
        "north": { "uv": [ 1, 4, 1.5, 8.5 ], "texture": "#log_oak" },
        "south": { "uv": [ 14.5, 4, 15, 8.5 ], "texture": "#log_oak" },
        "west":  { "uv": [ 12.5, 4, 13, 8.5 ], "texture": "#log_oak" },
        "east":  { "uv": [ 3, 4, 3.5, 8.5 ], "texture": "#log_oak" }
    }
},
{
    "from": [ 18, 9, 6 ],
    "to": [ 18.5, 13.5, 6.5 ],
    "rotation": { "origin": [ 18, 13.5, 6 ], "axis": "z", "angle": -45 },
    "faces": {
        "down":  { "uv": [ 13, 8, 12.5, 7.5 ], "rotation": 180, "texture": "#log_oak_top" },
        "up":    { "uv": [ 3, 7.5, 3.5, 8 ], "rotation": 180, "texture": "#log_oak_top" },
        "north": { "uv": [ 3, 4, 3.5, 8.5 ], "texture": "#log_oak" },
        "south": { "uv": [ 12.5, 4, 13, 8.5 ], "texture": "#log_oak" },
        "west":  { "uv": [ 8, 4, 8.5, 8.5 ], "texture": "#log_oak" },
        "east":  { "uv": [ 7.5, 4, 8, 8.5 ], "texture": "#log_oak" }
    }
},
{
    "from": [ 6.5, 0, 14.5 ],
    "to": [ 8, 5, 16 ],
    "faces": {
        "down":  { "uv": [ 16, 8, 14.5, 6.5 ], "rotation": 90, "texture": "#log_oak_top" },
        "up":    { "uv": [ 0, 6.5, 1.5, 8 ], "rotation": 270, "texture": "#log_oak_top" },
        "north": { "uv": [ 8, 11, 9.5, 16 ], "texture": "#log_oak" },
        "south": { "uv": [ 6.5, 11, 8, 16 ], "texture": "#log_oak" },
        "west":  { "uv": [ 14.5, 11, 16, 16 ], "texture": "#log_oak" },
        "east":  { "uv": [ 0, 11, 1.5, 16 ], "texture": "#log_oak" }
    }
},
{
    "from": [ 6.5, 4.05481, 12.5 ],
    "to": [ 7.5, 10.0548, 13.5 ],
    "rotation": { "origin": [ 6.5, 10.0548, 12.5 ], "axis": "x", "angle": -22.5 },
    "faces": {
        "down":  { "uv": [ 15.5, 8, 14.5, 7 ], "rotation": 90, "texture": "#log_oak_top" },
        "up":    { "uv": [ 0.5, 7, 1.5, 8 ], "rotation": 270, "texture": "#log_oak_top" },
        "north": { "uv": [ 8, 7.5, 9, 11 ], "texture": "#log_oak" },
        "south": { "uv": [ 7, 7.5, 8, 11 ], "texture": "#log_oak" },
        "west":  { "uv": [ 14.5, 7.5, 15.5, 11 ], "texture": "#log_oak" },
        "east":  { "uv": [ 0.5, 7.5, 1.5, 11 ], "texture": "#log_oak" }
    }
},
{
    "from": [ 9, 9.5, 12.5 ],
    "to": [ 9.5, 15.5, 13.5 ],
    "rotation": { "origin": [ 9, 15.5, 12.5 ], "axis": "z", "angle": -22.5 },
    "faces": {
        "down":  { "uv": [ 14, 6.5, 13, 5.5 ], "rotation": 90, "texture": "#log_oak_top" },
        "up":    { "uv": [ 2, 5.5, 3, 6.5 ], "rotation": 270, "texture": "#log_oak_top" },
        "north": { "uv": [ 9.5, 7, 10.5, 13 ], "texture": "#log_oak" },
        "south": { "uv": [ 5.5, 7, 6.5, 13 ], "texture": "#log_oak" },
        "west":  { "uv": [ 13, 7, 14, 13 ], "texture": "#log_oak" },
        "east":  { "uv": [ 2, 7, 3, 13 ], "texture": "#log_oak" }
    }
},
{
    "from": [ 5, 8, 13 ],
    "to": [ 5.5, 12.5, 13.5 ],
    "rotation": { "origin": [ 5, 12.5, 13 ], "axis": "z", "angle": 22.5 },
    "faces": {
        "down":  { "uv": [ 15, 3.5, 14.5, 3 ], "rotation": 90, "texture": "#log_oak_top" },
        "up":    { "uv": [ 1, 3, 1.5, 3.5 ], "rotation": 270, "texture": "#log_oak_top" },
        "north": { "uv": [ 12.5, 4, 13, 8.5 ], "texture": "#log_oak" },
        "south": { "uv": [ 3, 4, 3.5, 8.5 ], "texture": "#log_oak" },
        "west":  { "uv": [ 14.5, 4, 15, 8.5 ], "texture": "#log_oak" },
        "east":  { "uv": [ 1, 4, 1.5, 8.5 ], "texture": "#log_oak" }
    }
},
{
    "from": [ 7, 3.5, 18 ],
    "to": [ 7.5, 8, 18.5 ],
    "rotation": { "origin": [ 7, 8, 18 ], "axis": "x", "angle": 45 },
    "faces": {
        "down":  { "uv": [ 13, 8, 12.5, 7.5 ], "rotation": 90, "texture": "#log_oak_top" },
        "up":    { "uv": [ 3, 7.5, 3.5, 8 ], "rotation": 270, "texture": "#log_oak_top" },
        "north": { "uv": [ 8, 4, 8.5, 8.5 ], "texture": "#log_oak" },
        "south": { "uv": [ 7.5, 4, 8, 8.5 ], "texture": "#log_oak" },
        "west":  { "uv": [ 12.5, 4, 13, 8.5 ], "texture": "#log_oak" },
        "east":  { "uv": [ 3, 4, 3.5, 8.5 ], "texture": "#log_oak" }
    }
},
{
    "from": [ 19.5, -1, 4.1875 ],
    "to": [ 19.5625, 8, 11.6875 ],
    "rotation": { "origin": [ 19.5, 8, 4.1875 ], "axis": "z", "angle": -22.5 },
    "faces": {
        "east":  { "uv": [ 0, 0, 16, 16 ], "texture": "#log_oak" }
    }
},
{
    "from": [ -3.5, -1, 4.1875 ],
    "to": [ -3.4375, 8, 11.6875 ],
    "rotation": { "origin": [ -3.5, 8, 4.1875 ], "axis": "z", "angle": 22.5 },
    "faces": {
        "east":  { "uv": [ 0, 0, 16, 16 ], "texture": "#fern" }
    }
},
{
    "from": [ 4.5, -1, 19.5 ],
    "to": [ 12, 8, 19.5625 ],
    "rotation": { "origin": [ 4.5, 8, 19.5 ], "axis": "x", "angle": 22.5 },
    "faces": {
        "south": { "uv": [ 0, 0, 16, 16 ], "texture": "#fern" }
    }
},
{
    "from": [ 4.5, -1, -3.5 ],
    "to": [ 12, 8, -3.4375 ],
    "rotation": { "origin": [ 4.5, 8, -3.5 ], "axis": "x", "angle": -22.5 },
    "faces": {
        "south": { "uv": [ 0, 0, 16, 16 ], "texture": "#fern" }
    }
},
{
    "from": [ 11.5, 0, 7 ],
    "to": [ 14.5, 1.5, 10 ],
    "faces": {
        "up":    { "uv": [ 0, 0, 16, 16 ], "texture": "#leaves_oak" },
        "north": { "uv": [ 0, 0, 16, 5.5 ], "texture": "#leaves_oak" },
        "south": { "uv": [ 0, 0, 16, 6.5 ], "texture": "#leaves_oak" },
        "west":  { "uv": [ 0, 0, 16, 7 ], "texture": "#leaves_oak" },
        "east":  { "uv": [ 0, 0, 16, 5.5 ], "texture": "#leaves_oak" }
    }
},
{
    "from": [ 3.5, 0, 3.5 ],
    "to": [ 7.5, 1, 7 ],
    "faces": {
        "up":    { "uv": [ 0, 0, 16, 16 ], "texture": "#Special10ver2" },
        "north": { "uv": [ 0, 0, 16, 5.5 ], "texture": "#fern" },
        "south": { "uv": [ 0, 0, 16, 6.5 ], "texture": "#log_oak" },
        "west":  { "uv": [ 0, 0, 16, 7 ], "texture": "#fern" },
        "east":  { "uv": [ 0, 0, 16, 5.5 ], "texture": "#log_oak" }
    }
},
{
    "from": [ 4.5, 0, 5.5 ],
    "to": [ 11, 0.5, 11.5 ],
    "faces": {
        "up":    { "uv": [ 0, 0, 16, 16 ], "texture": "#Special10ver2" },
        "north": { "uv": [ 0, 0, 16, 5.5 ], "texture": "#fern" },
        "south": { "uv": [ 0, 0, 16, 6.5 ], "texture": "#log_oak" },
        "west":  { "uv": [ 0, 0, 16, 7 ], "texture": "#fern" },
        "east":  { "uv": [ 0, 0, 16, 5.5 ], "texture": "#log_oak" }
    }
},
{
    "from": [ 6.5, 0, 10.5 ],
    "to": [ 12, 1.5, 14.5 ],
    "faces": {
        "up":    { "uv": [ 0, 0, 16, 16 ], "texture": "#leaves_oak" },
        "north": { "uv": [ 0, 0, 16, 5.5 ], "texture": "#leaves_oak" },
        "south": { "uv": [ 0, 0, 16, 6.5 ], "texture": "#leaves_oak" },
        "west":  { "uv": [ 0, 0, 16, 7 ], "texture": "#leaves_oak" },
        "east":  { "uv": [ 0, 0, 16, 5.5 ], "texture": "#leaves_oak" }
    }
},
{
    "from": [ 1, 0, 8 ],
    "to": [ 6, 1, 13 ],
    "faces": {
        "up":    { "uv": [ 0, 0, 16, 16 ], "texture": "#Special10ver2" },
        "north": { "uv": [ 0, 0, 16, 5.5 ], "texture": "#fern" },
        "south": { "uv": [ 0, 0, 16, 6.5 ], "texture": "#log_oak" },
        "west":  { "uv": [ 0, 0, 16, 7 ], "texture": "#fern" },
        "east":  { "uv": [ 0, 0, 16, 5.5 ], "texture": "#log_oak" }
    }
},
{
    "from": [ 7, 0, 1.5 ],
    "to": [ 12, 0.5, 7.5 ],
    "faces": {
        "up":    { "uv": [ 0, 0, 16, 16 ], "texture": "#leaves_oak" },
        "north": { "uv": [ 0, 0, 16, 5.5 ], "texture": "#leaves_oak" },
        "south": { "uv": [ 0, 0, 16, 6.5 ], "texture": "#leaves_oak" },
        "west":  { "uv": [ 0, 0, 16, 7 ], "texture": "#leaves_oak" },
        "east":  { "uv": [ 0, 0, 16, 5.5 ], "texture": "#leaves_oak" }
    }
},
{
    "from": [ -4, 10.5, 7.9375 ],
    "to": [ 20, 32, 8 ],
    "faces": {
        "south": { "uv": [ 0, 0, 16, 16 ], "texture": "#Special10ver2" }
    }
},
{
    "from": [ 7.9375, 10.5, -4 ],
    "to": [ 8, 32, 20 ],
    "faces": {
        "east":  { "uv": [ 0, 0, 16, 16 ], "texture": "#Special10ver2" }
    }
},
{
    "from": [ -0.5, 10.5, -0.5625 ],
    "to": [ 23.5, 32, -0.5 ],
    "rotation": { "origin": [ -0.5, 10.5, -0.5625 ], "axis": "y", "angle": -45 },
    "faces": {
        "south": { "uv": [ 0, 0, 16, 16 ], "texture": "#Special10ver2" }
    }
},
{
    "__comment": "Pla",
    "from": [ 16.4375, 10.5, -0.5 ],
    "to": [ 16.5, 32, 23.5 ],
    "rotation": { "origin": [ 16.4375, 10.5, -0.5 ], "axis": "y", "angle": -45 },
    "faces": {
        "east":  { "uv": [ 0, 0, 16, 16 ], "texture": "#Special10ver2" }
    }
}
],
"display": {
    "thirdperson_righthand": {
        "rotation": [ 69, -85, 0 ],
        "translation": [ -9.07, 20.41, 9.45 ],
        "scale": [ 4, 4, 4 ]
    },
    "thirdperson_lefthand": {
        "rotation": [ -14, 1, 0 ],
        "translation": [ 0, -6.43, 0 ],
        "scale": [ 1, 1, 1 ]
    },
    "head": {
        "rotation": [ 0, 0, 0 ],
        "translation": [ 0, 10.39, 0 ],
        "scale": [ 4, 4, 4 ]
    },
    "ground": {
        "rotation": [ 51, 0, 0 ],
        "translation": [ 0, 0, 0 ],
        "scale": [ 1, 1, 1 ]
    },
    "fixed": {
        "rotation": [ 91, 0, 0 ],
        "translation": [ 0, 0, 0 ],
        "scale": [ 1, 1, 1 ]
    },
    "firstperson_righthand": {
        "rotation": [ 0, 0, 0 ],
        "translation": [ 0, 0, 0 ],
        "scale": [ 1, 1, 1 ]
    },
    "firstperson_lefthand": {
        "rotation": [ 0, 0, 0 ],
        "translation": [ 0, 0, 0 ],
        "scale": [ 1, 1, 1 ]
    },
    "gui": {
        "rotation": [ 0, -1, 33 ],
        "translation": [ 0, 0, 0 ],
        "scale": [ 0.72, 0.66, 0.63 ]
    }
}
}