{
"__comment": "Designed by 1102938Flashtt with BDcraft Cubik PRO 0.96 Beta - http://bdcraft.net",
"textures": {
    "gold_block": "blocks/gold_block",
    "iron_block": "blocks/iron_block",
    "planks_birch": "blocks/planks_birch"
},
"elements": [ 
{
    "from": [ 5.5, 5, 2.5 ],
    "to": [ 10, 6, 3.5 ],
    "faces": {
        "down":  { "uv": [ 10.5, 3.5, 6, 2.5 ], "texture": "#gold_block" },
        "up":    { "uv": [ 5.5, 2.5, 10, 3.5 ], "texture": "#gold_block", "cullface": "up" },
        "north": { "uv": [ 6, 10, 10.5, 11 ], "texture": "#gold_block" },
        "south": { "uv": [ 5.5, 10, 10, 11 ], "texture": "#gold_block" }
    }
},
{
    "from": [ 4.5, 5, 2 ],
    "to": [ 5.5, 6, 4.5 ],
    "faces": {
        "down":  { "uv": [ 11.5, 4.5, 10.5, 2 ], "texture": "#gold_block" },
        "up":    { "uv": [ 4.5, 2, 5.5, 4.5 ], "texture": "#gold_block", "cullface": "up" },
        "north": { "uv": [ 10.5, 10, 11.5, 11 ], "texture": "#gold_block" },
        "south": { "uv": [ 4.5, 10, 5.5, 11 ], "texture": "#gold_block" },
        "west":  { "uv": [ 2, 10, 4.5, 11 ], "texture": "#gold_block" },
        "east":  { "uv": [ 11.5, 10, 14, 11 ], "texture": "#gold_block" }
    }
},
{
    "from": [ 4.5, 5, 2.5 ],
    "to": [ 5.5, 6, 5 ],
    "rotation": { "origin": [ 4.5, 5, 2.5 ], "axis": "y", "angle": -45 },
    "faces": {
        "down":  { "uv": [ 11.5, 5, 10.5, 2.5 ], "texture": "#gold_block" },
        "up":    { "uv": [ 4.5, 2.5, 5.5, 5 ], "texture": "#gold_block", "cullface": "up" },
        "north": { "uv": [ 10.5, 10, 11.5, 11 ], "texture": "#gold_block" },
        "south": { "uv": [ 4.5, 10, 5.5, 11 ], "texture": "#gold_block" },
        "west":  { "uv": [ 2.5, 10, 5, 11 ], "texture": "#gold_block" },
        "east":  { "uv": [ 11, 10, 13.5, 11 ], "texture": "#gold_block" }
    }
},
{
    "from": [ 3, 5, 4 ],
    "to": [ 4, 6, 6.5 ],
    "rotation": { "origin": [ 3, 5, 4 ], "axis": "y", "angle": -22.5 },
    "faces": {
        "down":  { "uv": [ 13, 6.5, 12, 4 ], "texture": "#gold_block" },
        "up":    { "uv": [ 3, 4, 4, 6.5 ], "texture": "#gold_block", "cullface": "up" },
        "north": { "uv": [ 12, 10, 13, 11 ], "texture": "#gold_block" },
        "south": { "uv": [ 3, 10, 4, 11 ], "texture": "#gold_block" },
        "west":  { "uv": [ 4, 10, 6.5, 11 ], "texture": "#gold_block" },
        "east":  { "uv": [ 9.5, 10, 12, 11 ], "texture": "#gold_block" }
    }
},
{
    "from": [ 2, 5, 6.5 ],
    "to": [ 3, 6, 10 ],
    "faces": {
        "down":  { "uv": [ 14, 10, 13, 6.5 ], "texture": "#gold_block" },
        "up":    { "uv": [ 2, 6.5, 3, 10 ], "texture": "#gold_block", "cullface": "up" },
        "north": { "uv": [ 13, 10, 14, 11 ], "texture": "#gold_block" },
        "south": { "uv": [ 2, 10, 3, 11 ], "texture": "#gold_block" },
        "west":  { "uv": [ 6.5, 10, 10, 11 ], "texture": "#gold_block" },
        "east":  { "uv": [ 6, 10, 9.5, 11 ], "texture": "#gold_block" }
    }
},
{
    "from": [ 10, 5, 2 ],
    "to": [ 11, 6, 4.5 ],
    "faces": {
        "down":  { "uv": [ 6, 4.5, 5, 2 ], "texture": "#gold_block" },
        "up":    { "uv": [ 10, 2, 11, 4.5 ], "texture": "#gold_block", "cullface": "up" },
        "north": { "uv": [ 5, 10, 6, 11 ], "texture": "#gold_block" },
        "south": { "uv": [ 10, 10, 11, 11 ], "texture": "#gold_block" },
        "west":  { "uv": [ 2, 10, 4.5, 11 ], "texture": "#gold_block" },
        "east":  { "uv": [ 11.5, 10, 14, 11 ], "texture": "#gold_block" }
    }
},
{
    "from": [ 10.5, 5, 3 ],
    "to": [ 11.5, 6, 5.5 ],
    "rotation": { "origin": [ 10.5, 5, 3 ], "axis": "y", "angle": 45 },
    "faces": {
        "down":  { "uv": [ 5.5, 5.5, 4.5, 3 ], "texture": "#gold_block" },
        "up":    { "uv": [ 10.5, 3, 11.5, 5.5 ], "texture": "#gold_block", "cullface": "up" },
        "north": { "uv": [ 4.5, 10, 5.5, 11 ], "texture": "#gold_block" },
        "south": { "uv": [ 10.5, 10, 11.5, 11 ], "texture": "#gold_block" },
        "west":  { "uv": [ 3, 10, 5.5, 11 ], "texture": "#gold_block" },
        "east":  { "uv": [ 10.5, 10, 13, 11 ], "texture": "#gold_block" }
    }
},
{
    "from": [ 12, 5, 4.5 ],
    "to": [ 13, 6, 7 ],
    "rotation": { "origin": [ 12, 5, 4.5 ], "axis": "y", "angle": 22.5 },
    "faces": {
        "down":  { "uv": [ 4, 7, 3, 4.5 ], "texture": "#gold_block" },
        "up":    { "uv": [ 12, 4.5, 13, 7 ], "texture": "#gold_block", "cullface": "up" },
        "north": { "uv": [ 3, 10, 4, 11 ], "texture": "#gold_block" },
        "south": { "uv": [ 12, 10, 13, 11 ], "texture": "#gold_block" },
        "west":  { "uv": [ 4.5, 10, 7, 11 ], "texture": "#gold_block" },
        "east":  { "uv": [ 9, 10, 11.5, 11 ], "texture": "#gold_block" }
    }
},
{
    "from": [ 13, 5, 6.5 ],
    "to": [ 14, 6, 10 ],
    "faces": {
        "down":  { "uv": [ 3, 10, 2, 6.5 ], "texture": "#gold_block" },
        "up":    { "uv": [ 13, 6.5, 14, 10 ], "texture": "#gold_block", "cullface": "up" },
        "north": { "uv": [ 2, 10, 3, 11 ], "texture": "#gold_block" },
        "south": { "uv": [ 13, 10, 14, 11 ], "texture": "#gold_block" },
        "west":  { "uv": [ 6.5, 10, 10, 11 ], "texture": "#gold_block" },
        "east":  { "uv": [ 6, 10, 9.5, 11 ], "texture": "#gold_block" }
    }
},
{
    "from": [ 10, 5, 0 ],
    "to": [ 10.5, 5.5, 6.5 ],
    "faces": {
        "down":  { "uv": [ 6, 6.5, 5.5, 0 ], "texture": "#iron_block" },
        "up":    { "uv": [ 10, 0, 10.5, 6.5 ], "texture": "#iron_block" },
        "north": { "uv": [ 5.5, 0.5, 6, 1 ], "texture": "#iron_block", "cullface": "north" },
        "south": { "uv": [ 10, 0.5, 10.5, 1 ], "texture": "#iron_block" },
        "west":  { "uv": [ 0, 0.5, 6.5, 1 ], "texture": "#iron_block" },
        "east":  { "uv": [ 9.5, 0.5, 16, 1 ], "texture": "#iron_block" }
    }
},
{
    "from": [ 5, 5, 0 ],
    "to": [ 5.5, 5.5, 6.5 ],
    "faces": {
        "down":  { "uv": [ 11, 6.5, 10.5, 0 ], "texture": "#iron_block" },
        "up":    { "uv": [ 5, 0, 5.5, 6.5 ], "texture": "#iron_block" },
        "north": { "uv": [ 10.5, 10.5, 11, 11 ], "texture": "#iron_block", "cullface": "north" },
        "south": { "uv": [ 5, 10.5, 5.5, 11 ], "texture": "#iron_block" },
        "west":  { "uv": [ 0, 10.5, 6.5, 11 ], "texture": "#iron_block" },
        "east":  { "uv": [ 9.5, 10.5, 16, 11 ], "texture": "#iron_block" }
    }
},
{
    "from": [ 1.5, 5.375, 9 ],
    "to": [ 14.5, 5.5, 9.5 ],
    "faces": {
        "down":  { "uv": [ 14.5, 9.5, 1.5, 9 ], "texture": "#iron_block" },
        "up":    { "uv": [ 1.5, 9, 14.5, 9.5 ], "texture": "#iron_block" },
        "north": { "uv": [ 1.5, 10.5, 14.5, 10.625 ], "texture": "#iron_block" },
        "south": { "uv": [ 1.5, 10.5, 14.5, 10.625 ], "texture": "#iron_block" },
        "west":  { "uv": [ 9, 10.5, 9.5, 10.625 ], "texture": "#iron_block" },
        "east":  { "uv": [ 6.5, 10.5, 7, 10.625 ], "texture": "#iron_block" }
    }
},
{
    "from": [ 6, 4, 2 ],
    "to": [ 6.5, 5, 6.5 ],
    "faces": {
        "down":  { "uv": [ 10, 6.5, 9.5, 2 ], "texture": "#gold_block" },
        "up":    { "uv": [ 6, 2, 6.5, 6.5 ], "texture": "#gold_block" },
        "north": { "uv": [ 9.5, 11, 10, 12 ], "texture": "#gold_block" },
        "south": { "uv": [ 6, 11, 6.5, 12 ], "texture": "#gold_block" },
        "west":  { "uv": [ 2, 11, 6.5, 12 ], "texture": "#gold_block" },
        "east":  { "uv": [ 9.5, 11, 14, 12 ], "texture": "#gold_block" }
    }
},
{
    "from": [ 9, 4, 2 ],
    "to": [ 9.5, 5, 6.5 ],
    "faces": {
        "down":  { "uv": [ 7, 6.5, 6.5, 2 ], "texture": "#gold_block" },
        "up":    { "uv": [ 9, 2, 9.5, 6.5 ], "texture": "#gold_block" },
        "north": { "uv": [ 6.5, 11, 7, 12 ], "texture": "#gold_block" },
        "south": { "uv": [ 9, 11, 9.5, 12 ], "texture": "#gold_block" },
        "west":  { "uv": [ 2, 11, 6.5, 12 ], "texture": "#gold_block" },
        "east":  { "uv": [ 9.5, 11, 14, 12 ], "texture": "#gold_block" }
    }
},
{
    "from": [ 6.5, 3.5, 3.5 ],
    "to": [ 7.5, 4.5, 10.5 ],
    "faces": {
        "down":  { "uv": [ 9.5, 10.5, 8.5, 3.5 ], "texture": "#gold_block" },
        "up":    { "uv": [ 6.5, 3.5, 7.5, 10.5 ], "texture": "#gold_block" },
        "north": { "uv": [ 8.5, 11.5, 9.5, 12.5 ], "texture": "#gold_block" },
        "south": { "uv": [ 6.5, 11.5, 7.5, 12.5 ], "texture": "#gold_block" },
        "west":  { "uv": [ 3.5, 11.5, 10.5, 12.5 ], "texture": "#gold_block" },
        "east":  { "uv": [ 5.5, 11.5, 12.5, 12.5 ], "texture": "#gold_block" }
    }
},
{
    "from": [ 8, 3.5, 3.5 ],
    "to": [ 9, 4.5, 10.5 ],
    "faces": {
        "down":  { "uv": [ 8, 10.5, 7, 3.5 ], "texture": "#gold_block" },
        "up":    { "uv": [ 8, 3.5, 9, 10.5 ], "texture": "#gold_block" },
        "north": { "uv": [ 7, 11.5, 8, 12.5 ], "texture": "#gold_block" },
        "south": { "uv": [ 8, 11.5, 9, 12.5 ], "texture": "#gold_block" },
        "west":  { "uv": [ 3.5, 11.5, 10.5, 12.5 ], "texture": "#gold_block" },
        "east":  { "uv": [ 5.5, 11.5, 12.5, 12.5 ], "texture": "#gold_block" }
    }
},
{
    "from": [ 7, 3, 9.5 ],
    "to": [ 8.5, 4, 13.5 ],
    "rotation": { "origin": [ 7, 4, 9.5 ], "axis": "x", "angle": 22.5 },
    "faces": {
        "down":  { "uv": [ 13.5, 7, 16, 0 ], "texture": "#planks_birch" },
        "up":    { "uv": [ 0, 0, 2, 6.5 ], "texture": "#planks_birch" },
        "north": { "uv": [ 7.5, 2.5, 9, 4 ], "texture": "#planks_birch" },
        "south": { "uv": [ 7, 2.5, 8.5, 4 ], "texture": "#planks_birch" },
        "west":  { "uv": [ 1.5, 2, 14.5, 7.5 ], "texture": "#planks_birch" },
        "east":  { "uv": [ 1.5, 2.5, 14.5, 8 ], "texture": "#planks_birch" }
    }
},
{
    "from": [ 7, -0.5, 12 ],
    "to": [ 8.5, 1.5, 13.5 ],
    "rotation": { "origin": [ 7, 1.5, 12 ], "axis": "x", "angle": -45 },
    "faces": {
        "down":  { "uv": [ 13.5, 7, 16, 0 ], "texture": "#planks_birch" },
        "up":    { "uv": [ 0, 0, 2, 6.5 ], "texture": "#planks_birch" },
        "north": { "uv": [ 7.5, 2.5, 9, 4 ], "texture": "#planks_birch" },
        "south": { "uv": [ 7, 2.5, 8.5, 4 ], "texture": "#planks_birch" },
        "west":  { "uv": [ 1.5, 2, 14.5, 7.5 ], "texture": "#planks_birch" },
        "east":  { "uv": [ 1.5, 2.5, 14.5, 8 ], "texture": "#planks_birch" }
    }
},
{
    "from": [ 7, 0, 12.5 ],
    "to": [ 8.5, 1, 14.5 ],
    "faces": {
        "down":  { "uv": [ 9, 14.5, 7.5, 12.5 ], "texture": "#planks_birch" },
        "up":    { "uv": [ 7, 12.5, 8.5, 14.5 ], "texture": "#planks_birch" },
        "north": { "uv": [ 7.5, 15, 9, 16 ], "texture": "#planks_birch" },
        "south": { "uv": [ 7, 15, 8.5, 16 ], "texture": "#planks_birch" },
        "west":  { "uv": [ 12.5, 15, 14.5, 16 ], "texture": "#planks_birch" },
        "east":  { "uv": [ 1.5, 15, 3.5, 16 ], "texture": "#planks_birch" }
    }
},
{
    "from": [ 7, 3, 4 ],
    "to": [ 8.5, 3.5, 9.5 ],
    "faces": {
        "down":  { "uv": [ 9, 9.5, 7.5, 4 ], "texture": "#iron_block" },
        "up":    { "uv": [ 7, 4, 8.5, 9.5 ], "texture": "#iron_block" },
        "north": { "uv": [ 7.5, 12.5, 9, 13 ], "texture": "#iron_block" },
        "west":  { "uv": [ 4, 12.5, 9.5, 13 ], "texture": "#iron_block" },
        "east":  { "uv": [ 6.5, 12.5, 12, 13 ], "texture": "#iron_block" }
    }
},
{
    "from": [ 7, 4.5, 4 ],
    "to": [ 8.5, 5.5, 14 ],
    "faces": {
        "down":  { "uv": [ 9, 12, 7.5, 4 ], "texture": "#planks_birch" },
        "up":    { "uv": [ 7, 4, 8.5, 12 ], "texture": "#planks_birch" },
        "north": { "uv": [ 7.5, 9, 9, 11.5 ], "texture": "#planks_birch" },
        "south": { "uv": [ 7, 9, 8.5, 11.5 ], "texture": "#planks_birch" },
        "west":  { "uv": [ 4, 9, 12, 11.5 ], "texture": "#planks_birch" },
        "east":  { "uv": [ 4, 9, 12, 11.5 ], "texture": "#planks_birch" }
    }
},
{
    "from": [ 7, 7, 5 ],
    "to": [ 8.5, 8.5, 14 ],
    "faces": {
        "down":  { "uv": [ 9, 14, 7.5, 5 ], "texture": "#planks_birch" },
        "up":    { "uv": [ 7, 5, 8.5, 14 ], "texture": "#planks_birch" },
        "north": { "uv": [ 7.5, 7.5, 9, 9 ], "texture": "#planks_birch" },
        "south": { "uv": [ 7, 7.5, 8.5, 9 ], "texture": "#planks_birch" },
        "west":  { "uv": [ 5, 7.5, 14, 9 ], "texture": "#planks_birch" },
        "east":  { "uv": [ 2, 7.5, 11, 9 ], "texture": "#planks_birch" }
    }
},
{
    "from": [ 8.5, 5, 12 ],
    "to": [ 9, 6.5, 13.5 ],
    "faces": {
        "down":  { "uv": [ 0, 0, 16, 16 ], "texture": "#iron_block" },
        "up":    { "uv": [ 0, 0, 16, 16 ], "texture": "#iron_block" },
        "north": { "uv": [ 0, 0, 16, 16 ], "texture": "#iron_block" },
        "south": { "uv": [ 0, 0, 16, 16 ], "texture": "#iron_block" },
        "east":  { "uv": [ 0, 0, 16, 16 ], "texture": "#iron_block" }
    }
},
{
    "from": [ 7, 5.75, 4 ],
    "to": [ 8.5, 7, 14 ],
    "faces": {
        "down":  { "uv": [ 9, 12, 7.5, 4 ], "texture": "#planks_birch" },
        "up":    { "uv": [ 7, 4, 8.5, 12 ], "texture": "#planks_birch" },
        "north": { "uv": [ 7.5, 9, 9, 11.5 ], "texture": "#planks_birch" },
        "south": { "uv": [ 7, 9, 8.5, 11.5 ], "texture": "#planks_birch" },
        "west":  { "uv": [ 4, 9, 12, 11.5 ], "texture": "#planks_birch" },
        "east":  { "uv": [ 4, 9, 12, 11.5 ], "texture": "#planks_birch" }
    }
},
{
    "from": [ 7.25, 5, 4 ],
    "to": [ 8.25, 6.25, 7.75 ],
    "faces": {
        "down":  { "uv": [ 9, 12, 7.5, 4 ], "texture": "#planks_birch" },
        "up":    { "uv": [ 7, 4, 8.5, 12 ], "texture": "#planks_birch" },
        "north": { "uv": [ 7.5, 9, 9, 11.5 ], "texture": "#planks_birch" },
        "south": { "uv": [ 7, 9, 8.5, 11.5 ], "texture": "#planks_birch" },
        "west":  { "uv": [ 4, 9, 12, 11.5 ], "texture": "#planks_birch" },
        "east":  { "uv": [ 4, 9, 12, 11.5 ], "texture": "#planks_birch" }
    }
},
{
    "from": [ 7.25, 5.25, 11.75 ],
    "to": [ 8.25, 6.5, 14 ],
    "faces": {
        "down":  { "uv": [ 9, 12, 7.5, 4 ], "texture": "#planks_birch" },
        "up":    { "uv": [ 7, 4, 8.5, 12 ], "texture": "#planks_birch" },
        "north": { "uv": [ 7.5, 9, 9, 11.5 ], "texture": "#planks_birch" },
        "south": { "uv": [ 7, 9, 8.5, 11.5 ], "texture": "#planks_birch" },
        "west":  { "uv": [ 4, 9, 12, 11.5 ], "texture": "#planks_birch" },
        "east":  { "uv": [ 4, 9, 12, 11.5 ], "texture": "#planks_birch" }
    }
},
{
    "from": [ 9, 5.5, 12.75 ],
    "to": [ 9.5, 6, 16.75 ],
    "rotation": { "origin": [ 9, 6, 12.75 ], "axis": "x", "angle": 45 },
    "faces": {
        "down":  { "uv": [ 1, 0, 4.5, 3.5 ], "texture": "#planks_birch" },
        "up":    { "uv": [ 1, 0, 5, 3.5 ], "texture": "#planks_birch" },
        "north": { "uv": [ 0, 0, 1, 16 ], "texture": "#planks_birch" },
        "south": { "uv": [ 0, 0, 1, 16 ], "texture": "#planks_birch" },
        "west":  { "uv": [ 0, 0, 1.5, 16 ], "texture": "#planks_birch" },
        "east":  { "uv": [ 0, 0, 1.5, 16 ], "texture": "#planks_birch" }
    }
},
{
    "from": [ 9, 2.75, 15.25 ],
    "to": [ 11, 3.25, 15.75 ],
    "faces": {
        "down":  { "uv": [ 7, 15.75, 5, 15.25 ], "texture": "#gold_block" },
        "up":    { "uv": [ 9, 15.25, 11, 15.75 ], "texture": "#gold_block" },
        "north": { "uv": [ 5, 12.75, 7, 13.25 ], "texture": "#gold_block" },
        "south": { "uv": [ 9, 12.75, 11, 13.25 ], "texture": "#gold_block" },
        "west":  { "uv": [ 15.25, 12.75, 15.75, 13.25 ], "texture": "#gold_block" },
        "east":  { "uv": [ 0.25, 12.75, 0.75, 13.25 ], "texture": "#gold_block" }
    }
}
],
"display": {
    "thirdperson_righthand": {
        "rotation": [ 0, 0, 0 ],
        "translation": [ 0, 5.1, -3.21 ],
        "scale": [ 1, 1, 1 ]
    },
    "thirdperson_lefthand": {
        "rotation": [ 0, 0, 0 ],
        "translation": [ 0, 5.1, -3.21 ],
        "scale": [ 1, 1, 1 ]
    },
    "head": {
        "rotation": [ 92, 0, 180 ],
        "translation": [ 0, 8.31, -2.46 ],
        "scale": [ 1, 1, 1 ]
    },
    "ground": {
        "rotation": [ -40, 0, 0 ],
        "translation": [ 0, 5, 0 ],
        "scale": [ 1, 1, 1 ]
    },
    "fixed": {
        "rotation": [ -67, 0, -180 ],
        "translation": [ 0.76, -18.14, 20.6 ],
        "scale": [ 3, 3, 3 ]
    },
    "firstperson_righthand": {
        "rotation": [ 0, 0, 0 ],
        "translation": [ -6.8, 3.21, 0 ],
        "scale": [ 1, 1, 1 ]
    },
    "firstperson_lefthand": {
        "rotation": [ 0, 0, 0 ],
        "translation": [ -6.8, 3.21, 0 ],
        "scale": [ 1, 1, 1 ]
    },
    "gui": {
        "rotation": [ 85, -65, 38 ],
        "translation": [ -0.94, 2.08, 0 ],
        "scale": [ 1, 1, 1 ]
    }
}
}