{
"__comment": "Designed by 1102938Flashtt with BDcraft Cubik PRO 0.96 Beta - http://bdcraft.net",
"textures": {
    "No0033": "items/No0033",
    "No0008": "items/No0008"
},
"elements": [ 
{
    "from": [ 8, 0, 4 ],
    "to": [ 8.0625, 7.5, 11.5 ],
    "faces": {
        "east":  { "uv": [ 0, 0, 16, 16 ], "texture": "#No0033" }
    }
},
{
    "from": [ 4.5, 0, 8 ],
    "to": [ 12, 7.5, 8.0625 ],
    "faces": {
        "south": { "uv": [ 0, 0, 16, 16 ], "texture": "#No0033" }
    }
},
{
    "from": [ 8, 7.5, 5.5 ],
    "to": [ 8.0625, 12.5, 10.5 ],
    "faces": {
        "east":  { "uv": [ 0, 0, 16, 16 ], "texture": "#No0008" }
    }
},
{
    "from": [ 5.5, 7.5, 8 ],
    "to": [ 10.5, 12.5, 8.0625 ],
    "faces": {
        "south": { "uv": [ 0, 0, 16, 16 ], "texture": "#No0008" }
    }
}
],
"display": {
    "thirdperson_righthand": {
        "rotation": [ -85, 14, 0 ],
        "translation": [ -0.57, -2.08, -7.37 ],
        "scale": [ 1, 1, 1 ]
    },
    "thirdperson_lefthand": {
        "rotation": [ 65, 0, 0 ],
        "translation": [ -5.67, 5.48, 24 ],
        "scale": [ 1, 1, 1 ]
    },
    "head": {
        "rotation": [ 101, 64, 24 ],
        "translation": [ 1.89, -24, -6.99 ],
        "scale": [ 1.07, 1.1, 2.55 ]
    },
    "ground": {
        "rotation": [ 0, -40, 0 ],
        "translation": [ 0, -14.55, 0 ],
        "scale": [ 2.83, 0.54, 0.35 ]
    },
    "fixed": {
        "rotation": [ 0, 0, 0 ],
        "translation": [ 0, 0, 0 ],
        "scale": [ 1, 0.38, 0.25 ]
    },
    "firstperson_righthand": {
        "rotation": [ 0, 0, 0 ],
        "translation": [ -7.75, 11.15, 7.75 ],
        "scale": [ 4, 1, 1 ]
    },
    "firstperson_lefthand": {
        "rotation": [ 9, -27, 0 ],
        "translation": [ -8.88, 12.28, 7.37 ],
        "scale": [ 4, 1.29, 4 ]
    },
    "gui": {
        "rotation": [ 4, -3, -37 ],
        "translation": [ 1.7, 2.27, 0 ],
        "scale": [ 1, 1, 1 ]
    }
}
}