{
"__comment": "Designed by Flashtt with BDcraft Cubik PRO 0.96 Beta - http://bdcraft.net",
"textures": {
    "fire_layer_0": "blocks/fire_layer_0",
    "glass_orange": "blocks/glass_orange",
    "wool_colored_brown": "blocks/wool_colored_black",
    "wool_colored_white": "blocks/wool_colored_white"
},
"elements": [ 
{
    "__comment": "base",
    "from": [ 2, 4.875, 2.5 ],
    "to": [ 14, 5, 14.5 ],
    "faces": {
        "down":  { "uv": [ 13, 13.5, 2.5, 2.5 ], "texture": "#glass_orange" }
    }
},
{
    "__comment": "base",
    "from": [ 2, 11.875, -1 ],
    "to": [ 14, 12, 11 ],
    "faces": {
        "down":  { "uv": [ 13.5, 12, 2.5, 3 ], "texture": "#glass_orange" }
    }
},
{
    "__comment": "base",
    "from": [ 2, 5, 5.5 ],
    "to": [ 2.125, 12, 17.5 ],
    "faces": {
        "west":  { "uv": [ 13, 13.5, 2.5, 2.5 ], "rotation": 180, "texture": "#glass_orange" }
    }
},
{
    "__comment": "base",
    "from": [ 14, 5, -3.5 ],
    "to": [ 14.125, 12, 8.5 ],
    "faces": {
        "west":  { "uv": [ 13.5, 12, 2.5, 3 ], "rotation": 180, "texture": "#glass_orange" }
    }
},
{
    "__comment": "base",
    "from": [ 2, 5, 1.875 ],
    "to": [ 14, 12, 2 ],
    "faces": {
        "north": { "uv": [ 13, 13.5, 2.5, 2.5 ], "rotation": 180, "texture": "#glass_orange" }
    }
},
{
    "__comment": "base",
    "from": [ 2, 5, 14 ],
    "to": [ 14, 12, 14.125 ],
    "faces": {
        "north": { "uv": [ 13.5, 12, 2.5, 3 ], "rotation": 180, "texture": "#glass_orange" }
    }
},
{
    "from": [ 3, 7, 10 ],
    "to": [ 5.5, 9.5, 12.5 ],
    "faces": {
        "down":  { "uv": [ 0, 0, 16, 16 ], "texture": "#wool_colored_brown" },
        "up":    { "uv": [ 0, 0, 16, 16 ], "texture": "#wool_colored_brown" },
        "north": { "uv": [ 0, 0, 16, 16 ], "texture": "#wool_colored_brown" },
        "south": { "uv": [ 0, 0, 16, 16 ], "texture": "#wool_colored_brown" },
        "west":  { "uv": [ 0, 0, 16, 16 ], "texture": "#wool_colored_brown" },
        "east":  { "uv": [ 0, 0, 16, 16 ], "texture": "#wool_colored_brown" }
    }
},
{
    "from": [ 10, 7, 10.5 ],
    "to": [ 12.5, 9.5, 13 ],
    "faces": {
        "down":  { "uv": [ 0, 0, 16, 16 ], "texture": "#wool_colored_brown" },
        "up":    { "uv": [ 0, 0, 16, 16 ], "texture": "#wool_colored_brown" },
        "north": { "uv": [ 0, 0, 16, 16 ], "texture": "#wool_colored_brown" },
        "south": { "uv": [ 0, 0, 16, 16 ], "texture": "#wool_colored_brown" },
        "west":  { "uv": [ 0, 0, 16, 16 ], "texture": "#wool_colored_brown" },
        "east":  { "uv": [ 0, 0, 16, 16 ], "texture": "#wool_colored_brown" }
    }
},
{
    "from": [ 4, 8, 12.5 ],
    "to": [ 5.5, 9.5, 13.5 ],
    "faces": {
        "down":  { "uv": [ 0, 0, 16, 16 ], "texture": "#wool_colored_white" },
        "up":    { "uv": [ 0, 0, 16, 16 ], "texture": "#wool_colored_white" },
        "north": { "uv": [ 0, 0, 16, 16 ], "texture": "#wool_colored_white" },
        "south": { "uv": [ 0, 0, 16, 16 ], "texture": "#wool_colored_white" },
        "west":  { "uv": [ 0, 0, 16, 16 ], "texture": "#wool_colored_white" },
        "east":  { "uv": [ 0, 0, 16, 16 ], "texture": "#wool_colored_white" }
    }
},
{
    "from": [ 11, 8, 12.5 ],
    "to": [ 12.5, 9.5, 13.5 ],
    "faces": {
        "down":  { "uv": [ 0, 0, 16, 16 ], "texture": "#wool_colored_white" },
        "up":    { "uv": [ 0, 0, 16, 16 ], "texture": "#wool_colored_white" },
        "north": { "uv": [ 0, 0, 16, 16 ], "texture": "#wool_colored_white" },
        "south": { "uv": [ 0, 0, 16, 16 ], "texture": "#wool_colored_white" },
        "west":  { "uv": [ 0, 0, 16, 16 ], "texture": "#wool_colored_white" },
        "east":  { "uv": [ 0, 0, 16, 16 ], "texture": "#wool_colored_white" }
    }
},
{
    "from": [ 3, 10, -2.5 ],
    "to": [ 3.0625, 26, 12 ],
    "rotation": { "origin": [ 3, 10, -2.5 ], "axis": "y", "angle": 45 },
    "faces": {
        "west":  { "uv": [ 0, 0, 16, 16 ], "texture": "#fire_layer_0" }
    }
},
{
    "from": [ 3, 11.5, 1.3125 ],
    "to": [ 17.5, 27.5, 1.375 ],
    "rotation": { "origin": [ 3, 11.5, 1.3125 ], "axis": "y", "angle": 45 },
    "faces": {
        "south": { "uv": [ 0, 0, 16, 16 ], "texture": "#fire_layer_0" }
    }
},
{
    "__comment": "fire",
    "from": [ 13, 3, 12.5 ],
    "to": [ 17, 7, 16.5 ],
    "faces": {
        "north": { "uv": [ 0, 0, 16, 16 ], "texture": "#fire_layer_0" },
        "south": { "uv": [ 0, 0, 7, 5.5 ], "texture": "#fire_layer_0" },
        "west":  { "uv": [ 0, 0, 16, 16 ], "texture": "#fire_layer_0" },
        "east":  { "uv": [ 0, 0, 6.5, 6.5 ], "texture": "#fire_layer_0" }
    }
},
{
    "__comment": "fire",
    "from": [ 0, 2.5, 13 ],
    "to": [ 4, 6.5, 17 ],
    "faces": {
        "north": { "uv": [ 0, 0, 16, 11 ], "texture": "#fire_layer_0" },
        "south": { "uv": [ 0, 0, 15.5, 9 ], "texture": "#fire_layer_0" },
        "west":  { "uv": [ 1.5, 4, 14.5, 14 ], "texture": "#fire_layer_0" },
        "east":  { "uv": [ 0, 0, 14.5, 10 ], "texture": "#fire_layer_0" }
    }
}
],
"display": {
    "thirdperson_righthand": {
        "rotation": [ 67, 129, 180 ],
        "translation": [ -2.08, -9.83, 0 ],
        "scale": [ -0.16, 0.38, 0.76 ]
    },
    "thirdperson_lefthand": {
        "rotation": [ 67, 129, 180 ],
        "translation": [ -2.08, -9.83, 0 ],
        "scale": [ -0.16, 0.38, 0.76 ]
    },
    "head": {
        "rotation": [ 0, -180, 0 ],
        "translation": [ 0, -17, -6 ],
        "scale": [ 1, 1, 1 ]
    },
    "ground": {
        "rotation": [ 0, 0, 0 ],
        "translation": [ 0, 0, 0 ],
        "scale": [ -0.31, -0.72, 0.41 ]
    },
    "fixed": {
        "rotation": [ 0, 0, 0 ],
        "translation": [ 0, 0, 0 ],
        "scale": [ 1, 1, 1 ]
    },
    "firstperson_righthand": {
        "rotation": [ 0, 0, 0 ],
        "translation": [ 9.6, -9.83, 7.56 ],
        "scale": [ 1, 1, 1 ]
    },
    "gui": {
        "rotation": [ 0, 0, 0 ],
        "translation": [ 0, -2.08, 0 ],
        "scale": [ 0.5, 0.5, 0.5 ]
    }
}
}