{
"__comment": "Designed by Flashtt with BDcraft Cubik PRO 0.96 Beta - http://bdcraft.net",
"textures": {
    "fire_layer_0": "blocks/fire_layer_0",
    "glass_orange": "blocks/glass_orange",
    "wool_colored_brown": "blocks/wool_colored_black",
    "wool_colored_white": "blocks/hardened_clay_stained_pink",
    "double_plant_sunflower_front": "blocks/double_plant_sunflower_front",
    "hardened_clay_stained_gray": "blocks/hardened_clay_stained_red"
},
"elements": [ 
{
    "from": [ 6.5, 15, 3 ],
    "to": [ 10, 16, 4 ],
    "faces": {
        "down":  { "uv": [ 9.5, 4, 6, 3 ], "texture": "#wool_colored_brown" },
        "up":    { "uv": [ 6.5, 3, 10, 4 ], "texture": "#wool_colored_brown" },
        "north": { "uv": [ 6, 0, 9.5, 1 ], "texture": "#wool_colored_brown" },
        "south": { "uv": [ 6.5, 0, 10, 1 ], "texture": "#wool_colored_brown" },
        "west":  { "uv": [ 3, 0, 4, 1 ], "texture": "#wool_colored_brown" },
        "east":  { "uv": [ 12, 0, 13, 1 ], "texture": "#wool_colored_brown" }
    }
},
{
    "from": [ 10, 15, 3 ],
    "to": [ 13.5, 16, 4 ],
    "rotation": { "origin": [ 10, 15, 3 ], "axis": "y", "angle": -45 },
    "faces": {
        "down":  { "uv": [ 6, 4, 2.5, 3 ], "texture": "#wool_colored_brown" },
        "up":    { "uv": [ 10, 3, 13.5, 4 ], "texture": "#wool_colored_brown" },
        "north": { "uv": [ 2.5, 0, 6, 1 ], "texture": "#wool_colored_brown" },
        "south": { "uv": [ 10, 0, 13.5, 1 ], "texture": "#wool_colored_brown" },
        "west":  { "uv": [ 3, 0, 4, 1 ], "texture": "#wool_colored_brown" },
        "east":  { "uv": [ 12, 0, 13, 1 ], "texture": "#wool_colored_brown" }
    }
},
{
    "from": [ 4, 15, 5.5 ],
    "to": [ 7.5, 16, 6.5 ],
    "rotation": { "origin": [ 4, 15, 5.5 ], "axis": "y", "angle": 45 },
    "faces": {
        "down":  { "uv": [ 12, 6.5, 8.5, 5.5 ], "texture": "#wool_colored_brown" },
        "up":    { "uv": [ 4, 5.5, 7.5, 6.5 ], "texture": "#wool_colored_brown" },
        "north": { "uv": [ 8.5, 0, 12, 1 ], "texture": "#wool_colored_brown" },
        "south": { "uv": [ 4, 0, 7.5, 1 ], "texture": "#wool_colored_brown" },
        "west":  { "uv": [ 5.5, 0, 6.5, 1 ], "texture": "#wool_colored_brown" },
        "east":  { "uv": [ 9.5, 0, 10.5, 1 ], "texture": "#wool_colored_brown" }
    }
},
{
    "from": [ 11.5, 15, 5.5 ],
    "to": [ 12.5, 16, 9 ],
    "faces": {
        "down":  { "uv": [ 9.5, 4, 6, 3 ], "rotation": 90, "texture": "#wool_colored_brown" },
        "up":    { "uv": [ 6.5, 3, 10, 4 ], "rotation": 270, "texture": "#wool_colored_white" },
        "north": { "uv": [ 12, 0, 13, 1 ], "texture": "#wool_colored_brown" },
        "south": { "uv": [ 3, 0, 4, 1 ], "texture": "#wool_colored_white" },
        "west":  { "uv": [ 6, 0, 9.5, 1 ], "texture": "#wool_colored_brown" },
        "east":  { "uv": [ 6.5, 0, 10, 1 ], "texture": "#wool_colored_white" }
    }
},
{
    "from": [ 4, 15, 5.5 ],
    "to": [ 5, 16, 9 ],
    "faces": {
        "down":  { "uv": [ 6, 4, 2.5, 3 ], "rotation": 90, "texture": "#wool_colored_brown" },
        "up":    { "uv": [ 10, 3, 13.5, 4 ], "rotation": 270, "texture": "#wool_colored_brown" },
        "north": { "uv": [ 12, 0, 13, 1 ], "texture": "#wool_colored_brown" },
        "south": { "uv": [ 3, 0, 4, 1 ], "texture": "#wool_colored_brown" },
        "west":  { "uv": [ 2.5, 0, 6, 1 ], "texture": "#wool_colored_brown" },
        "east":  { "uv": [ 10, 0, 13.5, 1 ], "texture": "#wool_colored_brown" }
    }
},
{
    "from": [ 11.9, 15, 8.4 ],
    "to": [ 12.9, 16, 11.9 ],
    "rotation": { "origin": [ 11.9, 15, 8.4 ], "axis": "y", "angle": -45 },
    "faces": {
        "down":  { "uv": [ 12, 6.5, 8.5, 5.5 ], "rotation": 90, "texture": "#wool_colored_brown" },
        "up":    { "uv": [ 4, 5.5, 7.5, 6.5 ], "rotation": 270, "texture": "#wool_colored_white" },
        "north": { "uv": [ 9.5, 0, 10.5, 1 ], "texture": "#wool_colored_brown" },
        "south": { "uv": [ 5.5, 0, 6.5, 1 ], "texture": "#wool_colored_white" },
        "west":  { "uv": [ 8.5, 0, 12, 1 ], "texture": "#wool_colored_brown" },
        "east":  { "uv": [ 4, 0, 7.5, 1 ], "texture": "#wool_colored_white" }
    }
},
{
    "from": [ 4, 15, 9 ],
    "to": [ 5, 16, 12.5 ],
    "rotation": { "origin": [ 4, 15, 9 ], "axis": "y", "angle": 45 },
    "faces": {
        "down":  { "uv": [ 6, 4, 2.5, 3 ], "rotation": 90, "texture": "#wool_colored_brown" },
        "up":    { "uv": [ 10, 3, 13.5, 4 ], "rotation": 270, "texture": "#wool_colored_brown" },
        "north": { "uv": [ 12, 0, 13, 1 ], "texture": "#wool_colored_brown" },
        "south": { "uv": [ 3, 0, 4, 1 ], "texture": "#wool_colored_brown" },
        "west":  { "uv": [ 2.5, 0, 6, 1 ], "texture": "#wool_colored_brown" },
        "east":  { "uv": [ 10, 0, 13.5, 1 ], "texture": "#wool_colored_brown" }
    }
},
{
    "from": [ 6.5, 15, 10.5 ],
    "to": [ 10, 16, 11.5 ],
    "faces": {
        "down":  { "uv": [ 9.5, 11.5, 6, 10.5 ], "texture": "#wool_colored_brown" },
        "up":    { "uv": [ 6.5, 10.5, 10, 11.5 ], "texture": "#wool_colored_brown" },
        "north": { "uv": [ 6, 0, 9.5, 1 ], "texture": "#wool_colored_brown" },
        "south": { "uv": [ 6.5, 0, 10, 1 ], "texture": "#wool_colored_brown" },
        "west":  { "uv": [ 10.5, 0, 11.5, 1 ], "texture": "#wool_colored_brown" },
        "east":  { "uv": [ 4.5, 0, 5.5, 1 ], "texture": "#wool_colored_brown" }
    }
},
{
    "__comment": "side",
    "from": [ 3.5, 10, 2 ],
    "to": [ 12.5, 14.5, 3 ],
    "faces": {
        "down":  { "uv": [ 12.5, 3, 3.5, 2 ], "texture": "#wool_colored_white" },
        "up":    { "uv": [ 3.5, 2, 12.5, 3 ], "texture": "#wool_colored_white" },
        "north": { "uv": [ 3.5, 1.5, 12.5, 6 ], "texture": "#wool_colored_white" },
        "south": { "uv": [ 3.5, 1.5, 12.5, 6 ], "texture": "#wool_colored_white" },
        "west":  { "uv": [ 2, 1.5, 3, 6 ], "texture": "#wool_colored_white" },
        "east":  { "uv": [ 13, 1.5, 14, 6 ], "texture": "#wool_colored_white" }
    }
},
{
    "__comment": "side",
    "from": [ 3, 10, 2.5 ],
    "to": [ 4, 14.5, 12 ],
    "faces": {
        "down":  { "uv": [ 13, 12, 12, 2.5 ], "texture": "#wool_colored_brown" },
        "up":    { "uv": [ 3, 2.5, 4, 12 ], "texture": "#wool_colored_white" },
        "north": { "uv": [ 12, 1.5, 13, 6 ], "texture": "#wool_colored_brown" },
        "south": { "uv": [ 3, 1.5, 4, 6 ], "texture": "#wool_colored_white" },
        "west":  { "uv": [ 2.5, 1.5, 12, 6 ], "texture": "#wool_colored_brown" },
        "east":  { "uv": [ 4, 1.5, 13.5, 6 ], "texture": "#wool_colored_white" }
    }
},
{
    "__comment": "side",
    "from": [ 3.5, 10, 11.5 ],
    "to": [ 12.5, 14.5, 12.5 ],
    "faces": {
        "down":  { "uv": [ 12.5, 12.5, 3.5, 11.5 ], "texture": "#wool_colored_white" },
        "up":    { "uv": [ 3.5, 11.5, 12.5, 12.5 ], "texture": "#wool_colored_white" },
        "north": { "uv": [ 3.5, 1.5, 12.5, 6 ], "texture": "#wool_colored_white" },
        "south": { "uv": [ 3.5, 1.5, 12.5, 6 ], "texture": "#wool_colored_white" },
        "west":  { "uv": [ 11.5, 1.5, 12.5, 6 ], "texture": "#wool_colored_white" },
        "east":  { "uv": [ 3.5, 1.5, 4.5, 6 ], "texture": "#wool_colored_white" }
    }
},
{
    "__comment": "side",
    "from": [ 12.5, 10, 2.5 ],
    "to": [ 13.5, 14.5, 12 ],
    "faces": {
        "down":  { "uv": [ 3.5, 12, 2.5, 2.5 ], "texture": "#wool_colored_white" },
        "up":    { "uv": [ 12.5, 2.5, 13.5, 12 ], "texture": "#wool_colored_white" },
        "north": { "uv": [ 2.5, 1.5, 3.5, 6 ], "texture": "#wool_colored_white" },
        "south": { "uv": [ 12.5, 1.5, 13.5, 6 ], "texture": "#wool_colored_white" },
        "west":  { "uv": [ 2.5, 1.5, 12, 6 ], "texture": "#wool_colored_white" },
        "east":  { "uv": [ 4, 1.5, 13.5, 6 ], "texture": "#wool_colored_white" }
    }
},
{
    "from": [ 5, 14, 3 ],
    "to": [ 11.5, 15.5, 3.5 ],
    "rotation": { "origin": [ 5, 15.5, 3 ], "axis": "x", "angle": 45 },
    "faces": {
        "down":  { "uv": [ 12, 2, 2.5, 0.5 ], "texture": "#wool_colored_white" },
        "up":    { "uv": [ 4, 0.5, 13.5, 2 ], "texture": "#wool_colored_white" },
        "north": { "uv": [ 2.5, 0.5, 12, 2 ], "texture": "#wool_colored_white" },
        "south": { "uv": [ 4, 0.5, 13.5, 2 ], "texture": "#wool_colored_white" },
        "west":  { "uv": [ 0.5, 0.5, 2, 2 ], "texture": "#wool_colored_white" },
        "east":  { "uv": [ 14, 0.5, 15.5, 2 ], "texture": "#wool_colored_white" }
    }
},
{
    "from": [ 5, 15, 11.5 ],
    "to": [ 11.5, 15.5, 13 ],
    "rotation": { "origin": [ 5, 15.5, 11.5 ], "axis": "x", "angle": 45 },
    "faces": {
        "down":  { "uv": [ 12.5, 12, 3, 10 ], "texture": "#wool_colored_brown" },
        "up":    { "uv": [ 3.5, 10, 13, 12 ], "texture": "#wool_colored_white" },
        "north": { "uv": [ 3, 0, 12.5, 2 ], "texture": "#wool_colored_brown" },
        "south": { "uv": [ 3.5, 0, 13, 2 ], "texture": "#wool_colored_white" },
        "west":  { "uv": [ 10, 0, 12, 2 ], "texture": "#wool_colored_brown" },
        "east":  { "uv": [ 4, 0, 6, 2 ], "texture": "#wool_colored_white" }
    }
},
{
    "from": [ 12.5, 15, 3.5 ],
    "to": [ 14, 15.5, 11 ],
    "rotation": { "origin": [ 12.5, 15.5, 3.5 ], "axis": "z", "angle": -45 },
    "faces": {
        "down":  { "uv": [ 12.5, 11, 11, 3.5 ], "texture": "#wool_colored_white" },
        "up":    { "uv": [ 3.5, 3.5, 5, 11 ], "texture": "#wool_colored_white" },
        "north": { "uv": [ 11, 0.5, 12.5, 1.5 ], "texture": "#wool_colored_white" },
        "south": { "uv": [ 3.5, 0.5, 5, 1.5 ], "texture": "#wool_colored_white" },
        "west":  { "uv": [ 3.5, 0.5, 11, 1.5 ], "texture": "#wool_colored_white" },
        "east":  { "uv": [ 5, 0.5, 12.5, 1.5 ], "texture": "#wool_colored_white" }
    }
},
{
    "from": [ 3, 14, 3.5 ],
    "to": [ 4.5, 14.5, 11 ],
    "rotation": { "origin": [ 3, 14.5, 3.5 ], "axis": "z", "angle": 45 },
    "faces": {
        "down":  { "uv": [ 12.5, 11, 11, 3.5 ], "texture": "#wool_colored_white" },
        "up":    { "uv": [ 3.5, 3.5, 5, 11 ], "texture": "#wool_colored_white" },
        "north": { "uv": [ 11, 0.5, 12.5, 1.5 ], "texture": "#wool_colored_white" },
        "south": { "uv": [ 3.5, 0.5, 5, 1.5 ], "texture": "#wool_colored_white" },
        "west":  { "uv": [ 3.5, 0.5, 11, 1.5 ], "texture": "#wool_colored_white" },
        "east":  { "uv": [ 5, 0.5, 12.5, 1.5 ], "texture": "#wool_colored_white" }
    }
},
{
    "from": [ 4, 14, 3 ],
    "to": [ 12.5, 15, 11.5 ],
    "faces": {
        "down":  { "uv": [ 12, 11.5, 3.5, 3 ], "texture": "#wool_colored_white" },
        "up":    { "uv": [ 4, 3, 12.5, 11.5 ], "texture": "#wool_colored_white" },
        "north": { "uv": [ 3.5, 1, 12, 2 ], "texture": "#wool_colored_white" },
        "south": { "uv": [ 4, 1, 12.5, 2 ], "texture": "#wool_colored_white" },
        "west":  { "uv": [ 3, 1, 11.5, 2 ], "texture": "#wool_colored_white" },
        "east":  { "uv": [ 4.5, 1, 13, 2 ], "texture": "#wool_colored_white" }
    }
},
{
    "from": [ 3, 9, 2.5 ],
    "to": [ 4, 10, 12 ],
    "rotation": { "origin": [ 3, 10, 2.5 ], "axis": "z", "angle": 22.5 },
    "faces": {
        "down":  { "uv": [ 13, 12, 12, 2.5 ], "texture": "#wool_colored_brown" },
        "up":    { "uv": [ 3, 2.5, 4, 12 ], "texture": "#wool_colored_white" },
        "north": { "uv": [ 12, 6, 13, 7 ], "texture": "#wool_colored_brown" },
        "south": { "uv": [ 3, 6, 4, 7 ], "texture": "#wool_colored_white" },
        "west":  { "uv": [ 2.5, 6, 12, 7 ], "texture": "#wool_colored_brown" },
        "east":  { "uv": [ 4, 6, 13.5, 7 ], "texture": "#wool_colored_white" }
    }
},
{
    "from": [ 3.5, 8.5, 2.5 ],
    "to": [ 4.5, 9.5, 12 ],
    "rotation": { "origin": [ 3.5, 9.5, 2.5 ], "axis": "z", "angle": -22.5 },
    "faces": {
        "down":  { "uv": [ 13, 12, 12, 2.5 ], "texture": "#wool_colored_brown" },
        "up":    { "uv": [ 3, 2.5, 4, 12 ], "texture": "#wool_colored_white" },
        "north": { "uv": [ 12, 6.5, 13, 7.5 ], "texture": "#wool_colored_brown" },
        "south": { "uv": [ 3, 6.5, 4, 7.5 ], "texture": "#wool_colored_white" },
        "west":  { "uv": [ 2.5, 6.5, 12, 7.5 ], "texture": "#wool_colored_brown" },
        "east":  { "uv": [ 4, 6.5, 13.5, 7.5 ], "texture": "#wool_colored_white" }
    }
},
{
    "from": [ 3.5, 9.5, 11.5 ],
    "to": [ 12.5, 10.5, 12.5 ],
    "rotation": { "origin": [ 3.5, 10.5, 11.5 ], "axis": "x", "angle": 22.5 },
    "faces": {
        "down":  { "uv": [ 12.5, 12.5, 3.5, 11.5 ], "texture": "#wool_colored_brown" },
        "up":    { "uv": [ 3.5, 11.5, 12.5, 12.5 ], "texture": "#wool_colored_white" },
        "north": { "uv": [ 3.5, 6, 12.5, 7 ], "texture": "#wool_colored_brown" },
        "south": { "uv": [ 3.5, 6, 12.5, 7 ], "texture": "#wool_colored_white" },
        "west":  { "uv": [ 11.5, 6, 12.5, 7 ], "texture": "#wool_colored_brown" },
        "east":  { "uv": [ 3.5, 6, 4.5, 7 ], "texture": "#wool_colored_white" }
    }
},
{
    "from": [ 3.5, 8, 11 ],
    "to": [ 12.5, 9, 12 ],
    "rotation": { "origin": [ 3.5, 9, 11 ], "axis": "x", "angle": -22.5 },
    "faces": {
        "down":  { "uv": [ 12.5, 12.5, 3.5, 11.5 ], "texture": "#hardened_clay_stained_gray" },
        "up":    { "uv": [ 3.5, 11.5, 12.5, 12.5 ], "texture": "#hardened_clay_stained_gray" },
        "north": { "uv": [ 3.5, 7, 12.5, 8 ], "texture": "#hardened_clay_stained_gray" },
        "south": { "uv": [ 3.5, 7, 12.5, 8 ], "texture": "#hardened_clay_stained_gray" },
        "west":  { "uv": [ 11.5, 7, 12.5, 8 ], "texture": "#hardened_clay_stained_gray" },
        "east":  { "uv": [ 3.5, 7, 4.5, 8 ], "texture": "#hardened_clay_stained_gray" }
    }
},
{
    "from": [ 3.5, 9, 2 ],
    "to": [ 12.5, 10, 3 ],
    "rotation": { "origin": [ 3.5, 10, 2 ], "axis": "x", "angle": -22.5 },
    "faces": {
        "down":  { "uv": [ 12.5, 3, 3.5, 2 ], "texture": "#wool_colored_brown" },
        "up":    { "uv": [ 3.5, 2, 12.5, 3 ], "texture": "#wool_colored_white" },
        "north": { "uv": [ 3.5, 6, 12.5, 7 ], "texture": "#wool_colored_brown" },
        "south": { "uv": [ 3.5, 6, 12.5, 7 ], "texture": "#wool_colored_white" },
        "west":  { "uv": [ 2, 6, 3, 7 ], "texture": "#wool_colored_brown" },
        "east":  { "uv": [ 13, 6, 14, 7 ], "texture": "#wool_colored_white" }
    }
},
{
    "from": [ 3.5, 8.5, 2.5 ],
    "to": [ 12.5, 9.5, 3.5 ],
    "rotation": { "origin": [ 3.5, 9.5, 2.5 ], "axis": "x", "angle": 22.5 },
    "faces": {
        "down":  { "uv": [ 12.5, 3, 3.5, 2 ], "texture": "#hardened_clay_stained_gray" },
        "up":    { "uv": [ 3.5, 2, 12.5, 3 ], "texture": "#hardened_clay_stained_gray" },
        "north": { "uv": [ 3.5, 6, 12.5, 7 ], "texture": "#hardened_clay_stained_gray" },
        "south": { "uv": [ 3.5, 6, 12.5, 7 ], "texture": "#hardened_clay_stained_gray" },
        "west":  { "uv": [ 2, 6, 3, 7 ], "texture": "#hardened_clay_stained_gray" },
        "east":  { "uv": [ 13, 6, 14, 7 ], "texture": "#hardened_clay_stained_gray" }
    }
},
{
    "from": [ 12.5, 9.5, 2.5 ],
    "to": [ 13.5, 10.5, 12 ],
    "rotation": { "origin": [ 12.5, 10.5, 2.5 ], "axis": "z", "angle": -22.5 },
    "faces": {
        "down":  { "uv": [ 3.5, 12, 2.5, 2.5 ], "texture": "#hardened_clay_stained_gray" },
        "up":    { "uv": [ 12.5, 2.5, 13.5, 12 ], "texture": "#hardened_clay_stained_gray" },
        "north": { "uv": [ 2.5, 5.5, 3.5, 6.5 ], "texture": "#hardened_clay_stained_gray" },
        "south": { "uv": [ 12.5, 5.5, 13.5, 6.5 ], "texture": "#hardened_clay_stained_gray" },
        "west":  { "uv": [ 2.5, 5.5, 12, 6.5 ], "texture": "#hardened_clay_stained_gray" },
        "east":  { "uv": [ 4, 5.5, 13.5, 6.5 ], "texture": "#hardened_clay_stained_gray" }
    }
},
{
    "from": [ 12, 8, 2.5 ],
    "to": [ 13, 9, 12 ],
    "rotation": { "origin": [ 12, 9, 2.5 ], "axis": "z", "angle": 22.5 },
    "faces": {
        "down":  { "uv": [ 3.5, 12, 2.5, 2.5 ], "texture": "#wool_colored_brown" },
        "up":    { "uv": [ 12.5, 2.5, 13.5, 12 ], "texture": "#wool_colored_white" },
        "north": { "uv": [ 2.5, 7, 3.5, 8 ], "texture": "#wool_colored_brown" },
        "south": { "uv": [ 12.5, 7, 13.5, 8 ], "texture": "#wool_colored_white" },
        "west":  { "uv": [ 2.5, 7, 12, 8 ], "texture": "#wool_colored_brown" },
        "east":  { "uv": [ 4, 7, 13.5, 8 ], "texture": "#wool_colored_white" }
    }
},
{
    "__comment": "side*",
    "from": [ 3.5, 6.5, 2 ],
    "to": [ 12.5, 8.5, 3 ],
    "faces": {
        "down":  { "uv": [ 12.5, 3, 3.5, 2 ], "texture": "#wool_colored_white" },
        "up":    { "uv": [ 3.5, 2, 12.5, 3 ], "texture": "#wool_colored_white" },
        "north": { "uv": [ 3.5, 7.5, 12.5, 9.5 ], "texture": "#wool_colored_white" },
        "south": { "uv": [ 3.5, 7.5, 12.5, 9.5 ], "texture": "#wool_colored_white" },
        "west":  { "uv": [ 2, 7.5, 3, 9.5 ], "texture": "#wool_colored_white" },
        "east":  { "uv": [ 13, 7.5, 14, 9.5 ], "texture": "#wool_colored_white" }
    }
},
{
    "__comment": "side*",
    "from": [ 3, 6.5, 2.5 ],
    "to": [ 4, 8.5, 12 ],
    "faces": {
        "down":  { "uv": [ 13, 12, 12, 2.5 ], "texture": "#wool_colored_brown" },
        "up":    { "uv": [ 3, 2.5, 4, 12 ], "texture": "#wool_colored_white" },
        "north": { "uv": [ 12, 7.5, 13, 9.5 ], "texture": "#wool_colored_brown" },
        "south": { "uv": [ 3, 7.5, 4, 9.5 ], "texture": "#wool_colored_white" },
        "west":  { "uv": [ 2.5, 7.5, 12, 9.5 ], "texture": "#wool_colored_brown" },
        "east":  { "uv": [ 4, 7.5, 13.5, 9.5 ], "texture": "#wool_colored_white" }
    }
},
{
    "__comment": "side*",
    "from": [ 3.5, 6.5, 11.5 ],
    "to": [ 12.5, 8.5, 12.5 ],
    "faces": {
        "down":  { "uv": [ 12.5, 12.5, 3.5, 11.5 ], "texture": "#wool_colored_brown" },
        "up":    { "uv": [ 3.5, 11.5, 12.5, 12.5 ], "texture": "#wool_colored_white" },
        "north": { "uv": [ 3.5, 7.5, 12.5, 9.5 ], "texture": "#wool_colored_brown" },
        "south": { "uv": [ 3.5, 7.5, 12.5, 9.5 ], "texture": "#wool_colored_white" },
        "west":  { "uv": [ 11.5, 7.5, 12.5, 9.5 ], "texture": "#wool_colored_brown" },
        "east":  { "uv": [ 3.5, 7.5, 4.5, 9.5 ], "texture": "#wool_colored_white" }
    }
},
{
    "__comment": "side*",
    "from": [ 12.5, 6.5, 2.5 ],
    "to": [ 13.5, 8.5, 12 ],
    "faces": {
        "down":  { "uv": [ 3.5, 12, 2.5, 2.5 ], "texture": "#wool_colored_brown" },
        "up":    { "uv": [ 12.5, 2.5, 13.5, 12 ], "texture": "#wool_colored_white" },
        "north": { "uv": [ 2.5, 7.5, 3.5, 9.5 ], "texture": "#wool_colored_brown" },
        "south": { "uv": [ 12.5, 7.5, 13.5, 9.5 ], "texture": "#wool_colored_white" },
        "west":  { "uv": [ 2.5, 7.5, 12, 9.5 ], "texture": "#wool_colored_brown" },
        "east":  { "uv": [ 4, 7.5, 13.5, 9.5 ], "texture": "#wool_colored_white" }
    }
},
{
    "from": [ 4.5, 6.5, 13 ],
    "to": [ 11.5, 10, 13.0625 ],
    "faces": {
        "south": { "uv": [ 0, 0, 16, 8.5 ], "texture": "#double_plant_sunflower_front" }
    }
},
{
    "from": [ 8, 18.5, 6.5 ],
    "to": [ 20, 19.5, 7.5 ],
    "rotation": { "origin": [ 8, 19.5, 6.5 ], "axis": "z", "angle": -22.5 },
    "faces": {
        "down":  { "uv": [ 9, 7, 0, 6 ], "texture": "#wool_colored_brown" },
        "up":    { "uv": [ 7, 6, 16, 7 ], "texture": "#wool_colored_brown" },
        "north": { "uv": [ 0, 0, 9, 0 ], "texture": "#wool_colored_brown" },
        "south": { "uv": [ 7, 0, 16, 0 ], "texture": "#wool_colored_brown" },
        "west":  { "uv": [ 6, 0, 7, 0 ], "texture": "#wool_colored_brown" },
        "east":  { "uv": [ 9, 0, 10, 0 ], "texture": "#wool_colored_white" }
    }
},
{
    "from": [ 8, 13, 6.5 ],
    "to": [ 8.5, 18.5, 7 ],
    "rotation": { "origin": [ 8, 18.5, 6.5 ], "axis": "z", "angle": 45 },
    "faces": {
        "down":  { "uv": [ 9.5, 9, 9, 8 ], "texture": "#wool_colored_brown" },
        "up":    { "uv": [ 6.5, 8, 7, 9 ], "texture": "#wool_colored_brown" },
        "north": { "uv": [ 9, 0, 9.5, 0 ], "texture": "#wool_colored_brown" },
        "south": { "uv": [ 6.5, 0, 7, 0 ], "texture": "#wool_colored_brown" },
        "west":  { "uv": [ 8, 0, 9, 0 ], "texture": "#wool_colored_brown" },
        "east":  { "uv": [ 7, 0, 8, 0 ], "texture": "#wool_colored_brown" }
    }
},
{
    "from": [ 8.45159, 13.5, 7 ],
    "to": [ 8.95159, 19, 7.5 ],
    "rotation": { "origin": [ 8.45159, 19, 7 ], "axis": "z", "angle": -45 },
    "faces": {
        "down":  { "uv": [ 9.5, 9, 9, 8 ], "texture": "#wool_colored_brown" },
        "up":    { "uv": [ 6.5, 8, 7, 9 ], "texture": "#wool_colored_brown" },
        "north": { "uv": [ 9, 0, 9.5, 0 ], "texture": "#wool_colored_brown" },
        "south": { "uv": [ 6.5, 0, 7, 0 ], "texture": "#wool_colored_brown" },
        "west":  { "uv": [ 8, 0, 9, 0 ], "texture": "#wool_colored_brown" },
        "east":  { "uv": [ 7, 0, 8, 0 ], "texture": "#wool_colored_brown" }
    }
},
{
    "from": [ 8, 18, 7.5 ],
    "to": [ 8.5, 18.5, 13 ],
    "rotation": { "origin": [ 8, 18.5, 7.5 ], "axis": "x", "angle": 45 },
    "faces": {
        "down":  { "uv": [ 8, 9, 7.5, 2.5 ], "texture": "#wool_colored_brown" },
        "up":    { "uv": [ 8, 2.5, 8.5, 9 ], "texture": "#wool_colored_white" },
        "north": { "uv": [ 7.5, 0, 8, 0 ], "texture": "#wool_colored_brown" },
        "south": { "uv": [ 8, 0, 8.5, 0 ], "texture": "#wool_colored_white" },
        "west":  { "uv": [ 2.5, 0, 9, 0 ], "texture": "#wool_colored_brown" },
        "east":  { "uv": [ 7, 0, 13.5, 0 ], "texture": "#wool_colored_white" }
    }
},
{
    "from": [ 8, 14.5, 3 ],
    "to": [ 8.5, 15, 8.5 ],
    "rotation": { "origin": [ 8, 15, 3 ], "axis": "x", "angle": -45 },
    "faces": {
        "down":  { "uv": [ 8, 9, 7.5, 2.5 ], "texture": "#wool_colored_brown" },
        "up":    { "uv": [ 8, 2.5, 8.5, 9 ], "texture": "#wool_colored_brown" },
        "north": { "uv": [ 7.5, 0, 8, 0 ], "texture": "#wool_colored_brown" },
        "south": { "uv": [ 8, 0, 8.5, 0 ], "texture": "#wool_colored_brown" },
        "west":  { "uv": [ 2.5, 0, 9, 0 ], "texture": "#wool_colored_brown" },
        "east":  { "uv": [ 7, 0, 13.5, 0 ], "texture": "#wool_colored_brown" }
    }
}
],
"display": {
    "thirdperson_righthand": {
        "rotation": [ 101, 180, 0 ],
        "translation": [ -6.24, -1.32, 9.64 ],
        "scale": [ 1, 1, 1 ]
    },
    "thirdperson_lefthand": {
        "rotation": [ 13, -58, 0 ],
        "translation": [ -6.24, -0.94, 7.94 ],
        "scale": [ 1.17, 0.16, -0.13 ]
    },
    "head": {
        "rotation": [ 26, 180, 0 ],
        "translation": [ -0.19, -3.21, -2.65 ],
        "scale": [ 2, 2, 2 ]
    },
    "ground": {
        "rotation": [ 0, 0, 0 ],
        "translation": [ 0, 0, 0 ],
        "scale": [ 0.3, 0.3, 0.3 ]
    },
    "fixed": {
        "rotation": [ 35, 89, 10 ],
        "translation": [ 0, -5.48, 5.67 ],
        "scale": [ 1.5, 1.5, 1.5 ]
    },
    "firstperson_righthand": {
        "rotation": [ 0, 0, 0 ],
        "translation": [ 0, 0, 0 ],
        "scale": [ 2.08, -0.72, 1 ]
    },
    "firstperson_lefthand": {
        "rotation": [ 60, 0, 0 ],
        "translation": [ 7.94, 0, 0 ],
        "scale": [ 1, 1, 1 ]
    },
    "gui": {
        "rotation": [ 0, 0, -45 ],
        "translation": [ -3.02, -1.32, 0 ],
        "scale": [ 0.8, 0.8, 0.8 ]
    }
}
}