{
  "entity.warden.agitated": {
    "sounds": [
      "mob/warden/agitated_1",
      "mob/warden/agitated_2",
      "mob/warden/agitated_3",
      "mob/warden/agitated_4",
      "mob/warden/agitated_5",
      "mob/warden/agitated_6"
    ]
  },
  "entity.warden.ambient": {
    "sounds": [
      "mob/warden/ambient_1",
      "mob/warden/ambient_10",
      "mob/warden/ambient_11",
      "mob/warden/ambient_12",
      "mob/warden/ambient_2",
      "mob/warden/ambient_3",
      "mob/warden/ambient_4",
      "mob/warden/ambient_5",
      "mob/warden/ambient_6",
      "mob/warden/ambient_7",
      "mob/warden/ambient_8",
      "mob/warden/ambient_9"
    ]
  },
  "entity.warden.angry": {
    "sounds": [
      "mob/warden/angry_1",
      "mob/warden/angry_2",
      "mob/warden/angry_3",
      "mob/warden/angry_4",
      "mob/warden/angry_5",
      "mob/warden/angry_6"
    ]
  },
  "entity.warden.attack_impact": {
    "sounds": [
      "mob/warden/attack_impact_1",
      "mob/warden/attack_impact_2"
    ]
  },
  "entity.warden.death": {
    "sounds": [
      "mob/warden/death_1",
      "mob/warden/death_2"
    ]
  },
  "entity.warden.dig": {
    "sounds": [
      "mob/warden/dig"
    ]
  },
  "entity.warden.emerge": {
    "sounds": [
      "mob/warden/emerge"
    ]
  },
  "entity.warden.heartbeat": {
    "sounds": [
      "mob/warden/heartbeat_1",
      "mob/warden/heartbeat_2",
      "mob/warden/heartbeat_3",
      "mob/warden/heartbeat_4"
    ]
  },
  "entity.warden.hurt": {
    "sounds": [
      "mob/warden/hurt_1",
      "mob/warden/hurt_2",
      "mob/warden/hurt_3",
      "mob/warden/hurt_4"
    ]
  },
  "entity.warden.listening": {
    "sounds": [
      "mob/warden/listening_1",
      "mob/warden/listening_2",
      "mob/warden/listening_3",
      "mob/warden/listening_4",
      "mob/warden/listening_5"
    ]
  },
  "entity.warden.listening_angry": {
    "sounds": [
      "mob/warden/listening_angry_1",
      "mob/warden/listening_angry_2",
      "mob/warden/listening_angry_3",
      "mob/warden/listening_angry_4",
      "mob/warden/listening_angry_5"
    ]
  },
  "entity.warden.nearby_close": {
    "sounds": [
      "mob/warden/nearby_close_1",
      "mob/warden/nearby_close_2",
      "mob/warden/nearby_close_3",
      "mob/warden/nearby_close_4"
    ]
  },
  "entity.warden.nearby_closer": {
    "sounds": [
      "mob/warden/nearby_closer_1",
      "mob/warden/nearby_closer_2",
      "mob/warden/nearby_closer_3"
    ]
  },
  "entity.warden.nearby_closest": {
    "sounds": [
      "mob/warden/nearby_closest_1",
      "mob/warden/nearby_closest_2",
      "mob/warden/nearby_closest_3"
    ]
  },
  "entity.warden.roar": {
    "sounds": [
      "mob/warden/roar_1",
      "mob/warden/roar_2",
      "mob/warden/roar_3",
      "mob/warden/roar_4",
      "mob/warden/roar_5"
    ]
  },
  "entity.warden.sniff": {
    "sounds": [
      "mob/warden/sniff_1",
      "mob/warden/sniff_2",
      "mob/warden/sniff_3",
      "mob/warden/sniff_4"
    ]
  },
  "entity.warden.sonic_boom": {
    "sounds": [
      "mob/warden/sonic_boom1",
      "mob/warden/sonic_boom2",
      "mob/warden/sonic_boom3",
      "mob/warden/sonic_boom4"
    ]
  },
  "entity.warden.sonic_charge": {
    "sounds": [
      "mob/warden/sonic_charge1",
      "mob/warden/sonic_charge2",
      "mob/warden/sonic_charge3",
      "mob/warden/sonic_charge4"
    ]
  },
  "entity.warden.step": {
    "sounds": [
      "mob/warden/step_1",
      "mob/warden/step_2",
      "mob/warden/step_3",
      "mob/warden/step_4"
    ]
  },
  "entity.warden.tendril_clicks": {
    "sounds": [
      "mob/warden/tendril_clicks_1",
      "mob/warden/tendril_clicks_2",
      "mob/warden/tendril_clicks_3",
      "mob/warden/tendril_clicks_4",
      "mob/warden/tendril_clicks_5",
      "mob/warden/tendril_clicks_6" 
    ]
  }
}