{
"__comment": "Designed by Flashtt with BDcraft Cubik PRO 0.96 Beta - http://bdcraft.net",
"textures": {
    "normal": "entity/chest/normal"
},
"elements": [ 
{
    "__comment": "up10",
    "from": [ 0, 20, 8 ],
    "to": [ 16, 25, 24 ],
    "rotation": { "origin": [ 0, 25, 8 ], "axis": "x", "angle": 45 },
    "faces": {
        "down":  { "uv": [ 10.5, 3.5, 7, 0 ], "rotation": 180, "texture": "#normal" },
        "up":    { "uv": [ 3.5, 0, 7, 3.5 ], "rotation": 180, "texture": "#normal" },
        "north": { "uv": [ 3.5, 3.5, 7, 4.6875 ], "texture": "#normal" },
        "south": { "uv": [ 7, 3.5, 10.5, 4.6875 ], "texture": "#normal" },
        "west":  { "uv": [ 0, 3.5, 3.5, 4.6875 ], "texture": "#normal" },
        "east":  { "uv": [ 10.5, 3.5, 14, 4.6875 ], "texture": "#normal" }
    }
},
{
    "__comment": "down",
    "from": [ 0, -11, 4.5 ],
    "to": [ 16, -1, 20.5 ],
    "rotation": { "origin": [ 0, -1, 4.5 ], "axis": "x", "angle": -45 },
    "faces": {
        "down":  { "uv": [ 7, 4.75, 10.5, 8.125 ], "texture": "#normal" },
        "up":    { "uv": [ 3.5, 4.75, 7, 8.125 ], "rotation": 180, "texture": "#normal" },
        "north": { "uv": [ 3.5, 8.25, 7, 10.625 ], "texture": "#normal" },
        "south": { "uv": [ 7, 8.25, 10.5, 10.625 ], "texture": "#normal" },
        "west":  { "uv": [ 0, 8.25, 3.5, 10.625 ], "texture": "#normal" },
        "east":  { "uv": [ 10.5, 8.25, 14, 10.625 ], "texture": "#normal" }
    }
},
{
    "__comment": "up",
    "from": [ 7, 19.5, 5 ],
    "to": [ 9.5, 23.5, 6 ],
    "rotation": { "origin": [ 7, 23.5, 5 ], "axis": "x", "angle": 45 },
    "faces": {
        "down":  { "uv": [ 0.75, 0, 1.25, 0.3 ], "rotation": 90, "texture": "#normal" },
        "up":    { "uv": [ 0.25, 0, 0.75, 0.30000001192092896 ], "rotation": 270, "texture": "#normal" },
        "north": { "uv": [ 0.25, 0.30000001192092896, 0.75, 1.25 ], "texture": "#normal" },
        "south": { "uv": [ 0.75, 0.30000001192092896, 1.25, 1.25 ], "texture": "#normal" },
        "west":  { "uv": [ 1.25, 0.30000001192092896, 1.5, 1.25 ], "texture": "#normal" },
        "east":  { "uv": [ 0, 0.30000001192092896, 0.25, 1.25 ], "texture": "#normal" }
    }
}
],
"display": {
    "head": {
        "rotation": [ 45, 0, 0 ],
        "translation": [ 0, -24, 0 ],
        "scale": [ 1.35, 1.35, 1.35 ]
    }
}
}