{
"__comment": "Designed in the where Naoxia with PRO 0.9999",
"textures": {
    "prismarine_rough": "blocks/prismarine_rough",
    "repeating_command_block_back": "blocks/repeating_command_block_back",
    "iron_block": "blocks/iron_block",
    "door_iron_lower": "blocks/door_iron_lower",
    "lava_flow": "blocks/lava_flow",
    "ice_packed": "blocks/ice_packed"
},
"elements": [ 
{
    "__comment": "RightArm",
    "from": [ -2.5, 9, -0.5 ],
    "to": [ -1.5, 9.5, 9 ],
    "rotation": { "origin": [ -2.5, 9.5, -0.5 ], "axis": "x", "angle": 22.5 },
    "faces": {
        "up":    { "uv": [ 0, 8, 0, 16 ], "texture": "#iron_block" },
        "north": { "uv": [ 16, 5.5, 16, 6.5 ], "texture": "#iron_block" },
        "south": { "uv": [ 0, 5.5, 0, 6.5 ], "texture": "#iron_block" },
        "west":  { "uv": [ 8, 5.5, 16, 6.5 ], "texture": "#iron_block" },
        "east":  { "uv": [ 0, 5.5, 8, 6.5 ], "texture": "#iron_block" }
    }
},
{
    "__comment": "RightArm",
    "from": [ -1.5, 9, 0.5 ],
    "to": [ -0.5, 9.5, 9 ],
    "rotation": { "origin": [ -1.5, 9.5, 0.5 ], "axis": "x", "angle": 22.5 },
    "faces": {
        "up":    { "uv": [ 0, 8, 0, 16 ], "texture": "#door_iron_lower" },
        "north": { "uv": [ 16, 5.5, 16, 6.5 ], "texture": "#door_iron_lower" },
        "south": { "uv": [ 0, 5.5, 0, 6.5 ], "texture": "#door_iron_lower" },
        "west":  { "uv": [ 8, 5.5, 16, 6.5 ], "texture": "#door_iron_lower" },
        "east":  { "uv": [ 0, 5.5, 8, 6.5 ], "texture": "#door_iron_lower" }
    }
},
{
    "__comment": "RightArm",
    "from": [ -0.5, 8, 1.5 ],
    "to": [ 0.5, 8.5, 8 ],
    "rotation": { "origin": [ -0.5, 8.5, 1.5 ], "axis": "x", "angle": 22.5 },
    "faces": {
        "up":    { "uv": [ 0, 8, 0, 16 ], "texture": "#iron_block" },
        "north": { "uv": [ 16, 5.5, 16, 6.5 ], "texture": "#iron_block" },
        "south": { "uv": [ 0, 5.5, 0, 6.5 ], "texture": "#iron_block" },
        "west":  { "uv": [ 8, 5.5, 16, 6.5 ], "texture": "#iron_block" },
        "east":  { "uv": [ 0, 5.5, 8, 6.5 ], "texture": "#iron_block" }
    }
},
{
    "__comment": "RightArm",
    "from": [ -3.5, 8, 1 ],
    "to": [ -2.5, 8.5, 9 ],
    "rotation": { "origin": [ -3.5, 8.5, 1 ], "axis": "x", "angle": 22.5 },
    "faces": {
        "up":    { "uv": [ 0, 8, 0, 16 ], "texture": "#ice_packed" },
        "north": { "uv": [ 16, 5.5, 16, 6.5 ], "texture": "#ice_packed" },
        "south": { "uv": [ 0, 5.5, 0, 6.5 ], "texture": "#ice_packed" },
        "west":  { "uv": [ 8, 5.5, 16, 6.5 ], "texture": "#ice_packed" },
        "east":  { "uv": [ 0, 5.5, 8, 6.5 ], "texture": "#texture" }
    }
},
{
    "__comment": "RightArm",
    "from": [ -4, 8.5, -2.5 ],
    "to": [ -3.5, 9.5, 7 ],
    "rotation": { "origin": [ -4, 9.5, -2.5 ], "axis": "x", "angle": 22.5 },
    "faces": {
        "up":    { "uv": [ 0, 8, 0, 16 ], "texture": "#iron_block" },
        "north": { "uv": [ 16, 5.5, 16, 6.5 ], "texture": "#iron_block" },
        "south": { "uv": [ 0, 5.5, 0, 6.5 ], "texture": "#iron_block" },
        "west":  { "uv": [ 8, 5.5, 16, 6.5 ], "texture": "#iron_block" },
        "east":  { "uv": [ 0, 5.5, 8, 6.5 ], "texture": "#iron_block" }
    }
},
{
    "__comment": "RightArm",
    "from": [ -4.5, 8.5, -7 ],
    "to": [ -4, 9.5, 7 ],
    "rotation": { "origin": [ -4.5, 9.5, -7 ], "axis": "x", "angle": 22.5 },
    "faces": {
        "up":    { "uv": [ 0, 8, 0, 16 ], "texture": "#door_iron_lower" },
        "south": { "uv": [ 0, 5.5, 0, 6.5 ], "texture": "#door_iron_lower" },
        "west":  { "uv": [ 8, 5.5, 16, 6.5 ], "texture": "#door_iron_lower" },
        "east":  { "uv": [ 0, 5.5, 8, 6.5 ], "texture": "#door_iron_lower" }
    }
},
{
    "__comment": "RightArm",
    "from": [ -4.5, 7, -5.5 ],
    "to": [ -4, 8, 3 ],
    "rotation": { "origin": [ -4.5, 8, -5.5 ], "axis": "x", "angle": 22.5 },
    "faces": {
        "up":    { "uv": [ 0, 8, 0, 16 ], "texture": "#iron_block" },
        "north": { "uv": [ 16, 5.5, 16, 6.5 ], "texture": "#iron_block" },
        "south": { "uv": [ 0, 5.5, 0, 6.5 ], "texture": "#iron_block" },
        "west":  { "uv": [ 8, 5.5, 16, 6.5 ], "texture": "#iron_block" },
        "east":  { "uv": [ 0, 5.5, 8, 6.5 ], "texture": "#iron_block" }
    }
},
{
    "__comment": "RightArm",
    "from": [ -4, 8.5, -5 ],
    "to": [ -3.5, 9.5, 4.5 ],
    "rotation": { "origin": [ -4, 9.5, -5 ], "axis": "x", "angle": 22.5 },
    "faces": {
        "up":    { "uv": [ 0, 8, 0, 16 ], "texture": "#iron_block" },
        "north": { "uv": [ 16, 5.5, 16, 6.5 ], "texture": "#iron_block" },
        "south": { "uv": [ 0, 5.5, 0, 6.5 ], "texture": "#iron_block" },
        "west":  { "uv": [ 8, 5.5, 16, 6.5 ], "texture": "#iron_block" },
        "east":  { "uv": [ 0, 5.5, 8, 6.5 ], "texture": "#iron_block" }
    }
},
{
    "__comment": "RightArm",
    "from": [ -4, 8, -10.5 ],
    "to": [ -3.5, 9.5, 8 ],
    "rotation": { "origin": [ -4, 9.5, -10.5 ], "axis": "x", "angle": 22.5 },
    "faces": {
        "up":    { "uv": [ 0, 8, 0, 16 ], "texture": "#door_iron_lower" },
        "north": { "uv": [ 16, 5.5, 16, 6.5 ], "texture": "#door_iron_lower" },
        "south": { "uv": [ 0, 5.5, 0, 6.5 ], "texture": "#door_iron_lower" },
        "west":  { "uv": [ 8, 5.5, 16, 6.5 ], "texture": "#door_iron_lower" },
        "east":  { "uv": [ 0, 5.5, 8, 6.5 ], "texture": "#door_iron_lower" }
    }
},
{
    "__comment": "RightArm",
    "from": [ -1.5, 5, -4 ],
    "to": [ -0.5, 5.5, 5.5 ],
    "rotation": { "origin": [ -1.5, 5.5, -4 ], "axis": "x", "angle": 22.5 },
    "faces": {
        "up":    { "uv": [ 0, 8, 0, 16 ], "texture": "#iron_block" },
        "north": { "uv": [ 16, 5.5, 16, 6.5 ], "texture": "#iron_block" },
        "south": { "uv": [ 0, 5.5, 0, 6.5 ], "texture": "#iron_block" },
        "west":  { "uv": [ 8, 5.5, 16, 6.5 ], "texture": "#iron_block" },
        "east":  { "uv": [ 0, 5.5, 8, 6.5 ], "texture": "#iron_block" }
    }
},
{
    "__comment": "RightArm",
    "from": [ -3.5, 6.5, -8 ],
    "to": [ -2.5, 7, 9 ],
    "rotation": { "origin": [ -3.5, 7, -8 ], "axis": "x", "angle": 22.5 },
    "faces": {
        "up":    { "uv": [ 0, 8, 0, 16 ], "texture": "#iron_block" },
        "north": { "uv": [ 16, 5.5, 16, 6.5 ], "texture": "#iron_block" },
        "south": { "uv": [ 0, 5.5, 0, 6.5 ], "texture": "#iron_block" },
        "west":  { "uv": [ 8, 5.5, 16, 6.5 ], "texture": "#iron_block" },
        "east":  { "uv": [ 0, 5.5, 8, 6.5 ], "texture": "#iron_block" }
    }
},
{
    "__comment": "RightArm",
    "from": [ -2.5, 6, -6.5 ],
    "to": [ -1.5, 6.5, 4 ],
    "rotation": { "origin": [ -2.5, 6.5, -6.5 ], "axis": "x", "angle": 22.5 },
    "faces": {
        "up":    { "uv": [ 0, 8, 0, 16 ], "texture": "#iron_block" },
        "north": { "uv": [ 16, 5.5, 16, 6.5 ], "texture": "#iron_block" },
        "south": { "uv": [ 0, 5.5, 0, 6.5 ], "texture": "#iron_block" },
        "west":  { "uv": [ 8, 5.5, 16, 6.5 ], "texture": "#iron_block" },
        "east":  { "uv": [ 0, 5.5, 8, 6.5 ], "texture": "#iron_block" }
    }
},
{
    "__comment": "RightArm",
    "from": [ -0.5, 5, -4.5 ],
    "to": [ 0.5, 5.5, 5 ],
    "rotation": { "origin": [ -0.5, 5.5, -4.5 ], "axis": "x", "angle": 22.5 },
    "faces": {
        "up":    { "uv": [ 0, 8, 0, 16 ], "texture": "#iron_block" },
        "south": { "uv": [ 0, 5.5, 0, 6.5 ], "texture": "#iron_block" },
        "west":  { "uv": [ 8, 5.5, 16, 6.5 ], "texture": "#iron_block" },
        "east":  { "uv": [ 0, 5.5, 8, 6.5 ], "texture": "#iron_block" }
    }
},
{
    "__comment": "RightArm",
    "from": [ -9.5, 9.5, 6.125 ],
    "to": [ -5, 10, 6.625 ],
    "rotation": { "origin": [ -9.5, 10, 6.125 ], "axis": "z", "angle": -45 },
    "faces": {
        "down":  { "uv": [ 16, 16, 16, 8 ], "texture": "#ice_packed" },
        "up":    { "uv": [ 0, 8, 0, 16 ], "texture": "#ice_packed" },
        "north": { "uv": [ 16, 5.5, 16, 6.5 ], "texture": "#ice_packed" },
        "south": { "uv": [ 0, 5.5, 0, 6.5 ], "texture": "#ice_packed" },
        "west":  { "uv": [ 8, 5.5, 16, 6.5 ], "texture": "#ice_packed" }
    }
},
{
    "__comment": "RightArm",
    "from": [ -0.5, 13.5, -5 ],
    "to": [ 4, 18, -0.5 ],
    "faces": {
        "down":  { "uv": [ 16, 0, 12, 0 ], "texture": "#prismarine_rough" },
        "up":    { "uv": [ 0, 0, 4, 0 ], "texture": "#prismarine_rough" },
        "north": { "uv": [ 12, 0, 16, 2.5 ], "texture": "#prismarine_rough" },
        "south": { "uv": [ 0, 0, 4, 2.5 ], "texture": "#prismarine_rough" },
        "west":  { "uv": [ 0, 0, 0, 2.5 ], "texture": "#prismarine_rough" },
        "east":  { "uv": [ 16, 0, 16, 2.5 ], "texture": "#prismarine_rough" }
    }
},
{
    "__comment": "RightArm",
    "from": [ -3, 9.5, -4 ],
    "to": [ 0.5, 12.5, -2 ],
    "rotation": { "origin": [ -3, 12.5, -4 ], "axis": "z", "angle": -22.5 },
    "faces": {
        "down":  { "uv": [ 0, 0, 16, 16 ], "texture": "#door_iron_lower" },
        "up":    { "uv": [ 0, 0, 16, 16 ], "texture": "#door_iron_lower" },
        "north": { "uv": [ 0, 0, 16, 16 ], "texture": "#door_iron_lower" },
        "south": { "uv": [ 0, 0, 16, 16 ], "texture": "#door_iron_lower" },
        "west":  { "uv": [ 0, 0, 16, 16 ], "texture": "#door_iron_lower" }
    }
},
{
    "__comment": "RightArm",
    "from": [ -1, 11, -4.5 ],
    "to": [ 3, 17, -1 ],
    "rotation": { "origin": [ -1, 17, -4.5 ], "axis": "z", "angle": -22.5 },
    "faces": {
        "down":  { "uv": [ 16, 9, 13, 5.5 ], "texture": "#prismarine_rough" },
        "up":    { "uv": [ 0, 5.5, 3, 9 ], "texture": "#prismarine_rough" },
        "north": { "uv": [ 0, 0, 16, 16 ], "texture": "#prismarine_rough" },
        "south": { "uv": [ 0, 0.5, 16, 16 ], "texture": "#prismarine_rough" },
        "west":  { "uv": [ 0, 0, 16, 16 ], "texture": "#prismarine_rough" },
        "east":  { "uv": [ 0, 0, 16, 16 ], "texture": "#prismarine_rough" }
    }
},
{
    "__comment": "RightArm",
    "from": [ -3.5, 18, -0.5 ],
    "to": [ -2, 19.5, 0.5 ],
    "rotation": { "origin": [ -3.5, 19.5, -0.5 ], "axis": "z", "angle": -45 },
    "faces": {
        "down":  { "uv": [ 16, 9, 13, 5.5 ], "texture": "#door_iron_lower" },
        "up":    { "uv": [ 0, 5.5, 3, 9 ], "texture": "#door_iron_lower" },
        "south": { "uv": [ 0, 0.5, 16, 16 ], "texture": "#door_iron_lower" },
        "west":  { "uv": [ 0, 0, 16, 16 ], "texture": "#door_iron_lower" },
        "east":  { "uv": [ 0, 0, 16, 16 ], "texture": "#door_iron_lower" }
    }
},
{
    "__comment": "RightArm",
    "from": [ -3.5, 14, -0.3125 ],
    "to": [ -2, 16.5, 0.6875 ],
    "rotation": { "origin": [ -3.5, 16.5, -0.3125 ], "axis": "z", "angle": 22.5 },
    "faces": {
        "down":  { "uv": [ 16, 16, 16, 8 ], "texture": "#door_iron_lower" },
        "up":    { "uv": [ 0, 8, 0, 16 ], "texture": "#door_iron_lower" },
        "south": { "uv": [ 0, 5.5, 0, 6.5 ], "texture": "#door_iron_lower" },
        "west":  { "uv": [ 8, 5.5, 16, 6.5 ], "texture": "#door_iron_lower" },
        "east":  { "uv": [ 0, 5.5, 8, 6.5 ], "texture": "#door_iron_lower" }
    }
},
{
    "__comment": "RightArm",
    "from": [ -3.5, 16.5, -0.3125 ],
    "to": [ 4, 18.5, 0.6875 ],
    "faces": {
        "down":  { "uv": [ 16, 9, 13, 5.5 ], "texture": "#ice_packed" },
        "up":    { "uv": [ 0, 5.5, 3, 9 ], "texture": "#ice_packed" },
        "south": { "uv": [ 0, 0.5, 16, 8 ], "texture": "#ice_packed" },
        "west":  { "uv": [ 0, 0, 16, 4 ], "texture": "#ice_packed" },
        "east":  { "uv": [ 0, 0, 16, 4 ], "texture": "#texture" }
    }
},
{
    "__comment": "RightArm",
    "from": [ -2, 14, 0.1875 ],
    "to": [ 3.5, 16.5, 1.1875 ],
    "faces": {
        "up":    { "uv": [ 0, 8, 0, 16 ], "texture": "#door_iron_lower" },
        "south": { "uv": [ 0, 5.5, 0, 6.5 ], "texture": "#iron_block" },
        "west":  { "uv": [ 8, 5.5, 16, 6.5 ], "texture": "#door_iron_lower" },
        "east":  { "uv": [ 0, 5.5, 8, 6.5 ], "texture": "#door_iron_lower" }
    }
},
{
    "__comment": "RightArm",
    "from": [ -3.5, 19, -5.25 ],
    "to": [ -1.5, 19.5, -0.25 ],
    "rotation": { "origin": [ -3.5, 19.5, -5.25 ], "axis": "z", "angle": -22.5 },
    "faces": {
        "up":    { "uv": [ 0, 0, 8.5, 16 ], "texture": "#iron_block" },
        "north": { "uv": [ 0, 5.5, 3, 9 ], "rotation": 180, "texture": "#door_iron_lower" },
        "south": { "uv": [ 16, 9, 13, 5.5 ], "texture": "#door_iron_lower" },
        "west":  { "uv": [ 0, 0, 16, 4 ], "rotation": 270, "texture": "#door_iron_lower" },
        "east":  { "uv": [ 0, 0, 16, 4 ], "rotation": 90, "texture": "#door_iron_lower" }
    }
},
{
    "__comment": "RightArm",
    "from": [ 1.5, 18.5, -5.25 ],
    "to": [ 5, 19, -0.25 ],
    "rotation": { "origin": [ 1.5, 19, -5.25 ], "axis": "z", "angle": -22.5 },
    "faces": {
        "up":    { "uv": [ 0, 0, 8.5, 16 ], "texture": "#iron_block" },
        "north": { "uv": [ 0, 5.5, 3, 9 ], "rotation": 180, "texture": "#door_iron_lower" },
        "south": { "uv": [ 16, 9, 13, 5.5 ], "texture": "#door_iron_lower" },
        "west":  { "uv": [ 0, 0, 16, 4 ], "rotation": 270, "texture": "#door_iron_lower" },
        "east":  { "uv": [ 0, 0, 16, 4 ], "rotation": 90, "texture": "#door_iron_lower" }
    }
},
{
    "__comment": "RightArm",
    "from": [ -2.5, 18.5, -5.25 ],
    "to": [ 1.5, 19, -0.25 ],
    "faces": {
        "up":    { "uv": [ 0, 8, 0, 16 ], "texture": "#iron_block" },
        "north": { "uv": [ 16, 5.5, 16, 6.5 ], "texture": "#door_iron_lower" },
        "south": { "uv": [ 0, 5.5, 0, 6.5 ], "texture": "#door_iron_lower" },
        "west":  { "uv": [ 8, 5.5, 16, 6.5 ], "texture": "#door_iron_lower" },
        "east":  { "uv": [ 0, 5.5, 8, 6.5 ], "texture": "#door_iron_lower" }
    }
},
{
    "__comment": "RightArm",
    "from": [ -3.5, 15.5, -5.25 ],
    "to": [ -2.5, 18.5, -0.25 ],
    "rotation": { "origin": [ -3.5, 18.5, -5.25 ], "axis": "z", "angle": 22.5 },
    "faces": {
        "up":    { "uv": [ 0, 0, 8.5, 16 ], "texture": "#ice_packed" },
        "north": { "uv": [ 0, 5.5, 3, 9 ], "rotation": 180, "texture": "#ice_packed" },
        "south": { "uv": [ 16, 9, 13, 5.5 ], "texture": "#ice_packed" },
        "west":  { "uv": [ 0, 0, 16, 4 ], "rotation": 270, "texture": "#ice_packed" },
        "east":  { "uv": [ 0, 0, 16, 4 ], "rotation": 90, "texture": "#texture" }
    }
},
{
    "__comment": "RightArm",
    "from": [ -3.5, 18, -6 ],
    "to": [ -2, 19.5, -5 ],
    "rotation": { "origin": [ -3.5, 19.5, -6 ], "axis": "z", "angle": -45 },
    "faces": {
        "up":    { "uv": [ 0, 5.5, 3, 9 ], "texture": "#door_iron_lower" },
        "south": { "uv": [ 0, 0.5, 16, 16 ], "texture": "#door_iron_lower" },
        "west":  { "uv": [ 0, 0, 16, 16 ], "texture": "#door_iron_lower" },
        "east":  { "uv": [ 0, 0, 16, 16 ], "texture": "#door_iron_lower" }
    }
},
{
    "__comment": "RightArm",
    "from": [ -3.5, 14.1135, -6.5 ],
    "to": [ -2, 16.6135, -5.5 ],
    "rotation": { "origin": [ -3.5, 16.6135, -6.5 ], "axis": "z", "angle": 22.5 },
    "faces": {
        "down":  { "uv": [ 16, 9, 13, 5.5 ], "texture": "#door_iron_lower" },
        "up":    { "uv": [ 0, 5.5, 3, 9 ], "texture": "#door_iron_lower" },
        "north": { "uv": [ 0, 0, 16, 16 ], "texture": "#door_iron_lower" },
        "west":  { "uv": [ 0, 0, 16, 16 ], "texture": "#door_iron_lower" },
        "east":  { "uv": [ 0, 0, 16, 16 ], "texture": "#door_iron_lower" }
    }
},
{
    "__comment": "RightArm",
    "from": [ -3.5, 16.5, -6.3125 ],
    "to": [ 4, 18.5, -5.3125 ],
    "faces": {
        "down":  { "uv": [ 16, 9, 13, 5.5 ], "texture": "#door_iron_lower" },
        "up":    { "uv": [ 0, 5.5, 3, 9 ], "texture": "#door_iron_lower" },
        "north": { "uv": [ 0, 0, 16, 7 ], "texture": "#iron_block" },
        "west":  { "uv": [ 0, 0, 16, 4 ], "texture": "#door_iron_lower" },
        "east":  { "uv": [ 0, 0, 16, 4 ], "texture": "#door_iron_lower" }
    }
},
{
    "__comment": "RightArm",
    "from": [ -2, 14, -6.3125 ],
    "to": [ 3.5, 16.5, -5.3125 ],
    "faces": {
        "up":    { "uv": [ 0, 5.5, 3, 9 ], "texture": "#door_iron_lower" },
        "south": { "uv": [ 0, 9, 16, 16 ], "texture": "#iron_block" },
        "west":  { "uv": [ 0, 0, 16, 2.5 ], "texture": "#door_iron_lower" },
        "east":  { "uv": [ 0, 0, 16, 3 ], "texture": "#door_iron_lower" }
    }
},
{
    "__comment": "RightArm",
    "from": [ -4, 2, 5.5 ],
    "to": [ -3, 5, 8.5 ],
    "faces": {
        "down":  { "uv": [ 16, 16, 16, 8 ], "texture": "#ice_packed" },
        "up":    { "uv": [ 0, 8, 0, 16 ], "texture": "#ice_packed" },
        "north": { "uv": [ 16, 5.5, 16, 6.5 ], "texture": "#ice_packed" },
        "south": { "uv": [ 0, 5.5, 0, 6.5 ], "texture": "#ice_packed" },
        "west":  { "uv": [ 8, 5.5, 16, 6.5 ], "texture": "#ice_packed" }
    }
},
{
    "__comment": "RightArm",
    "from": [ -3.5, 6, -4 ],
    "to": [ 0, 10.5, 10.5 ],
    "rotation": { "origin": [ -3.5, 10.5, -4 ], "axis": "x", "angle": 22.5 },
    "faces": {
        "down":  { "uv": [ 0, 0, 16, 16 ], "rotation": 270, "texture": "#door_iron_lower" },
        "up":    { "uv": [ 0, 0, 16, 16 ], "rotation": 270, "texture": "#door_iron_lower" },
        "north": { "uv": [ 0, 0, 16, 16 ], "rotation": 90, "texture": "#door_iron_lower" },
        "south": { "uv": [ 0, 0.5, 16, 16 ], "rotation": 270, "texture": "#door_iron_lower" },
        "west":  { "uv": [ 0, 0, 16, 16 ], "rotation": 270, "texture": "#door_iron_lower" },
        "east":  { "uv": [ 0, 0, 16, 16 ], "rotation": 90, "texture": "#door_iron_lower" }
    }
},
{
    "__comment": "RightArm",
    "from": [ -2.5, 1.5, 7 ],
    "to": [ 0.5, 3, 8.5 ],
    "rotation": { "origin": [ -2.5, 3, 7 ], "axis": "z", "angle": -22.5 },
    "faces": {
        "down":  { "uv": [ 0, 0, 16, 16 ], "texture": "#ice_packed" },
        "up":    { "uv": [ 0, 0, 16, 16 ], "texture": "#ice_packed" },
        "north": { "uv": [ 0, 0, 16, 16 ], "texture": "#ice_packed" },
        "south": { "uv": [ 0, 0, 16, 16 ], "texture": "#ice_packed" },
        "west":  { "uv": [ 0, 0, 16, 16 ], "texture": "#ice_packed" }
    }
},
{
    "__comment": "RightArm",
    "from": [ -6.5, 6, 5.625 ],
    "to": [ -1.5, 7.5, 7.125 ],
    "rotation": { "origin": [ -6.5, 7.5, 5.625 ], "axis": "z", "angle": -45 },
    "faces": {
        "down":  { "uv": [ 0, 0, 16, 16 ], "texture": "#ice_packed" },
        "up":    { "uv": [ 0, 0, 16, 16 ], "texture": "#ice_packed" },
        "north": { "uv": [ 0, 0, 16, 16 ], "texture": "#ice_packed" },
        "south": { "uv": [ 0, 0, 16, 16 ], "texture": "#ice_packed" },
        "west":  { "uv": [ 0, 0, 16, 16 ], "texture": "#ice_packed" }
    }
},
{
    "__comment": "hand*",
    "from": [ -5.5, -0.5, 12.5 ],
    "to": [ -1, 6.5, 22.5 ],
    "faces": {
        "down":  { "uv": [ 5, 0, 11, 16 ], "rotation": 90, "texture": "#iron_block" },
        "up":    { "uv": [ 4.5, 0, 11.5, 16 ], "rotation": 90, "texture": "#iron_block" },
        "north": { "uv": [ 0, 0, 16, 16 ], "rotation": 270, "texture": "#iron_block" },
        "south": { "uv": [ 3, 4, 13, 12 ], "rotation": 90, "texture": "#repeating_command_block_back" },
        "west":  { "uv": [ 4.5, 0, 12, 16 ], "texture": "#iron_block" },
        "east":  { "uv": [ 4.5, 0, 11.5, 16 ], "rotation": 180, "texture": "#iron_block" }
    }
},
{
    "__comment": "crow1",
    "from": [ -6.5, 4.5, 22.5 ],
    "to": [ -4, 6, 27.5 ],
    "rotation": { "origin": [ -6.5, 4.5, 22.5 ], "axis": "y", "angle": -45 },
    "faces": {
        "down":  { "uv": [ 0, 0, 16, 16 ], "rotation": 180, "texture": "#door_iron_lower" },
        "up":    { "uv": [ 0, 0.5, 16, 16 ], "texture": "#door_iron_lower" },
        "north": { "uv": [ 3.5, 0, 13, 7.5 ], "rotation": 180, "texture": "#door_iron_lower" },
        "south": { "uv": [ 3, 0, 12.5, 8.5 ], "texture": "#door_iron_lower" },
        "west":  { "uv": [ 0, 0, 16, 16 ], "rotation": 270, "texture": "#door_iron_lower" },
        "east":  { "uv": [ 0, 0, 16, 16 ], "rotation": 90, "texture": "#door_iron_lower" }
    }
},
{
    "__comment": "crow1",
    "from": [ -6, 0, 22 ],
    "to": [ -3.5, 1.5, 27 ],
    "rotation": { "origin": [ -6, 0, 22 ], "axis": "y", "angle": -45 },
    "faces": {
        "down":  { "uv": [ 16, 16, 16, 8 ], "texture": "#door_iron_lower" },
        "up":    { "uv": [ 0, 8, 0, 16 ], "texture": "#door_iron_lower" },
        "north": { "uv": [ 16, 5.5, 16, 6.5 ], "texture": "#door_iron_lower" },
        "south": { "uv": [ 0, 5.5, 0, 6.5 ], "texture": "#door_iron_lower" },
        "west":  { "uv": [ 8, 5.5, 16, 6.5 ], "texture": "#door_iron_lower" },
        "east":  { "uv": [ 0, 5.5, 8, 6.5 ], "texture": "#door_iron_lower" }
    }
},
{
    "__comment": "crow1",
    "from": [ -10, 2.5, 23.9759 ],
    "to": [ -5, 3.5, 26.4759 ],
    "rotation": { "origin": [ -10, 2.5, 23.9759 ], "axis": "y", "angle": 22.5 },
    "faces": {
        "down":  { "uv": [ 0, 0, 16, 16 ], "rotation": 180, "texture": "#door_iron_lower" },
        "up":    { "uv": [ 0, 0.5, 16, 16 ], "texture": "#door_iron_lower" },
        "north": { "uv": [ 3, 0, 13, 11 ], "rotation": 180, "texture": "#door_iron_lower" },
        "south": { "uv": [ 2.5, 0, 13, 10.5 ], "texture": "#door_iron_lower" },
        "west":  { "uv": [ 0, 0, 16, 16 ], "rotation": 270, "texture": "#door_iron_lower" },
        "east":  { "uv": [ 0, 0, 16, 16 ], "rotation": 90, "texture": "#door_iron_lower" }
    }
},
{
    "__comment": "crow2",
    "from": [ 2, 3.5, 21.6952 ],
    "to": [ 3, 4.5, 26.6952 ],
    "rotation": { "origin": [ 2, 3.5, 21.6952 ], "axis": "y", "angle": 22.5 },
    "faces": {
        "up":    { "uv": [ 0, 0.5, 16, 16 ], "texture": "#iron_block" },
        "south": { "uv": [ 16, 9, 13, 5.5 ], "texture": "#iron_block" },
        "west":  { "uv": [ 0, 0, 16, 16 ], "rotation": 270, "texture": "#iron_block" },
        "east":  { "uv": [ 0, 0, 16, 16 ], "rotation": 90, "texture": "#iron_block" }
    }
},
{
    "__comment": "crow2",
    "from": [ 2.5, 1.5, 20.5 ],
    "to": [ 3.5, 2.5, 25 ],
    "faces": {
        "down":  { "uv": [ 16, 16, 16, 8 ], "texture": "#ice_packed" },
        "up":    { "uv": [ 0, 8, 0, 16 ], "texture": "#ice_packed" },
        "north": { "uv": [ 16, 5.5, 16, 6.5 ], "texture": "#ice_packed" },
        "south": { "uv": [ 0, 5.5, 0, 6.5 ], "texture": "#ice_packed" },
        "west":  { "uv": [ 8, 5.5, 16, 6.5 ], "texture": "#ice_packed" },
        "east":  { "uv": [ 0, 5.5, 8, 6.5 ], "texture": "#texture" }
    }
},
{
    "__comment": "crow1",
    "from": [ -8.5, 4.5, 24.5 ],
    "to": [ -7.5, 6, 28 ],
    "rotation": { "origin": [ -8.5, 4.5, 24.5 ], "axis": "y", "angle": 22.5 },
    "faces": {
        "down":  { "uv": [ 0, 0, 16, 16 ], "rotation": 180, "texture": "#door_iron_lower" },
        "up":    { "uv": [ 0, 0.5, 16, 16 ], "texture": "#door_iron_lower" },
        "north": { "uv": [ 0, 0, 16, 16 ], "rotation": 180, "texture": "#door_iron_lower" },
        "south": { "uv": [ 0, 0, 16, 16 ], "texture": "#door_iron_lower" },
        "west":  { "uv": [ 0, 0, 16, 16 ], "rotation": 270, "texture": "#door_iron_lower" },
        "east":  { "uv": [ 0, 0, 16, 16 ], "rotation": 90, "texture": "#door_iron_lower" }
    }
},
{
    "__comment": "crow1",
    "from": [ -8, 0, 27 ],
    "to": [ -4.5, 1.5, 28 ],
    "rotation": { "origin": [ -8, 0, 27 ], "axis": "y", "angle": -45 },
    "faces": {
        "down":  { "uv": [ 0, 0, 16, 16 ], "rotation": 180, "texture": "#door_iron_lower" },
        "up":    { "uv": [ 0, 0.5, 16, 16 ], "texture": "#door_iron_lower" },
        "north": { "uv": [ 0, 0, 16, 16 ], "rotation": 180, "texture": "#door_iron_lower" },
        "south": { "uv": [ 0, 0, 16, 16 ], "texture": "#door_iron_lower" },
        "west":  { "uv": [ 0, 0, 16, 16 ], "rotation": 270, "texture": "#door_iron_lower" },
        "east":  { "uv": [ 0, 0, 16, 16 ], "rotation": 90, "texture": "#door_iron_lower" }
    }
},
{
    "__comment": "crow1",
    "from": [ -10, 2.5, 26 ],
    "to": [ -6.5, 3.5, 27 ],
    "rotation": { "origin": [ -10, 2.5, 26 ], "axis": "y", "angle": -45 },
    "faces": {
        "down":  { "uv": [ 0, 0, 16, 16 ], "rotation": 180, "texture": "#door_iron_lower" },
        "up":    { "uv": [ 0, 0.5, 16, 16 ], "texture": "#door_iron_lower" },
        "north": { "uv": [ 0, 0, 16, 16 ], "rotation": 180, "texture": "#door_iron_lower" },
        "south": { "uv": [ 0, 0, 16, 16 ], "texture": "#door_iron_lower" },
        "west":  { "uv": [ 0, 0, 16, 16 ], "rotation": 270, "texture": "#door_iron_lower" },
        "east":  { "uv": [ 0, 0, 16, 16 ], "rotation": 90, "texture": "#door_iron_lower" }
    }
},
{
    "__comment": "crow2",
    "from": [ -0.5, 3.5, 20 ],
    "to": [ 3, 4.5, 21.5 ],
    "rotation": { "origin": [ -0.5, 3.5, 20 ], "axis": "y", "angle": -22.5 },
    "faces": {
        "down":  { "uv": [ 0, 0, 16, 16 ], "rotation": 180, "texture": "#ice_packed" },
        "up":    { "uv": [ 0, 0.5, 16, 16 ], "texture": "#ice_packed" },
        "north": { "uv": [ 0, 5.5, 3, 9 ], "rotation": 180, "texture": "#ice_packed" },
        "south": { "uv": [ 16, 9, 13, 5.5 ], "texture": "#ice_packed" },
        "west":  { "uv": [ 0, 0, 16, 16 ], "rotation": 270, "texture": "#ice_packed" },
        "east":  { "uv": [ 0, 0, 16, 16 ], "rotation": 90, "texture": "#texture" }
    }
},
{
    "__comment": "crow2",
    "from": [ 0, 1.5, 19.5 ],
    "to": [ 3, 2.5, 21.5 ],
    "faces": {
        "down":  { "uv": [ 16, 16, 16, 8 ], "texture": "#door_iron_lower" },
        "up":    { "uv": [ 0, 8, 0, 16 ], "texture": "#door_iron_lower" },
        "north": { "uv": [ 16, 5.5, 16, 6.5 ], "texture": "#door_iron_lower" },
        "south": { "uv": [ 0, 5.5, 0, 6.5 ], "texture": "#door_iron_lower" },
        "west":  { "uv": [ 8, 5.5, 16, 6.5 ], "texture": "#door_iron_lower" },
        "east":  { "uv": [ 0, 5.5, 8, 6.5 ], "texture": "#door_iron_lower" }
    }
},
{
    "__comment": "hand*",
    "from": [ -4.5, 1, 11.5 ],
    "to": [ 0, 5.5, 21 ],
    "faces": {
        "down":  { "uv": [ 0, 0, 16, 16 ], "rotation": 180, "texture": "#prismarine_rough" },
        "up":    { "uv": [ 0, 0.5, 16, 16 ], "texture": "#prismarine_rough" },
        "north": { "uv": [ 0, 5.5, 3, 9 ], "rotation": 180, "texture": "#prismarine_rough" },
        "south": { "uv": [ 16, 9, 13, 5.5 ], "texture": "#prismarine_rough" },
        "west":  { "uv": [ 0, 0, 16, 16 ], "rotation": 270, "texture": "#prismarine_rough" },
        "east":  { "uv": [ 0, 0, 16, 16 ], "rotation": 90, "texture": "#prismarine_rough" }
    }
},
{
    "__comment": "hand*",
    "from": [ -3.5, 1.5, 7 ],
    "to": [ 1, 5.5, 12.5 ],
    "faces": {
        "down":  { "uv": [ 0, 0, 16, 16 ], "rotation": 180, "texture": "#prismarine_rough" },
        "up":    { "uv": [ 0, 0, 16, 16 ], "texture": "#prismarine_rough" },
        "north": { "uv": [ 0, 5.5, 3, 9 ], "rotation": 270, "texture": "#prismarine_rough" },
        "south": { "uv": [ 16, 9, 13, 5.5 ], "rotation": 270, "texture": "#prismarine_rough" },
        "west":  { "uv": [ 0, 0.5, 16, 16 ], "rotation": 270, "texture": "#prismarine_rough" },
        "east":  { "uv": [ 0, 0, 16, 16 ], "rotation": 90, "texture": "#prismarine_rough" }
    }
}
],
"display": {
    "thirdperson_righthand": {
        "rotation": [ 65, 180, 0 ],
        "translation": [ -6.61, 24, 0 ],
        "scale": [ 2.67, 2.67, 2.67 ]
    },
    "thirdperson_lefthand": {
        "rotation": [ 65, 0, 0 ],
        "translation": [ -6.05, -2.46, 11.53 ],
        "scale": [ 2.67, 2.67, 2.67 ]
    },
    "head": {
        "rotation": [ 0, 0, 0 ],
        "translation": [ 0, -8.13, 0 ],
        "scale": [ 4, 4, 4 ]
    }
}
}