{
"__comment": "Designed in the where Naoxia with PRO 0.9999",
"textures": {
    "prismarine_rough": "blocks/prismarine_rough",
    "sea_lantern": "blocks/sea_lantern",
    "water_still": "blocks/water_still",
    "glowstone": "blocks/glowstone",
    "fire_layer_0": "blocks/fire_layer_0",
    "cobblestone_mossy": "blocks/cobblestone_mossy",
    "log_oak": "blocks/log_oak",
    "log_oak_top": "blocks/log_oak_top",
    "leaves_big_oakII": "items/leaves_big_oakII",
    "fernII": "items/fernII",
    "emerald": "items/emerald"
},
"elements": [ 
{
    "from": [ 7.48836, 9.625, 5.75 ],
    "to": [ 8.48836, 15.625, 6.75 ],
    "rotation": { "origin": [ 7.48836, 9.625, 5.75 ], "axis": "y", "angle": -45 },
    "faces": {
        "down":  { "uv": [ 0, 0, 16, 16 ], "texture": "#glowstone" },
        "up":    { "uv": [ 0, 0, 16, 16 ], "texture": "#glowstone" },
        "north": { "uv": [ 0, 0, 16, 16 ], "texture": "#glowstone" },
        "south": { "uv": [ 0, 0, 16, 16 ], "texture": "#glowstone" },
        "west":  { "uv": [ 0, 0, 16, 16 ], "texture": "#glowstone" },
        "east":  { "uv": [ 0, 0, 16, 16 ], "texture": "#glowstone" }
    }
},
{
    "from": [ 7, 1, 6 ],
    "to": [ 8, 9.5, 7 ],
    "faces": {
        "down":  { "uv": [ 0, 0, 16, 16 ], "texture": "#glowstone" },
        "up":    { "uv": [ 0, 0, 16, 16 ], "texture": "#glowstone" },
        "north": { "uv": [ 0, 0, 16, 16 ], "texture": "#glowstone" },
        "south": { "uv": [ 0, 0, 16, 16 ], "texture": "#glowstone" },
        "west":  { "uv": [ 0, 0, 16, 16 ], "texture": "#glowstone" },
        "east":  { "uv": [ 0, 0, 16, 16 ], "texture": "#glowstone" }
    }
},
{
    "from": [ 7.5, 17.25, 5.125 ],
    "to": [ 7.5625, 21.5, 7.75 ],
    "faces": {
        "east":  { "uv": [ 0, 0, 16, 16 ], "texture": "#fire_layer_0" }
    }
},
{
    "from": [ 5.875, 17.25, 6.375 ],
    "to": [ 9.125, 21.5, 6.4375 ],
    "faces": {
        "south": { "uv": [ 0, 0, 16, 16 ], "texture": "#fire_layer_0" }
    }
},
{
    "__comment": "001",
    "from": [ 7, 15.5, 5.75 ],
    "to": [ 7.375, 16, 6.125 ],
    "rotation": { "origin": [ 7, 15.5, 5.75 ], "axis": "y", "angle": -45 },
    "faces": {
        "down":  { "uv": [ 3, -1, 4.5, 0.5 ], "texture": "#glowstone" },
        "up":    { "uv": [ 3, 0, 4.5, 1.5 ], "texture": "#glowstone" },
        "north": { "uv": [ 3, 0, 4.5, 2 ], "texture": "#glowstone" },
        "south": { "uv": [ 3, 0, 4.5, 2 ], "texture": "#glowstone" },
        "west":  { "uv": [ 0, 0, 1.5, 2 ], "texture": "#glowstone" },
        "east":  { "uv": [ 0, 0, 1.5, 2 ], "texture": "#glowstone" }
    }
},
{
    "__comment": "001",
    "from": [ 6.625, 15.875, 5.75 ],
    "to": [ 7, 16.375, 6.125 ],
    "rotation": { "origin": [ 6.625, 15.875, 5.75 ], "axis": "y", "angle": -45 },
    "faces": {
        "down":  { "uv": [ 3, -1, 4.5, 0.5 ], "texture": "#glowstone" },
        "up":    { "uv": [ 3, 0, 4.5, 1.5 ], "texture": "#glowstone" },
        "north": { "uv": [ 3, 0, 4.5, 2 ], "texture": "#glowstone" },
        "south": { "uv": [ 3, 0, 4.5, 2 ], "texture": "#glowstone" },
        "west":  { "uv": [ 0, 0, 1.5, 2 ], "texture": "#glowstone" },
        "east":  { "uv": [ 0, 0, 1.5, 2 ], "texture": "#glowstone" }
    }
},
{
    "__comment": "001",
    "from": [ 6.375, 16.125, 5.75 ],
    "to": [ 6.75, 16.625, 6.125 ],
    "rotation": { "origin": [ 6.375, 16.125, 5.75 ], "axis": "y", "angle": -45 },
    "faces": {
        "down":  { "uv": [ 3, -1, 4.5, 0.5 ], "texture": "#glowstone" },
        "up":    { "uv": [ 3, 0, 4.5, 1.5 ], "texture": "#glowstone" },
        "north": { "uv": [ 3, 0, 4.5, 2 ], "texture": "#glowstone" },
        "south": { "uv": [ 3, 0, 4.5, 2 ], "texture": "#glowstone" },
        "west":  { "uv": [ 0, 0, 1.5, 2 ], "texture": "#glowstone" },
        "east":  { "uv": [ 0, 0, 1.5, 2 ], "texture": "#glowstone" }
    }
},
{
    "__comment": "001",
    "from": [ 6.125, 16.5, 5.75 ],
    "to": [ 6.5, 17, 6.125 ],
    "rotation": { "origin": [ 6.125, 16.5, 5.75 ], "axis": "y", "angle": -45 },
    "faces": {
        "down":  { "uv": [ 3, -1, 4.5, 0.5 ], "texture": "#glowstone" },
        "up":    { "uv": [ 3, 0, 4.5, 1.5 ], "texture": "#glowstone" },
        "north": { "uv": [ 3, 0, 4.5, 2 ], "texture": "#glowstone" },
        "south": { "uv": [ 3, 0, 4.5, 2 ], "texture": "#glowstone" },
        "west":  { "uv": [ 0, 0, 1.5, 2 ], "texture": "#glowstone" },
        "east":  { "uv": [ 0, 0, 1.5, 2 ], "texture": "#glowstone" }
    }
},
{
    "__comment": "001",
    "from": [ 5.875, 16.75, 5.75 ],
    "to": [ 6.25, 17.25, 6.125 ],
    "rotation": { "origin": [ 5.875, 16.75, 5.75 ], "axis": "y", "angle": -45 },
    "faces": {
        "down":  { "uv": [ 3, -1, 4.5, 0.5 ], "texture": "#glowstone" },
        "up":    { "uv": [ 3, 0, 4.5, 1.5 ], "texture": "#glowstone" },
        "north": { "uv": [ 3, 0, 4.5, 2 ], "texture": "#glowstone" },
        "south": { "uv": [ 3, 0, 4.5, 2 ], "texture": "#glowstone" },
        "west":  { "uv": [ 0, 0, 1.5, 2 ], "texture": "#glowstone" },
        "east":  { "uv": [ 0, 0, 1.5, 2 ], "texture": "#glowstone" }
    }
},
{
    "__comment": "001",
    "from": [ 5.625, 17, 5.75 ],
    "to": [ 6, 17.5, 6.125 ],
    "rotation": { "origin": [ 5.625, 17, 5.75 ], "axis": "y", "angle": -45 },
    "faces": {
        "down":  { "uv": [ 3, -1, 4.5, 0.5 ], "texture": "#glowstone" },
        "up":    { "uv": [ 3, 0, 4.5, 1.5 ], "texture": "#glowstone" },
        "north": { "uv": [ 3, 0, 4.5, 2 ], "texture": "#glowstone" },
        "south": { "uv": [ 3, 0, 4.5, 2 ], "texture": "#glowstone" },
        "west":  { "uv": [ 0, 0, 1.5, 2 ], "texture": "#glowstone" },
        "east":  { "uv": [ 0, 0, 1.5, 2 ], "texture": "#glowstone" }
    }
},
{
    "__comment": "001",
    "from": [ 5.5, 17.25, 5.75 ],
    "to": [ 5.875, 17.75, 6.125 ],
    "rotation": { "origin": [ 5.5, 17.25, 5.75 ], "axis": "y", "angle": -45 },
    "faces": {
        "down":  { "uv": [ 3, -1, 4.5, 0.5 ], "texture": "#glowstone" },
        "up":    { "uv": [ 3, 0, 4.5, 1.5 ], "texture": "#glowstone" },
        "north": { "uv": [ 3, 0, 4.5, 2 ], "texture": "#glowstone" },
        "south": { "uv": [ 3, 0, 4.5, 2 ], "texture": "#glowstone" },
        "west":  { "uv": [ 0, 0, 1.5, 2 ], "texture": "#glowstone" },
        "east":  { "uv": [ 0, 0, 1.5, 2 ], "texture": "#glowstone" }
    }
},
{
    "__comment": "001",
    "from": [ 5.375, 17.5, 5.75 ],
    "to": [ 5.75, 18, 6.125 ],
    "rotation": { "origin": [ 5.375, 17.5, 5.75 ], "axis": "y", "angle": -45 },
    "faces": {
        "down":  { "uv": [ 3, -1, 4.5, 0.5 ], "texture": "#glowstone" },
        "up":    { "uv": [ 3, 0, 4.5, 1.5 ], "texture": "#glowstone" },
        "north": { "uv": [ 3, 0, 4.5, 2 ], "texture": "#glowstone" },
        "south": { "uv": [ 3, 0, 4.5, 2 ], "texture": "#glowstone" },
        "west":  { "uv": [ 0, 0, 1.5, 2 ], "texture": "#glowstone" },
        "east":  { "uv": [ 0, 0, 1.5, 2 ], "texture": "#glowstone" }
    }
},
{
    "__comment": "001",
    "from": [ 5.25, 17.75, 5.75 ],
    "to": [ 5.625, 18.25, 6.125 ],
    "rotation": { "origin": [ 5.25, 17.75, 5.75 ], "axis": "y", "angle": -45 },
    "faces": {
        "down":  { "uv": [ 3, -1, 4.5, 0.5 ], "texture": "#glowstone" },
        "up":    { "uv": [ 3, 0, 4.5, 1.5 ], "texture": "#glowstone" },
        "north": { "uv": [ 3, 0, 4.5, 2 ], "texture": "#glowstone" },
        "south": { "uv": [ 3, 0, 4.5, 2 ], "texture": "#glowstone" },
        "west":  { "uv": [ 0, 0, 1.5, 2 ], "texture": "#glowstone" },
        "east":  { "uv": [ 0, 0, 1.5, 2 ], "texture": "#glowstone" }
    }
},
{
    "__comment": "001",
    "from": [ 5.125, 18, 5.75 ],
    "to": [ 5.5, 18.5, 6.125 ],
    "rotation": { "origin": [ 5.125, 18, 5.75 ], "axis": "y", "angle": -45 },
    "faces": {
        "down":  { "uv": [ 3, -1, 4.5, 0.5 ], "texture": "#glowstone" },
        "up":    { "uv": [ 3, 0, 4.5, 1.5 ], "texture": "#glowstone" },
        "north": { "uv": [ 3, 0, 4.5, 2 ], "texture": "#glowstone" },
        "south": { "uv": [ 3, 0, 4.5, 2 ], "texture": "#glowstone" },
        "west":  { "uv": [ 0, 0, 1.5, 2 ], "texture": "#glowstone" },
        "east":  { "uv": [ 0, 0, 1.5, 2 ], "texture": "#glowstone" }
    }
},
{
    "__comment": "001",
    "from": [ 5, 18.375, 5.75 ],
    "to": [ 5.375, 18.875, 6.125 ],
    "rotation": { "origin": [ 5, 18.375, 5.75 ], "axis": "y", "angle": -45 },
    "faces": {
        "down":  { "uv": [ 3, -1, 4.5, 0.5 ], "texture": "#glowstone" },
        "up":    { "uv": [ 3, 0, 4.5, 1.5 ], "texture": "#glowstone" },
        "north": { "uv": [ 3, 0, 4.5, 2 ], "texture": "#glowstone" },
        "south": { "uv": [ 3, 0, 4.5, 2 ], "texture": "#glowstone" },
        "west":  { "uv": [ 0, 0, 1.5, 2 ], "texture": "#glowstone" },
        "east":  { "uv": [ 0, 0, 1.5, 2 ], "texture": "#glowstone" }
    }
},
{
    "__comment": "001",
    "from": [ 5.125, 18.75, 5.75 ],
    "to": [ 5.5, 19.25, 6.125 ],
    "rotation": { "origin": [ 5.125, 18.75, 5.75 ], "axis": "y", "angle": -45 },
    "faces": {
        "down":  { "uv": [ 3, -1, 4.5, 0.5 ], "texture": "#glowstone" },
        "up":    { "uv": [ 3, 0, 4.5, 1.5 ], "texture": "#glowstone" },
        "north": { "uv": [ 3, 0, 4.5, 2 ], "texture": "#glowstone" },
        "south": { "uv": [ 3, 0, 4.5, 2 ], "texture": "#glowstone" },
        "west":  { "uv": [ 0, 0, 1.5, 2 ], "texture": "#glowstone" },
        "east":  { "uv": [ 0, 0, 1.5, 2 ], "texture": "#glowstone" }
    }
},
{
    "__comment": "001",
    "from": [ 6.5, 15.125, 5.75 ],
    "to": [ 6.875, 15.625, 6.125 ],
    "rotation": { "origin": [ 6.5, 15.125, 5.75 ], "axis": "y", "angle": -45 },
    "faces": {
        "down":  { "uv": [ 3, -1, 4.5, 0.5 ], "texture": "#glowstone" },
        "up":    { "uv": [ 3, 0, 4.5, 1.5 ], "texture": "#glowstone" },
        "north": { "uv": [ 3, 0, 4.5, 2 ], "texture": "#glowstone" },
        "south": { "uv": [ 3, 0, 4.5, 2 ], "texture": "#glowstone" },
        "west":  { "uv": [ 0, 0, 1.5, 2 ], "texture": "#glowstone" },
        "east":  { "uv": [ 0, 0, 1.5, 2 ], "texture": "#glowstone" }
    }
},
{
    "__comment": "001",
    "from": [ 6.25, 14.75, 5.75 ],
    "to": [ 6.625, 15.25, 6.125 ],
    "rotation": { "origin": [ 6.25, 14.75, 5.75 ], "axis": "y", "angle": -45 },
    "faces": {
        "down":  { "uv": [ 3, -1, 4.5, 0.5 ], "texture": "#glowstone" },
        "up":    { "uv": [ 3, 0, 4.5, 1.5 ], "texture": "#glowstone" },
        "north": { "uv": [ 3, 0, 4.5, 2 ], "texture": "#glowstone" },
        "south": { "uv": [ 3, 0, 4.5, 2 ], "texture": "#glowstone" },
        "west":  { "uv": [ 0, 0, 1.5, 2 ], "texture": "#glowstone" },
        "east":  { "uv": [ 0, 0, 1.5, 2 ], "texture": "#glowstone" }
    }
},
{
    "__comment": "001",
    "from": [ 6, 14.5, 5.75 ],
    "to": [ 6.375, 15, 6.125 ],
    "rotation": { "origin": [ 6, 14.5, 5.75 ], "axis": "y", "angle": -45 },
    "faces": {
        "down":  { "uv": [ 3, -1, 4.5, 0.5 ], "texture": "#glowstone" },
        "up":    { "uv": [ 3, 0, 4.5, 1.5 ], "texture": "#glowstone" },
        "north": { "uv": [ 3, 0, 4.5, 2 ], "texture": "#glowstone" },
        "south": { "uv": [ 3, 0, 4.5, 2 ], "texture": "#glowstone" },
        "west":  { "uv": [ 0, 0, 1.5, 2 ], "texture": "#glowstone" },
        "east":  { "uv": [ 0, 0, 1.5, 2 ], "texture": "#glowstone" }
    }
},
{
    "__comment": "001",
    "from": [ 5.75, 14.25, 5.75 ],
    "to": [ 6.125, 14.75, 6.125 ],
    "rotation": { "origin": [ 5.75, 14.25, 5.75 ], "axis": "y", "angle": -45 },
    "faces": {
        "down":  { "uv": [ 3, -1, 4.5, 0.5 ], "texture": "#glowstone" },
        "up":    { "uv": [ 3, 0, 4.5, 1.5 ], "texture": "#glowstone" },
        "north": { "uv": [ 3, 0, 4.5, 2 ], "texture": "#glowstone" },
        "south": { "uv": [ 3, 0, 4.5, 2 ], "texture": "#glowstone" },
        "west":  { "uv": [ 0, 0, 1.5, 2 ], "texture": "#glowstone" },
        "east":  { "uv": [ 0, 0, 1.5, 2 ], "texture": "#glowstone" }
    }
},
{
    "__comment": "001",
    "from": [ 6.5, 15.125, 6.125 ],
    "to": [ 6.875, 15.625, 6.5 ],
    "rotation": { "origin": [ 6.5, 15.125, 6.125 ], "axis": "y", "angle": -45 },
    "faces": {
        "down":  { "uv": [ 3, -1, 4.5, 0.5 ], "texture": "#glowstone" },
        "up":    { "uv": [ 3, 0, 4.5, 1.5 ], "texture": "#glowstone" },
        "north": { "uv": [ 3, 0, 4.5, 2 ], "texture": "#glowstone" },
        "south": { "uv": [ 3, 0, 4.5, 2 ], "texture": "#glowstone" },
        "west":  { "uv": [ 0, 0, 1.5, 2 ], "texture": "#glowstone" },
        "east":  { "uv": [ 0, 0, 1.5, 2 ], "texture": "#glowstone" }
    }
},
{
    "__comment": "001",
    "from": [ 6.25, 15.125, 6.375 ],
    "to": [ 6.625, 15.625, 6.75 ],
    "rotation": { "origin": [ 6.25, 15.125, 6.375 ], "axis": "y", "angle": -45 },
    "faces": {
        "down":  { "uv": [ 3, -1, 4.5, 0.5 ], "texture": "#glowstone" },
        "up":    { "uv": [ 3, 0, 4.5, 1.5 ], "texture": "#glowstone" },
        "north": { "uv": [ 3, 0, 4.5, 2 ], "texture": "#glowstone" },
        "south": { "uv": [ 3, 0, 4.5, 2 ], "texture": "#glowstone" },
        "west":  { "uv": [ 0, 0, 1.5, 2 ], "texture": "#glowstone" },
        "east":  { "uv": [ 0, 0, 1.5, 2 ], "texture": "#glowstone" }
    }
},
{
    "__comment": "001",
    "from": [ 6.125, 15.125, 6.75 ],
    "to": [ 6.5, 15.625, 7.125 ],
    "rotation": { "origin": [ 6.125, 15.125, 6.75 ], "axis": "y", "angle": -45 },
    "faces": {
        "down":  { "uv": [ 3, -1, 4.5, 0.5 ], "texture": "#glowstone" },
        "up":    { "uv": [ 3, 0, 4.5, 1.5 ], "texture": "#glowstone" },
        "north": { "uv": [ 3, 0, 4.5, 2 ], "texture": "#glowstone" },
        "south": { "uv": [ 3, 0, 4.5, 2 ], "texture": "#glowstone" },
        "west":  { "uv": [ 0, 0, 1.5, 2 ], "texture": "#glowstone" },
        "east":  { "uv": [ 0, 0, 1.5, 2 ], "texture": "#glowstone" }
    }
},
{
    "__comment": "001",
    "from": [ 6.25, 15.125, 7 ],
    "to": [ 6.625, 15.625, 7.375 ],
    "rotation": { "origin": [ 6.25, 15.125, 7 ], "axis": "y", "angle": -45 },
    "faces": {
        "down":  { "uv": [ 3, -1, 4.5, 0.5 ], "texture": "#glowstone" },
        "up":    { "uv": [ 3, 0, 4.5, 1.5 ], "texture": "#glowstone" },
        "north": { "uv": [ 3, 0, 4.5, 2 ], "texture": "#glowstone" },
        "south": { "uv": [ 3, 0, 4.5, 2 ], "texture": "#glowstone" },
        "west":  { "uv": [ 0, 0, 1.5, 2 ], "texture": "#glowstone" },
        "east":  { "uv": [ 0, 0, 1.5, 2 ], "texture": "#glowstone" }
    }
},
{
    "__comment": "001",
    "from": [ 6.5, 15.125, 7.25 ],
    "to": [ 6.875, 15.625, 7.625 ],
    "rotation": { "origin": [ 6.5, 15.125, 7.25 ], "axis": "y", "angle": -45 },
    "faces": {
        "down":  { "uv": [ 3, -1, 4.5, 0.5 ], "texture": "#glowstone" },
        "up":    { "uv": [ 3, 0, 4.5, 1.5 ], "texture": "#glowstone" },
        "north": { "uv": [ 3, 0, 4.5, 2 ], "texture": "#glowstone" },
        "south": { "uv": [ 3, 0, 4.5, 2 ], "texture": "#glowstone" },
        "west":  { "uv": [ 0, 0, 1.5, 2 ], "texture": "#glowstone" },
        "east":  { "uv": [ 0, 0, 1.5, 2 ], "texture": "#glowstone" }
    }
},
{
    "__comment": "001",
    "from": [ 6.625, 15.125, 7.375 ],
    "to": [ 7, 15.625, 7.75 ],
    "rotation": { "origin": [ 6.625, 15.125, 7.375 ], "axis": "y", "angle": -45 },
    "faces": {
        "down":  { "uv": [ 3, -1, 4.5, 0.5 ], "texture": "#glowstone" },
        "up":    { "uv": [ 3, 0, 4.5, 1.5 ], "texture": "#glowstone" },
        "north": { "uv": [ 3, 0, 4.5, 2 ], "texture": "#glowstone" },
        "south": { "uv": [ 3, 0, 4.5, 2 ], "texture": "#glowstone" },
        "west":  { "uv": [ 0, 0, 1.5, 2 ], "texture": "#glowstone" },
        "east":  { "uv": [ 0, 0, 1.5, 2 ], "texture": "#glowstone" }
    }
},
{
    "__comment": "001",
    "from": [ 6.875, 15.125, 7.5 ],
    "to": [ 7.25, 15.625, 7.875 ],
    "rotation": { "origin": [ 6.875, 15.125, 7.5 ], "axis": "y", "angle": -45 },
    "faces": {
        "down":  { "uv": [ 3, -1, 4.5, 0.5 ], "texture": "#glowstone" },
        "up":    { "uv": [ 3, 0, 4.5, 1.5 ], "texture": "#glowstone" },
        "north": { "uv": [ 3, 0, 4.5, 2 ], "texture": "#glowstone" },
        "south": { "uv": [ 3, 0, 4.5, 2 ], "texture": "#glowstone" },
        "west":  { "uv": [ 0, 0, 1.5, 2 ], "texture": "#glowstone" },
        "east":  { "uv": [ 0, 0, 1.5, 2 ], "texture": "#glowstone" }
    }
},
{
    "__comment": "001",
    "from": [ 7.125, 15.125, 7.5 ],
    "to": [ 7.5, 15.625, 7.875 ],
    "rotation": { "origin": [ 7.125, 15.125, 7.5 ], "axis": "y", "angle": -45 },
    "faces": {
        "down":  { "uv": [ 3, -1, 4.5, 0.5 ], "texture": "#glowstone" },
        "up":    { "uv": [ 3, 0, 4.5, 1.5 ], "texture": "#glowstone" },
        "north": { "uv": [ 3, 0, 4.5, 2 ], "texture": "#glowstone" },
        "south": { "uv": [ 3, 0, 4.5, 2 ], "texture": "#glowstone" },
        "west":  { "uv": [ 0, 0, 1.5, 2 ], "texture": "#glowstone" },
        "east":  { "uv": [ 0, 0, 1.5, 2 ], "texture": "#glowstone" }
    }
},
{
    "__comment": "001*",
    "from": [ 7.875, 15.5, 7.125 ],
    "to": [ 8.25, 16, 7.5 ],
    "rotation": { "origin": [ 7.875, 15.5, 7.125 ], "axis": "y", "angle": -45 },
    "faces": {
        "down":  { "uv": [ 3, -1, 4.5, 0.5 ], "rotation": 180, "texture": "#glowstone" },
        "up":    { "uv": [ 3, 0, 4.5, 1.5 ], "rotation": 180, "texture": "#glowstone" },
        "north": { "uv": [ 3, 0, 4.5, 2 ], "texture": "#glowstone" },
        "south": { "uv": [ 3, 0, 4.5, 2 ], "texture": "#glowstone" },
        "west":  { "uv": [ 0, 0, 1.5, 2 ], "texture": "#glowstone" },
        "east":  { "uv": [ 0, 0, 1.5, 2 ], "texture": "#glowstone" }
    }
},
{
    "__comment": "001*",
    "from": [ 8.25, 15.875, 7.125 ],
    "to": [ 8.625, 16.375, 7.5 ],
    "rotation": { "origin": [ 8.25, 15.875, 7.125 ], "axis": "y", "angle": -45 },
    "faces": {
        "down":  { "uv": [ 3, -1, 4.5, 0.5 ], "rotation": 180, "texture": "#glowstone" },
        "up":    { "uv": [ 3, 0, 4.5, 1.5 ], "rotation": 180, "texture": "#glowstone" },
        "north": { "uv": [ 3, 0, 4.5, 2 ], "texture": "#glowstone" },
        "south": { "uv": [ 3, 0, 4.5, 2 ], "texture": "#glowstone" },
        "west":  { "uv": [ 0, 0, 1.5, 2 ], "texture": "#glowstone" },
        "east":  { "uv": [ 0, 0, 1.5, 2 ], "texture": "#glowstone" }
    }
},
{
    "__comment": "001*",
    "from": [ 8.5, 16.125, 7.125 ],
    "to": [ 8.875, 16.625, 7.5 ],
    "rotation": { "origin": [ 8.5, 16.125, 7.125 ], "axis": "y", "angle": -45 },
    "faces": {
        "down":  { "uv": [ 3, -1, 4.5, 0.5 ], "rotation": 180, "texture": "#glowstone" },
        "up":    { "uv": [ 3, 0, 4.5, 1.5 ], "rotation": 180, "texture": "#glowstone" },
        "north": { "uv": [ 3, 0, 4.5, 2 ], "texture": "#glowstone" },
        "south": { "uv": [ 3, 0, 4.5, 2 ], "texture": "#glowstone" },
        "west":  { "uv": [ 0, 0, 1.5, 2 ], "texture": "#glowstone" },
        "east":  { "uv": [ 0, 0, 1.5, 2 ], "texture": "#glowstone" }
    }
},
{
    "__comment": "001*",
    "from": [ 8.75, 16.5, 7.125 ],
    "to": [ 9.125, 17, 7.5 ],
    "rotation": { "origin": [ 8.75, 16.5, 7.125 ], "axis": "y", "angle": -45 },
    "faces": {
        "down":  { "uv": [ 3, -1, 4.5, 0.5 ], "rotation": 180, "texture": "#glowstone" },
        "up":    { "uv": [ 3, 0, 4.5, 1.5 ], "rotation": 180, "texture": "#glowstone" },
        "north": { "uv": [ 3, 0, 4.5, 2 ], "texture": "#glowstone" },
        "south": { "uv": [ 3, 0, 4.5, 2 ], "texture": "#glowstone" },
        "west":  { "uv": [ 0, 0, 1.5, 2 ], "texture": "#glowstone" },
        "east":  { "uv": [ 0, 0, 1.5, 2 ], "texture": "#glowstone" }
    }
},
{
    "__comment": "001*",
    "from": [ 9, 16.75, 7.125 ],
    "to": [ 9.375, 17.25, 7.5 ],
    "rotation": { "origin": [ 9, 16.75, 7.125 ], "axis": "y", "angle": -45 },
    "faces": {
        "down":  { "uv": [ 3, -1, 4.5, 0.5 ], "rotation": 180, "texture": "#glowstone" },
        "up":    { "uv": [ 3, 0, 4.5, 1.5 ], "rotation": 180, "texture": "#glowstone" },
        "north": { "uv": [ 3, 0, 4.5, 2 ], "texture": "#glowstone" },
        "south": { "uv": [ 3, 0, 4.5, 2 ], "texture": "#glowstone" },
        "west":  { "uv": [ 0, 0, 1.5, 2 ], "texture": "#glowstone" },
        "east":  { "uv": [ 0, 0, 1.5, 2 ], "texture": "#glowstone" }
    }
},
{
    "__comment": "001*",
    "from": [ 9.25, 17, 7.125 ],
    "to": [ 9.625, 17.5, 7.5 ],
    "rotation": { "origin": [ 9.25, 17, 7.125 ], "axis": "y", "angle": -45 },
    "faces": {
        "down":  { "uv": [ 3, -1, 4.5, 0.5 ], "rotation": 180, "texture": "#glowstone" },
        "up":    { "uv": [ 3, 0, 4.5, 1.5 ], "rotation": 180, "texture": "#glowstone" },
        "north": { "uv": [ 3, 0, 4.5, 2 ], "texture": "#glowstone" },
        "south": { "uv": [ 3, 0, 4.5, 2 ], "texture": "#glowstone" },
        "west":  { "uv": [ 0, 0, 1.5, 2 ], "texture": "#glowstone" },
        "east":  { "uv": [ 0, 0, 1.5, 2 ], "texture": "#glowstone" }
    }
},
{
    "__comment": "001*",
    "from": [ 9.375, 17.25, 7.125 ],
    "to": [ 9.75, 17.75, 7.5 ],
    "rotation": { "origin": [ 9.375, 17.25, 7.125 ], "axis": "y", "angle": -45 },
    "faces": {
        "down":  { "uv": [ 3, -1, 4.5, 0.5 ], "rotation": 180, "texture": "#glowstone" },
        "up":    { "uv": [ 3, 0, 4.5, 1.5 ], "rotation": 180, "texture": "#glowstone" },
        "north": { "uv": [ 3, 0, 4.5, 2 ], "texture": "#glowstone" },
        "south": { "uv": [ 3, 0, 4.5, 2 ], "texture": "#glowstone" },
        "west":  { "uv": [ 0, 0, 1.5, 2 ], "texture": "#glowstone" },
        "east":  { "uv": [ 0, 0, 1.5, 2 ], "texture": "#glowstone" }
    }
},
{
    "__comment": "001*",
    "from": [ 9.5, 17.5, 7.125 ],
    "to": [ 9.875, 18, 7.5 ],
    "rotation": { "origin": [ 9.5, 17.5, 7.125 ], "axis": "y", "angle": -45 },
    "faces": {
        "down":  { "uv": [ 3, -1, 4.5, 0.5 ], "rotation": 180, "texture": "#glowstone" },
        "up":    { "uv": [ 3, 0, 4.5, 1.5 ], "rotation": 180, "texture": "#glowstone" },
        "north": { "uv": [ 3, 0, 4.5, 2 ], "texture": "#glowstone" },
        "south": { "uv": [ 3, 0, 4.5, 2 ], "texture": "#glowstone" },
        "west":  { "uv": [ 0, 0, 1.5, 2 ], "texture": "#glowstone" },
        "east":  { "uv": [ 0, 0, 1.5, 2 ], "texture": "#glowstone" }
    }
},
{
    "__comment": "001*",
    "from": [ 9.625, 17.75, 7.125 ],
    "to": [ 10, 18.25, 7.5 ],
    "rotation": { "origin": [ 9.625, 17.75, 7.125 ], "axis": "y", "angle": -45 },
    "faces": {
        "down":  { "uv": [ 3, -1, 4.5, 0.5 ], "rotation": 180, "texture": "#glowstone" },
        "up":    { "uv": [ 3, 0, 4.5, 1.5 ], "rotation": 180, "texture": "#glowstone" },
        "north": { "uv": [ 3, 0, 4.5, 2 ], "texture": "#glowstone" },
        "south": { "uv": [ 3, 0, 4.5, 2 ], "texture": "#glowstone" },
        "west":  { "uv": [ 0, 0, 1.5, 2 ], "texture": "#glowstone" },
        "east":  { "uv": [ 0, 0, 1.5, 2 ], "texture": "#glowstone" }
    }
},
{
    "__comment": "001*",
    "from": [ 9.75, 18, 7.125 ],
    "to": [ 10.125, 18.5, 7.5 ],
    "rotation": { "origin": [ 9.75, 18, 7.125 ], "axis": "y", "angle": -45 },
    "faces": {
        "down":  { "uv": [ 3, -1, 4.5, 0.5 ], "rotation": 180, "texture": "#glowstone" },
        "up":    { "uv": [ 3, 0, 4.5, 1.5 ], "rotation": 180, "texture": "#glowstone" },
        "north": { "uv": [ 3, 0, 4.5, 2 ], "texture": "#glowstone" },
        "south": { "uv": [ 3, 0, 4.5, 2 ], "texture": "#glowstone" },
        "west":  { "uv": [ 0, 0, 1.5, 2 ], "texture": "#glowstone" },
        "east":  { "uv": [ 0, 0, 1.5, 2 ], "texture": "#glowstone" }
    }
},
{
    "__comment": "001*",
    "from": [ 9.875, 18.375, 7.125 ],
    "to": [ 10.25, 18.875, 7.5 ],
    "rotation": { "origin": [ 9.875, 18.375, 7.125 ], "axis": "y", "angle": -45 },
    "faces": {
        "down":  { "uv": [ 3, -1, 4.5, 0.5 ], "rotation": 180, "texture": "#glowstone" },
        "up":    { "uv": [ 3, 0, 4.5, 1.5 ], "rotation": 180, "texture": "#glowstone" },
        "north": { "uv": [ 3, 0, 4.5, 2 ], "texture": "#glowstone" },
        "south": { "uv": [ 3, 0, 4.5, 2 ], "texture": "#glowstone" },
        "west":  { "uv": [ 0, 0, 1.5, 2 ], "texture": "#glowstone" },
        "east":  { "uv": [ 0, 0, 1.5, 2 ], "texture": "#glowstone" }
    }
},
{
    "__comment": "001*",
    "from": [ 9.75, 18.75, 7.125 ],
    "to": [ 10.125, 19.25, 7.5 ],
    "rotation": { "origin": [ 9.75, 18.75, 7.125 ], "axis": "y", "angle": -45 },
    "faces": {
        "down":  { "uv": [ 3, -1, 4.5, 0.5 ], "rotation": 180, "texture": "#glowstone" },
        "up":    { "uv": [ 3, 0, 4.5, 1.5 ], "rotation": 180, "texture": "#glowstone" },
        "north": { "uv": [ 3, 0, 4.5, 2 ], "texture": "#glowstone" },
        "south": { "uv": [ 3, 0, 4.5, 2 ], "texture": "#glowstone" },
        "west":  { "uv": [ 0, 0, 1.5, 2 ], "texture": "#glowstone" },
        "east":  { "uv": [ 0, 0, 1.5, 2 ], "texture": "#glowstone" }
    }
},
{
    "__comment": "001*",
    "from": [ 8.375, 15.125, 7.125 ],
    "to": [ 8.75, 15.625, 7.5 ],
    "rotation": { "origin": [ 8.375, 15.125, 7.125 ], "axis": "y", "angle": -45 },
    "faces": {
        "down":  { "uv": [ 3, -1, 4.5, 0.5 ], "rotation": 180, "texture": "#glowstone" },
        "up":    { "uv": [ 3, 0, 4.5, 1.5 ], "rotation": 180, "texture": "#glowstone" },
        "north": { "uv": [ 3, 0, 4.5, 2 ], "texture": "#glowstone" },
        "south": { "uv": [ 3, 0, 4.5, 2 ], "texture": "#glowstone" },
        "west":  { "uv": [ 0, 0, 1.5, 2 ], "texture": "#glowstone" },
        "east":  { "uv": [ 0, 0, 1.5, 2 ], "texture": "#glowstone" }
    }
},
{
    "__comment": "001*",
    "from": [ 8.625, 14.75, 7.125 ],
    "to": [ 9, 15.25, 7.5 ],
    "rotation": { "origin": [ 8.625, 14.75, 7.125 ], "axis": "y", "angle": -45 },
    "faces": {
        "down":  { "uv": [ 3, -1, 4.5, 0.5 ], "rotation": 180, "texture": "#glowstone" },
        "up":    { "uv": [ 3, 0, 4.5, 1.5 ], "rotation": 180, "texture": "#glowstone" },
        "north": { "uv": [ 3, 0, 4.5, 2 ], "texture": "#glowstone" },
        "south": { "uv": [ 3, 0, 4.5, 2 ], "texture": "#glowstone" },
        "west":  { "uv": [ 0, 0, 1.5, 2 ], "texture": "#glowstone" },
        "east":  { "uv": [ 0, 0, 1.5, 2 ], "texture": "#glowstone" }
    }
},
{
    "__comment": "001*",
    "from": [ 8.875, 14.5, 7.125 ],
    "to": [ 9.25, 15, 7.5 ],
    "rotation": { "origin": [ 8.875, 14.5, 7.125 ], "axis": "y", "angle": -45 },
    "faces": {
        "down":  { "uv": [ 3, -1, 4.5, 0.5 ], "rotation": 180, "texture": "#glowstone" },
        "up":    { "uv": [ 3, 0, 4.5, 1.5 ], "rotation": 180, "texture": "#glowstone" },
        "north": { "uv": [ 3, 0, 4.5, 2 ], "texture": "#glowstone" },
        "south": { "uv": [ 3, 0, 4.5, 2 ], "texture": "#glowstone" },
        "west":  { "uv": [ 0, 0, 1.5, 2 ], "texture": "#glowstone" },
        "east":  { "uv": [ 0, 0, 1.5, 2 ], "texture": "#glowstone" }
    }
},
{
    "__comment": "001*",
    "from": [ 9.125, 14.25, 7.125 ],
    "to": [ 9.5, 14.75, 7.5 ],
    "rotation": { "origin": [ 9.125, 14.25, 7.125 ], "axis": "y", "angle": -45 },
    "faces": {
        "down":  { "uv": [ 3, -1, 4.5, 0.5 ], "rotation": 180, "texture": "#glowstone" },
        "up":    { "uv": [ 3, 0, 4.5, 1.5 ], "rotation": 180, "texture": "#glowstone" },
        "north": { "uv": [ 3, 0, 4.5, 2 ], "texture": "#glowstone" },
        "south": { "uv": [ 3, 0, 4.5, 2 ], "texture": "#glowstone" },
        "west":  { "uv": [ 0, 0, 1.5, 2 ], "texture": "#glowstone" },
        "east":  { "uv": [ 0, 0, 1.5, 2 ], "texture": "#glowstone" }
    }
},
{
    "__comment": "001*",
    "from": [ 8.375, 15.125, 6.75 ],
    "to": [ 8.75, 15.625, 7.125 ],
    "rotation": { "origin": [ 8.375, 15.125, 6.75 ], "axis": "y", "angle": -45 },
    "faces": {
        "down":  { "uv": [ 3, -1, 4.5, 0.5 ], "rotation": 180, "texture": "#glowstone" },
        "up":    { "uv": [ 3, 0, 4.5, 1.5 ], "rotation": 180, "texture": "#glowstone" },
        "north": { "uv": [ 3, 0, 4.5, 2 ], "texture": "#glowstone" },
        "south": { "uv": [ 3, 0, 4.5, 2 ], "texture": "#glowstone" },
        "west":  { "uv": [ 0, 0, 1.5, 2 ], "texture": "#glowstone" },
        "east":  { "uv": [ 0, 0, 1.5, 2 ], "texture": "#glowstone" }
    }
},
{
    "__comment": "001*",
    "from": [ 8.625, 15.125, 6.5 ],
    "to": [ 9, 15.625, 6.875 ],
    "rotation": { "origin": [ 8.625, 15.125, 6.5 ], "axis": "y", "angle": -45 },
    "faces": {
        "down":  { "uv": [ 3, -1, 4.5, 0.5 ], "rotation": 180, "texture": "#glowstone" },
        "up":    { "uv": [ 3, 0, 4.5, 1.5 ], "rotation": 180, "texture": "#glowstone" },
        "north": { "uv": [ 3, 0, 4.5, 2 ], "texture": "#glowstone" },
        "south": { "uv": [ 3, 0, 4.5, 2 ], "texture": "#glowstone" },
        "west":  { "uv": [ 0, 0, 1.5, 2 ], "texture": "#glowstone" },
        "east":  { "uv": [ 0, 0, 1.5, 2 ], "texture": "#glowstone" }
    }
},
{
    "__comment": "001*",
    "from": [ 8.75, 15.125, 6.125 ],
    "to": [ 9.125, 15.625, 6.5 ],
    "rotation": { "origin": [ 8.75, 15.125, 6.125 ], "axis": "y", "angle": -45 },
    "faces": {
        "down":  { "uv": [ 3, -1, 4.5, 0.5 ], "rotation": 180, "texture": "#glowstone" },
        "up":    { "uv": [ 3, 0, 4.5, 1.5 ], "rotation": 180, "texture": "#glowstone" },
        "north": { "uv": [ 3, 0, 4.5, 2 ], "texture": "#glowstone" },
        "south": { "uv": [ 3, 0, 4.5, 2 ], "texture": "#glowstone" },
        "west":  { "uv": [ 0, 0, 1.5, 2 ], "texture": "#glowstone" },
        "east":  { "uv": [ 0, 0, 1.5, 2 ], "texture": "#glowstone" }
    }
},
{
    "__comment": "001*",
    "from": [ 8.625, 15.125, 5.875 ],
    "to": [ 9, 15.625, 6.25 ],
    "rotation": { "origin": [ 8.625, 15.125, 5.875 ], "axis": "y", "angle": -45 },
    "faces": {
        "down":  { "uv": [ 3, -1, 4.5, 0.5 ], "rotation": 180, "texture": "#glowstone" },
        "up":    { "uv": [ 3, 0, 4.5, 1.5 ], "rotation": 180, "texture": "#glowstone" },
        "north": { "uv": [ 3, 0, 4.5, 2 ], "texture": "#glowstone" },
        "south": { "uv": [ 3, 0, 4.5, 2 ], "texture": "#glowstone" },
        "west":  { "uv": [ 0, 0, 1.5, 2 ], "texture": "#glowstone" },
        "east":  { "uv": [ 0, 0, 1.5, 2 ], "texture": "#glowstone" }
    }
},
{
    "__comment": "001*",
    "from": [ 8.375, 15.125, 5.625 ],
    "to": [ 8.75, 15.625, 6 ],
    "rotation": { "origin": [ 8.375, 15.125, 5.625 ], "axis": "y", "angle": -45 },
    "faces": {
        "down":  { "uv": [ 3, -1, 4.5, 0.5 ], "rotation": 180, "texture": "#glowstone" },
        "up":    { "uv": [ 3, 0, 4.5, 1.5 ], "rotation": 180, "texture": "#glowstone" },
        "north": { "uv": [ 3, 0, 4.5, 2 ], "texture": "#glowstone" },
        "south": { "uv": [ 3, 0, 4.5, 2 ], "texture": "#glowstone" },
        "west":  { "uv": [ 0, 0, 1.5, 2 ], "texture": "#glowstone" },
        "east":  { "uv": [ 0, 0, 1.5, 2 ], "texture": "#glowstone" }
    }
},
{
    "__comment": "001*",
    "from": [ 8.25, 15.125, 5.5 ],
    "to": [ 8.625, 15.625, 5.875 ],
    "rotation": { "origin": [ 8.25, 15.125, 5.5 ], "axis": "y", "angle": -45 },
    "faces": {
        "down":  { "uv": [ 3, -1, 4.5, 0.5 ], "rotation": 180, "texture": "#glowstone" },
        "up":    { "uv": [ 3, 0, 4.5, 1.5 ], "rotation": 180, "texture": "#glowstone" },
        "north": { "uv": [ 3, 0, 4.5, 2 ], "texture": "#glowstone" },
        "south": { "uv": [ 3, 0, 4.5, 2 ], "texture": "#glowstone" },
        "west":  { "uv": [ 0, 0, 1.5, 2 ], "texture": "#glowstone" },
        "east":  { "uv": [ 0, 0, 1.5, 2 ], "texture": "#glowstone" }
    }
},
{
    "__comment": "001*",
    "from": [ 8, 15.125, 5.375 ],
    "to": [ 8.375, 15.625, 5.75 ],
    "rotation": { "origin": [ 8, 15.125, 5.375 ], "axis": "y", "angle": -45 },
    "faces": {
        "down":  { "uv": [ 3, -1, 4.5, 0.5 ], "rotation": 180, "texture": "#glowstone" },
        "up":    { "uv": [ 3, 0, 4.5, 1.5 ], "rotation": 180, "texture": "#glowstone" },
        "north": { "uv": [ 3, 0, 4.5, 2 ], "texture": "#glowstone" },
        "south": { "uv": [ 3, 0, 4.5, 2 ], "texture": "#glowstone" },
        "west":  { "uv": [ 0, 0, 1.5, 2 ], "texture": "#glowstone" },
        "east":  { "uv": [ 0, 0, 1.5, 2 ], "texture": "#glowstone" }
    }
},
{
    "__comment": "001*",
    "from": [ 7.75, 15.125, 5.375 ],
    "to": [ 8.125, 15.625, 5.75 ],
    "rotation": { "origin": [ 7.75, 15.125, 5.375 ], "axis": "y", "angle": -45 },
    "faces": {
        "down":  { "uv": [ 3, -1, 4.5, 0.5 ], "rotation": 180, "texture": "#glowstone" },
        "up":    { "uv": [ 3, 0, 4.5, 1.5 ], "rotation": 180, "texture": "#glowstone" },
        "north": { "uv": [ 3, 0, 4.5, 2 ], "texture": "#glowstone" },
        "south": { "uv": [ 3, 0, 4.5, 2 ], "texture": "#glowstone" },
        "west":  { "uv": [ 0, 0, 1.5, 2 ], "texture": "#glowstone" },
        "east":  { "uv": [ 0, 0, 1.5, 2 ], "texture": "#glowstone" }
    }
}
],
"display": {
    "thirdperson_righthand": {
        "rotation": [ 0, 0, 0 ],
        "translation": [ 0, -5.48, 1.51 ],
        "scale": [ 1, 1, 1 ]
    },
    "thirdperson_lefthand": {
        "rotation": [ 0, 0, 0 ],
        "translation": [ 0, -5.48, 1.51 ],
        "scale": [ 1, 1, 1 ]
    },
    "head": {
        "rotation": [ -45, 0, 0 ],
        "translation": [ 0, 5.67, -3.4 ],
        "scale": [ 1, 1, 1 ]
    },
    "ground": {
        "rotation": [ 0, 0, 0 ],
        "translation": [ 0, 0, 0 ],
        "scale": [ 1, 1, 1 ]
    },
    "fixed": {
        "rotation": [ 27, 68, -10 ],
        "translation": [ 2.83, -14.17, 5.09 ],
        "scale": [ 3, 3, 3 ]
    },
    "firstperson_righthand": {
        "rotation": [ -11, 18, 11 ],
        "translation": [ 0, -1.89, 0 ],
        "scale": [ 1, 1, 1 ]
    },
    "firstperson_lefthand": {
        "rotation": [ -11, 18, 11 ],
        "translation": [ 0, -1.89, 0 ],
        "scale": [ 1, 1, 1 ]
    },
    "gui": {
        "rotation": [ 162, 6, -133 ],
        "translation": [ -2.27, -2.08, 0 ],
        "scale": [ 1, 1, 1 ]
    }
}
}