{
"__comment": "Designed in the where Naoxia with PRO 0.9999",
"textures": {
    "No0033": "items/No0033",
    "No0008": "items/No0008"
},
"elements": [ 
{
    "from": [ 8, 0, 5 ],
    "to": [ 8.0625, 7.5, 12.5 ],
    "faces": {
        "east":  { "uv": [ 0, 0, 13, 16 ], "texture": "#No0033" }
    }
},
{
    "from": [ 3, 0.5, 8 ],
    "to": [ 10.5, 8, 8.0625 ],
    "faces": {
        "south": { "uv": [ 0, 2, 12, 16 ], "texture": "#No0033" }
    }
},
{
    "from": [ 8, 6.5, 5.5 ],
    "to": [ 8.0625, 11.5, 10.5 ],
    "faces": {
        "east":  { "uv": [ 2, 0.5, 15, 14 ], "texture": "#No0008" }
    }
},
{
    "from": [ 7.5, 7.5, 8 ],
    "to": [ 12.5, 12.5, 8.0625 ],
    "faces": {
        "south": { "uv": [ 4, 1, 16, 12.5 ], "texture": "#No0008" }
    }
}
],
"display": {
    "thirdperson_righthand": {
        "rotation": [ 0, 0, 0 ],
        "translation": [ 0, 0, 0 ],
        "scale": [ 1, 1, 1 ]
    },
    "thirdperson_lefthand": {
        "rotation": [ 0, 0, 0 ],
        "translation": [ 0, 0, 0 ],
        "scale": [ 1, 1, 1 ]
    },
    "head": {
        "rotation": [ 108, 133, 26 ],
        "translation": [ 11.91, -24, 0 ],
        "scale": [ 2, 2, 2 ]
    },
    "ground": {
        "rotation": [ 0, 0, 0 ],
        "translation": [ 0, 4.54, 0 ],
        "scale": [ 1, 1, 1 ]
    },
    "fixed": {
        "rotation": [ 0, 0, 0 ],
        "translation": [ 0, 1.13, 7.37 ],
        "scale": [ 1, 1, 1 ]
    },
    "firstperson_righthand": {
        "rotation": [ -43, 0, 0 ],
        "translation": [ -1.89, 2.27, 0 ],
        "scale": [ 1, 1, 1 ]
    },
    "firstperson_lefthand": {
        "rotation": [ 0, 0, 0 ],
        "translation": [ -2.83, 3.4, 0 ],
        "scale": [ 1, 1, 1 ]
    },
    "gui": {
        "rotation": [ -4, -4, 6 ],
        "translation": [ 1.32, 2.27, 0 ],
        "scale": [ 1, 1, 1 ]
    }
}
}