{
"__comment": "Designed in the where Naoxia with PRO 0.9999",
"textures": {
    "iron_block": "blocks/iron_block",
    "gold_block": "blocks/gold_block",
    "emerald_block": "blocks/emerald_block",
    "diamond_block": "blocks/diamond_block",
    "planks_big_oak": "blocks/planks_big_oak"
},
"elements": [ 
{
    "from": [ 8, 0.4, 7.6 ],
    "to": [ 8.3, 3, 8 ],
    "faces": {
        "down":  { "uv": [ 0, 0, 16, 16 ], "texture": "#gold_block" },
        "up":    { "uv": [ 0, 0, 16, 16 ], "texture": "#gold_block" },
        "north": { "uv": [ 0, 0, 16, 16 ], "texture": "#gold_block" },
        "south": { "uv": [ 0, 0, 16, 16 ], "texture": "#gold_block" },
        "west":  { "uv": [ 0, 0, 16, 16 ], "texture": "#gold_block" },
        "east":  { "uv": [ 0, 0, 16, 16 ], "texture": "#gold_block" }
    }
},
{
    "from": [ 8.3, 1, 7.7 ],
    "to": [ 8.8, 1.2, 7.9 ],
    "faces": {
        "down":  { "uv": [ 0, 0, 16, 16 ], "texture": "#gold_block" },
        "up":    { "uv": [ 0, 0, 16, 16 ], "texture": "#gold_block" },
        "north": { "uv": [ 0, 0, 16, 16 ], "texture": "#gold_block" },
        "south": { "uv": [ 0, 0, 16, 16 ], "texture": "#gold_block" },
        "west":  { "uv": [ 0, 0, 16, 16 ], "texture": "#gold_block" },
        "east":  { "uv": [ 0, 0, 16, 16 ], "texture": "#gold_block" }
    }
},
{
    "from": [ 8.3, 0.6, 7.7 ],
    "to": [ 9, 0.8, 7.9 ],
    "faces": {
        "down":  { "uv": [ 0, 0, 16, 16 ], "texture": "#gold_block" },
        "up":    { "uv": [ 0, 0, 16, 16 ], "texture": "#gold_block" },
        "north": { "uv": [ 0, 0, 16, 16 ], "texture": "#gold_block" },
        "south": { "uv": [ 0, 0, 16, 16 ], "texture": "#gold_block" },
        "west":  { "uv": [ 0, 0, 16, 16 ], "texture": "#gold_block" },
        "east":  { "uv": [ 0, 0, 16, 16 ], "texture": "#gold_block" }
    }
},
{
    "from": [ 7.2, 3, 7.5 ],
    "to": [ 9.2, 3.2, 8.1 ],
    "faces": {
        "down":  { "uv": [ 0, 0, 16, 16 ], "texture": "#gold_block" },
        "up":    { "uv": [ 0, 0, 16, 16 ], "texture": "#gold_block" },
        "north": { "uv": [ 0, 0, 16, 16 ], "texture": "#gold_block" },
        "south": { "uv": [ 0, 0, 16, 16 ], "texture": "#gold_block" },
        "west":  { "uv": [ 0, 0, 16, 16 ], "texture": "#gold_block" },
        "east":  { "uv": [ 0, 0, 16, 16 ], "texture": "#gold_block" }
    }
},
{
    "from": [ 7.4, 3.3, 7.6 ],
    "to": [ 9, 3.7, 8 ],
    "faces": {
        "down":  { "uv": [ 0, 4, 16, 11 ], "texture": "#gold_block" },
        "up":    { "uv": [ 0, 5, 16, 12 ], "texture": "#gold_block" },
        "north": { "uv": [ 0, 4.5, 16, 10.5 ], "texture": "#gold_block" },
        "south": { "uv": [ 0, 3.5, 16, 11 ], "texture": "#gold_block" },
        "west":  { "uv": [ 0, 4.5, 16, 11.5 ], "texture": "#gold_block" },
        "east":  { "uv": [ 0, 5, 16, 12.5 ], "texture": "#gold_block" }
    }
},
{
    "from": [ 8.5, 3.7, 7.6 ],
    "to": [ 9.1, 4.3, 8 ],
    "faces": {
        "down":  { "uv": [ 8, 4, 16, 12.5 ], "texture": "#gold_block" },
        "up":    { "uv": [ 7, 4, 16, 12 ], "texture": "#gold_block" },
        "north": { "uv": [ 9, 5, 16, 12.5 ], "texture": "#gold_block" },
        "south": { "uv": [ 9, 3, 16, 11 ], "texture": "#gold_block" },
        "west":  { "uv": [ 8.5, 4.5, 16, 11.5 ], "texture": "#gold_block" },
        "east":  { "uv": [ 9, 3, 16, 10.5 ], "texture": "#gold_block" }
    }
},
{
    "from": [ 7.3, 3.7, 7.6 ],
    "to": [ 7.9, 4.3, 8 ],
    "faces": {
        "down":  { "uv": [ 0, 4, 10, 12 ], "texture": "#gold_block" },
        "up":    { "uv": [ 0, 5, 9, 12.5 ], "texture": "#gold_block" },
        "north": { "uv": [ 0, 4, 9, 13 ], "texture": "#gold_block" },
        "south": { "uv": [ 0, 4, 8.5, 12 ], "texture": "#gold_block" },
        "west":  { "uv": [ 0, 4.5, 10.5, 11.5 ], "texture": "#gold_block" },
        "east":  { "uv": [ 0, 4, 10, 11.5 ], "texture": "#gold_block" }
    }
},
{
    "from": [ 7.4, 4.3, 7.6 ],
    "to": [ 9, 4.6, 8 ],
    "faces": {
        "down":  { "uv": [ 0, 4, 16, 11 ], "texture": "#gold_block" },
        "up":    { "uv": [ 0, 4, 16, 12 ], "texture": "#gold_block" },
        "north": { "uv": [ 0, 4, 16, 11.5 ], "texture": "#gold_block" },
        "south": { "uv": [ 0, 4.5, 16, 12 ], "texture": "#gold_block" },
        "west":  { "uv": [ 0, 3.5, 16, 12.5 ], "texture": "#gold_block" },
        "east":  { "uv": [ 0, 4, 16, 11 ], "texture": "#gold_block" }
    }
},
{
    "from": [ 7.6, 4.6, 7.6 ],
    "to": [ 8.8, 4.9, 8 ],
    "faces": {
        "down":  { "uv": [ 0, 0, 16, 6 ], "texture": "#gold_block" },
        "up":    { "uv": [ 0, 0, 16, 7 ], "texture": "#gold_block" },
        "north": { "uv": [ 0, 0, 16, 7 ], "texture": "#gold_block" },
        "south": { "uv": [ 0, 0, 16, 6.5 ], "texture": "#gold_block" },
        "west":  { "uv": [ 0, 0, 16, 6.5 ], "texture": "#gold_block" },
        "east":  { "uv": [ 0, 0, 16, 7.5 ], "texture": "#gold_block" }
    }
},
{
    "from": [ 7.9, 4.1, 7.6 ],
    "to": [ 8.1, 4.3, 8 ],
    "faces": {
        "down":  { "uv": [ 0, 0, 16, 16 ], "texture": "#gold_block" },
        "up":    { "uv": [ 0, 0, 16, 16 ], "texture": "#gold_block" },
        "north": { "uv": [ 0, 0, 16, 16 ], "texture": "#gold_block" },
        "south": { "uv": [ 0, 0, 16, 16 ], "texture": "#gold_block" },
        "west":  { "uv": [ 0, 0, 16, 16 ], "texture": "#gold_block" },
        "east":  { "uv": [ 0, 0, 16, 16 ], "texture": "#gold_block" }
    }
},
{
    "from": [ 8.3, 4.1, 7.6 ],
    "to": [ 8.5, 4.3, 8 ],
    "faces": {
        "down":  { "uv": [ 0, 0, 16, 16 ], "texture": "#gold_block" },
        "up":    { "uv": [ 0, 0, 16, 16 ], "texture": "#gold_block" },
        "north": { "uv": [ 0, 0, 16, 16 ], "texture": "#gold_block" },
        "south": { "uv": [ 0, 0, 16, 16 ], "texture": "#gold_block" },
        "west":  { "uv": [ 0, 0, 16, 16 ], "texture": "#gold_block" },
        "east":  { "uv": [ 0, 0, 16, 16 ], "texture": "#gold_block" }
    }
},
{
    "from": [ 7.6, 3.2, 7.6 ],
    "to": [ 8.8, 3.3, 8 ],
    "faces": {
        "down":  { "uv": [ 0, 8, 16, 16 ], "texture": "#gold_block" },
        "up":    { "uv": [ 0, 8, 16, 16 ], "texture": "#gold_block" },
        "north": { "uv": [ 0, 10, 16, 16 ], "texture": "#gold_block" },
        "south": { "uv": [ 0, 10, 16, 16 ], "texture": "#gold_block" },
        "west":  { "uv": [ 0, 8.5, 16, 16 ], "texture": "#gold_block" },
        "east":  { "uv": [ 0, 9, 16, 16 ], "texture": "#gold_block" }
    }
},
{
    "from": [ 8.5, 1.2, 7.7 ],
    "to": [ 8.6, 1.5, 7.9 ],
    "faces": {
        "down":  { "uv": [ 0, 0, 16, 16 ], "texture": "#gold_block" },
        "up":    { "uv": [ 0, 0, 16, 16 ], "texture": "#gold_block" },
        "north": { "uv": [ 0, 0, 16, 16 ], "texture": "#gold_block" },
        "south": { "uv": [ 0, 0, 16, 16 ], "texture": "#gold_block" },
        "west":  { "uv": [ 0, 0, 16, 16 ], "texture": "#gold_block" },
        "east":  { "uv": [ 0, 0, 16, 16 ], "texture": "#gold_block" }
    }
}
],
"display": {
    "thirdperson_righthand": {
        "rotation": [ 180, 64, 0 ],
        "translation": [ 0.38, -4.54, 0 ],
        "scale": [ 1, 1, 1 ]
    },
    "thirdperson_lefthand": {
        "rotation": [ 180, 64, 0 ],
        "translation": [ 0.38, -4.54, 0 ],
        "scale": [ 1, 1, 1 ]
    },
    "ground": {
        "rotation": [ 0, 0, 0 ],
        "translation": [ 0, 10.2, 0 ],
        "scale": [ 1, 1, 1 ]
    },
    "firstperson_righthand": {
        "rotation": [ 160, 40, -14 ],
        "translation": [ 0, -3.02, 0 ],
        "scale": [ 1, 1, 1 ]
    },
    "firstperson_lefthand": {
        "rotation": [ 160, 40, -14 ],
        "translation": [ 0, -3.02, 0 ],
        "scale": [ 1, 1, 1 ]
    },
    "gui": {
        "rotation": [ 0, 0, -45 ],
        "translation": [ 6.8, 6.8, 0 ],
        "scale": [ 2, 2, 2 ]
    }
}
}