{
"__comment": "Designed in the where Naoxia with PRO 0.9999",
"textures": {
    "texture": "items/No0012",
    "No0002": "items/No0002",
    "No0024": "items/No0024",
    "No0012": "items/No0012",
    "No0034": "items/No0034",
    "No0102": "items/No0102",
    "No0201": "items/No0201",
    "No0072": "items/No0072",
    "No0122": "items/No0122",
    "No0192": "items/No0192"
},
"elements": [ 
{
    "from": [ 4, 3.5, 4 ],
    "to": [ 12, 10.5, 11.5 ],
    "faces": {
        "down":  { "uv": [ 0, 0, 16, 12 ], "texture": "#No0034" },
        "up":    { "uv": [ 1, 2.5, 14, 13.5 ], "texture": "#No0012" },
        "north": { "uv": [ 4.5, 3.5, 16, 16 ], "texture": "#No0002" },
        "south": { "uv": [ 0, 5, 7.5, 13 ], "texture": "#No0102" },
        "west":  { "uv": [ 0.5, 5, 13.5, 16 ], "texture": "#No0024" },
        "east":  { "uv": [ 0, 0, 10, 16 ], "texture": "#No0201", "cullface": "east" }
    }
},
{
    "from": [ 7, 4, 5.5 ],
    "to": [ 11, 8, 8.5 ],
    "faces": {
        "down":  { "uv": [ 0, 0, 13, 12 ], "texture": "#No0122" },
        "up":    { "uv": [ 4.5, 3, 16, 16 ], "texture": "#No0192" },
        "north": { "uv": [ 2, 3, 16, 16 ], "texture": "#No0122" },
        "south": { "uv": [ 0, 0, 13.5, 14 ], "texture": "#No0122" },
        "west":  { "uv": [ 0, 0, 8.5, 11 ], "texture": "#No0192" },
        "east":  { "uv": [ 4.5, 0, 16, 11.5 ], "texture": "#No0192" }
    }
},
{
    "from": [ 5, 9.9375, 4 ],
    "to": [ 12, 10, 11 ],
    "faces": {
        "down":  { "uv": [ 11, 11, 4, 4 ], "texture": "#No0072" }
    }
},
{
    "from": [ 4.5, 3, 4 ],
    "to": [ 11.5, 10, 11 ],
    "faces": {
        "down":  { "uv": [ 14, 11, 10.5, 4.5 ], "texture": "#No0072" },
        "north": { "uv": [ 4.5, 6.5, 8, 13 ], "texture": "#No0072" },
        "south": { "uv": [ 4.5, 2.5, 7, 10.5 ], "texture": "#No0072" },
        "west":  { "uv": [ 4.5, 6, 11.5, 13 ], "texture": "#No0072" },
        "east":  { "uv": [ 6, 3.5, 9.5, 11.5 ], "texture": "#No0072" }
    }
}
],
"display": {
    "thirdperson_righthand": {
        "rotation": [ 0, -72, 0 ],
        "translation": [ 0, 0, 0 ],
        "scale": [ 1, 1, 1 ]
    },
    "thirdperson_lefthand": {
        "rotation": [ 0, -72, 0 ],
        "translation": [ 0, 0, 0 ],
        "scale": [ 1, 1, 1 ]
    },
    "head": {
        "rotation": [ 0, 0, 0 ],
        "translation": [ 0, 0, 0 ],
        "scale": [ 1, 1, 1 ]
    },
    "ground": {
        "rotation": [ -98, 0, 0 ],
        "translation": [ 0, 0, 0 ],
        "scale": [ 0.3, 0.3, 0.3 ]
    },
    "fixed": {
        "rotation": [ 132, 156, 26 ],
        "translation": [ 0, 3.21, 2.65 ],
        "scale": [ 1, 1, 1 ]
    },
    "firstperson_righthand": {
        "rotation": [ 0, 0, 0 ],
        "translation": [ 0, 0, 0 ],
        "scale": [ 1, 1, 1 ]
    },
    "firstperson_lefthand": {
        "rotation": [ 0, 0, 0 ],
        "translation": [ 0, 0, 0 ],
        "scale": [ 1, 1, 1 ]
    },
    "gui": {
        "rotation": [ 89, 41, 64 ],
        "translation": [ 0, 0, 0 ],
        "scale": [ 1, 1, 1 ]
    }
}
}