{
"__comment": "Designed in the where Flashtt with BDcraft Cubik PRO 0.9999",
"textures": {
    "iron_block": "blocks/iron_block",
    "gold_block": "blocks/gold_block",
    "emerald_block": "blocks/emerald_block",
    "diamond_block": "blocks/diamond_block",
    "planks_big_oak": "blocks/planks_big_oak",
    "fence_oak": "blocks/door_spruce_lower"
},
"elements": [ 
{
    "__comment": "box_Topside",
    "from": [ 14.5, 6.5, 4 ],
    "to": [ 15.5, 9.25, 13 ],
    "faces": {
        "down":  { "uv": [ 12, 12, 16, 16 ], "rotation": 90, "texture": "#fence_oak" },
        "up":    { "uv": [ 12, 12, 16, 16 ], "rotation": 90, "texture": "#fence_oak" },
        "west":  { "uv": [ 16, 8, 10, 5 ], "rotation": 180, "texture": "#fence_oak" },
        "east":  { "uv": [ 0, 5, 6, 8 ], "texture": "#fence_oak" }
    }
},
{
    "__comment": "box_Topside",
    "from": [ 14.5, 6.25, 12.5 ],
    "to": [ 16, 8.25, 14 ],
    "rotation": { "origin": [ 14.5, 8.25, 12.5 ], "axis": "x", "angle": -22.5 },
    "faces": {
        "up":    { "uv": [ 2.5, 2.5, 4, 4 ], "texture": "#gold_block" },
        "north": { "uv": [ 3, 4.5, 4.5, 11.5 ], "texture": "#gold_block" },
        "south": { "uv": [ 11.5, 4.5, 13, 11.5 ], "texture": "#gold_block" },
        "west":  { "uv": [ 2.5, 4, 4, 11 ], "texture": "#gold_block" },
        "east":  { "uv": [ 12, 4.5, 13.5, 11.5 ], "texture": "#gold_block" }
    }
},
{
    "__comment": "box_Topside",
    "from": [ 14.5, 7.25, 11.5 ],
    "to": [ 16, 9.25, 13 ],
    "rotation": { "origin": [ 14.5, 9.25, 11.5 ], "axis": "x", "angle": -45 },
    "faces": {
        "up":    { "uv": [ 2.5, 2.5, 4, 4 ], "texture": "#gold_block" },
        "north": { "uv": [ 3, 4.5, 4.5, 11.5 ], "texture": "#gold_block" },
        "south": { "uv": [ 11.5, 4.5, 13, 11.5 ], "texture": "#gold_block" },
        "west":  { "uv": [ 2.5, 4, 4, 11 ], "texture": "#gold_block" },
        "east":  { "uv": [ 12, 4.5, 13.5, 11.5 ], "texture": "#gold_block" }
    }
},
{
    "__comment": "box_Topside",
    "from": [ 14.5, 9, 4.75 ],
    "to": [ 16, 10.5, 12.5 ],
    "faces": {
        "up":    { "uv": [ 10.5, 3.5, 12, 12 ], "texture": "#gold_block" },
        "north": { "uv": [ 3.5, 6.5, 5, 8 ], "texture": "#gold_block" },
        "south": { "uv": [ 6, 5.5, 7.5, 7 ], "texture": "#gold_block" },
        "west":  { "uv": [ 3.5, 11, 12, 12.5 ], "texture": "#gold_block" },
        "east":  { "uv": [ 3.5, 3.5, 12, 5 ], "texture": "#gold_block" }
    }
},
{
    "__comment": "box_Topside",
    "from": [ 14.5, 8.5, 4.75 ],
    "to": [ 16, 10.5, 6.25 ],
    "rotation": { "origin": [ 14.5, 10.5, 4.75 ], "axis": "x", "angle": 45 },
    "faces": {
        "up":    { "uv": [ 2.5, 2.5, 4, 4 ], "texture": "#gold_block" },
        "north": { "uv": [ 3, 4.5, 4.5, 11.5 ], "texture": "#gold_block" },
        "south": { "uv": [ 11.5, 4.5, 13, 11.5 ], "texture": "#gold_block" },
        "west":  { "uv": [ 2.5, 4, 4, 11 ], "texture": "#gold_block" },
        "east":  { "uv": [ 12, 4.5, 13.5, 11.5 ], "texture": "#gold_block" }
    }
},
{
    "__comment": "box_Topside",
    "from": [ 14.5, 7, 3.25 ],
    "to": [ 16, 9, 4.75 ],
    "rotation": { "origin": [ 14.5, 9, 3.25 ], "axis": "x", "angle": 22.5 },
    "faces": {
        "up":    { "uv": [ 2.5, 2.5, 4, 4 ], "texture": "#gold_block" },
        "north": { "uv": [ 3, 4.5, 4.5, 11.5 ], "texture": "#gold_block" },
        "south": { "uv": [ 11.5, 4.5, 13, 11.5 ], "texture": "#gold_block" },
        "west":  { "uv": [ 2.5, 4, 4, 11 ], "texture": "#gold_block" },
        "east":  { "uv": [ 12, 4.5, 13.5, 11.5 ], "texture": "#gold_block" }
    }
},
{
    "__comment": "box_Topside",
    "from": [ 0.5, 6.25, 4 ],
    "to": [ 1.5, 9, 13 ],
    "faces": {
        "down":  { "uv": [ 12, 12, 16, 16 ], "rotation": 90, "texture": "#fence_oak" },
        "up":    { "uv": [ 12, 12, 16, 16 ], "rotation": 90, "texture": "#fence_oak" },
        "west":  { "uv": [ 16, 8, 10, 5 ], "rotation": 180, "texture": "#fence_oak" },
        "east":  { "uv": [ 0, 5, 6, 8 ], "texture": "#fence_oak" }
    }
},
{
    "__comment": "box_Topside",
    "from": [ 0, 6.25, 12.5 ],
    "to": [ 1.5, 8.25, 14 ],
    "rotation": { "origin": [ 0, 8.25, 12.5 ], "axis": "x", "angle": -22.5 },
    "faces": {
        "up":    { "uv": [ 2.5, 2.5, 4, 4 ], "texture": "#gold_block" },
        "north": { "uv": [ 3, 4.5, 4.5, 11.5 ], "texture": "#gold_block" },
        "south": { "uv": [ 11.5, 4.5, 13, 11.5 ], "texture": "#gold_block" },
        "west":  { "uv": [ 2.5, 4, 4, 11 ], "texture": "#gold_block" },
        "east":  { "uv": [ 12, 4.5, 13.5, 11.5 ], "texture": "#gold_block" }
    }
},
{
    "__comment": "box_Topside",
    "from": [ 0, 7.25, 11.5 ],
    "to": [ 1.5, 9.25, 13 ],
    "rotation": { "origin": [ 0, 9.25, 11.5 ], "axis": "x", "angle": -45 },
    "faces": {
        "up":    { "uv": [ 2.5, 2.5, 4, 4 ], "texture": "#gold_block" },
        "north": { "uv": [ 3, 4.5, 4.5, 11.5 ], "texture": "#gold_block" },
        "south": { "uv": [ 11.5, 4.5, 13, 11.5 ], "texture": "#gold_block" },
        "west":  { "uv": [ 2.5, 4, 4, 11 ], "texture": "#gold_block" },
        "east":  { "uv": [ 12, 4.5, 13.5, 11.5 ], "texture": "#gold_block" }
    }
},
{
    "__comment": "box_Topside",
    "from": [ 0, 9, 4.75 ],
    "to": [ 1.5, 10.5, 12.5 ],
    "faces": {
        "up":    { "uv": [ 10.5, 3.5, 12, 12 ], "texture": "#gold_block" },
        "north": { "uv": [ 3.5, 6.5, 5, 8 ], "texture": "#gold_block" },
        "south": { "uv": [ 6, 5.5, 7.5, 7 ], "texture": "#gold_block" },
        "west":  { "uv": [ 3.5, 11, 12, 12.5 ], "texture": "#gold_block" },
        "east":  { "uv": [ 3.5, 3.5, 12, 5 ], "texture": "#gold_block" }
    }
},
{
    "__comment": "box_Topside",
    "from": [ 0, 8.5, 4.75 ],
    "to": [ 1.5, 10.5, 6.25 ],
    "rotation": { "origin": [ 0, 10.5, 4.75 ], "axis": "x", "angle": 45 },
    "faces": {
        "up":    { "uv": [ 2.5, 2.5, 4, 4 ], "texture": "#gold_block" },
        "north": { "uv": [ 3, 4.5, 4.5, 11.5 ], "texture": "#gold_block" },
        "south": { "uv": [ 11.5, 4.5, 13, 11.5 ], "texture": "#gold_block" },
        "west":  { "uv": [ 2.5, 4, 4, 11 ], "texture": "#gold_block" },
        "east":  { "uv": [ 12, 4.5, 13.5, 11.5 ], "texture": "#gold_block" }
    }
},
{
    "__comment": "box_Topside",
    "from": [ 0, 7, 3.25 ],
    "to": [ 1.5, 9, 4.75 ],
    "rotation": { "origin": [ 0, 9, 3.25 ], "axis": "x", "angle": 22.5 },
    "faces": {
        "up":    { "uv": [ 2.5, 2.5, 4, 4 ], "texture": "#gold_block" },
        "north": { "uv": [ 3, 4.5, 4.5, 11.5 ], "texture": "#gold_block" },
        "south": { "uv": [ 11.5, 4.5, 13, 11.5 ], "texture": "#gold_block" },
        "west":  { "uv": [ 2.5, 4, 4, 11 ], "texture": "#gold_block" },
        "east":  { "uv": [ 12, 4.5, 13.5, 11.5 ], "texture": "#gold_block" }
    }
},
{
    "__comment": "box_Topside*",
    "from": [ 1.5, 9.25, 4.75 ],
    "to": [ 14.5, 10.25, 8.25 ],
    "faces": {
        "down":  { "uv": [ 0, 5, 6, 8 ], "texture": "#fence_oak" },
        "up":    { "uv": [ 16, 8, 10, 5 ], "texture": "#fence_oak" },
        "north": { "uv": [ 12, 12, 16, 16 ], "rotation": 180, "texture": "#fence_oak" },
        "south": { "uv": [ 12, 12, 16, 16 ], "rotation": 180, "texture": "#fence_oak" }
    }
},
{
    "__comment": "box_Topside*",
    "from": [ 1.5, 6.5, 3.5 ],
    "to": [ 14.5, 8.75, 4.5 ],
    "rotation": { "origin": [ 1.5, 8.75, 3.5 ], "axis": "x", "angle": 22.5 },
    "faces": {
        "down":  { "uv": [ 12, 12, 16, 16 ], "texture": "#fence_oak" },
        "up":    { "uv": [ 12, 12, 16, 16 ], "rotation": 180, "texture": "#fence_oak" },
        "north": { "uv": [ 16, 8, 10, 5 ], "rotation": 180, "texture": "#fence_oak" },
        "south": { "uv": [ 0, 5, 6, 8 ], "texture": "#fence_oak" }
    }
},
{
    "__comment": "box_Topside*",
    "from": [ 1.5, 7.75, 5 ],
    "to": [ 14.5, 10.25, 6 ],
    "rotation": { "origin": [ 1.5, 10.25, 5 ], "axis": "x", "angle": 45 },
    "faces": {
        "down":  { "uv": [ 12, 12, 16, 16 ], "texture": "#fence_oak" },
        "up":    { "uv": [ 12, 12, 16, 16 ], "rotation": 180, "texture": "#fence_oak" },
        "north": { "uv": [ 16, 8, 10, 5 ], "rotation": 180, "texture": "#fence_oak" },
        "south": { "uv": [ 0, 5, 6, 8 ], "texture": "#fence_oak" }
    }
},
{
    "__comment": "box_Topside*",
    "from": [ 1.5, 6.5, 12.5 ],
    "to": [ 14.5, 9, 13.5 ],
    "rotation": { "origin": [ 1.5, 9, 12.5 ], "axis": "x", "angle": -22.5 },
    "faces": {
        "down":  { "uv": [ 12, 12, 16, 16 ], "texture": "#fence_oak" },
        "up":    { "uv": [ 12, 12, 16, 16 ], "rotation": 180, "texture": "#fence_oak" },
        "north": { "uv": [ 16, 8, 10, 5 ], "rotation": 180, "texture": "#fence_oak" },
        "south": { "uv": [ 0, 5, 6, 8 ], "texture": "#fence_oak" }
    }
},
{
    "__comment": "box_Topside*",
    "from": [ 1.5, 7.25, 11.25 ],
    "to": [ 14.5, 9.75, 12.25 ],
    "rotation": { "origin": [ 1.5, 9.75, 11.25 ], "axis": "x", "angle": -45 },
    "faces": {
        "down":  { "uv": [ 12, 12, 16, 16 ], "texture": "#fence_oak" },
        "up":    { "uv": [ 12, 12, 16, 16 ], "rotation": 180, "texture": "#fence_oak" },
        "north": { "uv": [ 16, 8, 10, 5 ], "rotation": 180, "texture": "#fence_oak" },
        "south": { "uv": [ 0, 5, 6, 8 ], "texture": "#fence_oak" }
    }
},
{
    "__comment": "box_Topside*",
    "from": [ 1.5, 9.25, 8.25 ],
    "to": [ 14.5, 10.25, 12.25 ],
    "faces": {
        "down":  { "uv": [ 0, 5, 6, 8 ], "texture": "#fence_oak" },
        "up":    { "uv": [ 16, 8, 10, 5 ], "texture": "#fence_oak" },
        "north": { "uv": [ 12, 12, 16, 16 ], "rotation": 180, "texture": "#fence_oak" },
        "south": { "uv": [ 12, 12, 16, 16 ], "rotation": 180, "texture": "#fence_oak" }
    }
},
{
    "__comment": "box_Topside*",
    "from": [ 1.5, 6, 13.5 ],
    "to": [ 14.5, 7, 14.5 ],
    "faces": {
        "down":  { "uv": [ 1, 9.5, 14, 10.5 ], "texture": "#gold_block" },
        "north": { "uv": [ 1.5, 9, 14.5, 10 ], "texture": "#gold_block" },
        "south": { "uv": [ 1.5, 9, 14.5, 10 ], "texture": "#gold_block" },
        "west":  { "uv": [ 8, 9, 9, 10 ], "texture": "#gold_block" },
        "east":  { "uv": [ 3.5, 6.5, 4.5, 7.5 ], "texture": "#gold_block" }
    }
},
{
    "__comment": "box_Topside*",
    "from": [ 6.5, 3, 14 ],
    "to": [ 9.5, 6, 15 ],
    "faces": {
        "down":  { "uv": [ 1, 9.5, 14, 10.5 ], "texture": "#gold_block" },
        "up":    { "uv": [ 1.5, 13.5, 14.5, 14.5 ], "texture": "#gold_block" },
        "north": { "uv": [ 1.5, 9, 14.5, 10 ], "texture": "#gold_block" },
        "west":  { "uv": [ 8, 9, 9, 10 ], "texture": "#gold_block" },
        "east":  { "uv": [ 3.5, 6.5, 4.5, 7.5 ], "texture": "#gold_block" }
    }
},
{
    "__comment": "box_Topside*",
    "from": [ 6.5, 5.75, 14.75 ],
    "to": [ 9.5, 6, 15 ],
    "faces": {
        "south": { "uv": [ 1.5, 1.5, 15, 3 ], "texture": "#gold_block" }
    }
},
{
    "__comment": "box_Topside*",
    "from": [ 7.35, 3.25, 14.75 ],
    "to": [ 8.6, 4.5, 15 ],
    "faces": {
        "south": { "uv": [ 1.5, 9, 14.5, 10 ], "texture": "#planks_big_oak" }
    }
},
{
    "__comment": "box_Topside*",
    "from": [ 7.75, 4.5, 14.75 ],
    "to": [ 8.25, 5.75, 15 ],
    "faces": {
        "south": { "uv": [ 1.5, 9, 14.5, 10 ], "texture": "#planks_big_oak" }
    }
},
{
    "__comment": "box_Topside*",
    "from": [ 6.5, 3, 14.75 ],
    "to": [ 9.5, 3.25, 15 ],
    "faces": {
        "south": { "uv": [ 1.5, 12.5, 14.5, 15 ], "texture": "#gold_block" }
    }
},
{
    "__comment": "box_Topside*",
    "from": [ 8.25, 4.5, 14.75 ],
    "to": [ 9.5, 5.75, 15 ],
    "faces": {
        "south": { "uv": [ 3.5, 3.5, 15, 9 ], "texture": "#gold_block" }
    }
},
{
    "__comment": "box_Topside*",
    "from": [ 6.5, 4.5, 14.75 ],
    "to": [ 7.75, 5.75, 15 ],
    "faces": {
        "south": { "uv": [ 1.5, 3.5, 12, 7.5 ], "texture": "#gold_block" }
    }
},
{
    "__comment": "box_Topside*",
    "from": [ 8.625, 3.25, 14.75 ],
    "to": [ 9.5, 4.5, 15 ],
    "faces": {
        "south": { "uv": [ 7, 7.5, 15, 12.5 ], "texture": "#gold_block" }
    }
},
{
    "__comment": "box_Topside*",
    "from": [ 6.5, 3.25, 14.75 ],
    "to": [ 7.375, 4.5, 15 ],
    "faces": {
        "south": { "uv": [ 1, 8.5, 10.5, 12.5 ], "texture": "#gold_block" }
    }
}
],
"display": {
    "thirdperson_righthand": {
        "rotation": [ 180, 64, 0 ],
        "translation": [ 0.38, -4.54, 0 ],
        "scale": [ 1, 1, 1 ]
    },
    "thirdperson_lefthand": {
        "rotation": [ 180, 180, 9 ],
        "translation": [ -8.13, -9.64, 2.46 ],
        "scale": [ 1, 1, 1 ]
    },
    "head": {
        "rotation": [ 0, 180, 0 ],
        "translation": [ 0, -30, 0 ],
        "scale": [ 1.5, 1.5, 1.5 ]
    },
    "ground": {
        "rotation": [ 0, 0, 0 ],
        "translation": [ 0, 10.2, 0 ],
        "scale": [ 1, 1, 1 ]
    },
    "firstperson_righthand": {
        "rotation": [ -44, -67, -14 ],
        "translation": [ 0.19, 4.34, 0 ],
        "scale": [ 0.5, 0.5, 0.5 ]
    },
    "firstperson_lefthand": {
        "rotation": [ -51, -67, -14 ],
        "translation": [ 0.19, 4.34, 0 ],
        "scale": [ 0.5, 0.5, 0.5 ]
    },
    "gui": {
        "rotation": [ 30, -26, 0 ],
        "translation": [ 0.19, 2.65, -1.51 ],
        "scale": [ 0.8, 0.8, 0.8 ]
    }
}
}